ISO-10303-21;
HEADER;
/* Generated by software containing ST-Developer
 * from STEP Tools, Inc. (www.steptools.com) 
 */
/* OPTION: using custom renumber hook */

FILE_DESCRIPTION(
/* description */ ('STEP AP242 Edition 2',
'CAx-IF Rec.Pracs.---Representation and Presentation of Product Manufa
cturing Information (PMI)---4.0---2014-10-13',
'CAx-IF Rec.Pracs.---3D Tessellated Geometry---0.4---2014-09-14','2;1',
'CAx-IF Rec.Pracs.---User Defined Attributes---1.5---2016-08-15'),
/* implementation_level */ '2;1');

FILE_NAME(
/* name */ 'Part Studio 1',
/* time_stamp */ '2026-05-08T05:53:05Z',
/* author */ (''),
/* organization */ (''),
/* preprocessor_version */ 'ST-DEVELOPER v20',
/* originating_system */ 'ONSHAPE BY PTC INC, 1.214',
/* authorisation */ '  ');

FILE_SCHEMA (('AP242_MANAGED_MODEL_BASED_3D_ENGINEERING_MIM_LF { 1 0 10303 442 3 1 4 }'));
ENDSEC;

DATA;
#10=MANIFOLD_SURFACE_SHAPE_REPRESENTATION('',(#23),#8584);
#11=MANIFOLD_SURFACE_SHAPE_REPRESENTATION('',(#24),#8586);
#12=VERTEX_LOOP('',#2326);
#13=VERTEX_LOOP('',#2394);
#14=DEGENERATE_TOROIDAL_SURFACE('',#5172,0.000128272692038482,0.0147361981370326,
 .T.);
#15=DEGENERATE_TOROIDAL_SURFACE('',#5260,0.000128272692038482,0.0147361981370326,
 .T.);
#16=B_SPLINE_SURFACE_WITH_KNOTS('',3,3,((#7516,#7517,#7518,#7519,#7520,
#7521,#7522,#7523,#7524,#7525,#7526,#7527,#7528,#7529,#7530,#7531,#7532,
#7533,#7534),(#7535,#7536,#7537,#7538,#7539,#7540,#7541,#7542,#7543,#7544,
#7545,#7546,#7547,#7548,#7549,#7550,#7551,#7552,#7553),(#7554,#7555,#7556,
#7557,#7558,#7559,#7560,#7561,#7562,#7563,#7564,#7565,#7566,#7567,#7568,
#7569,#7570,#7571,#7572),(#7573,#7574,#7575,#7576,#7577,#7578,#7579,#7580,
#7581,#7582,#7583,#7584,#7585,#7586,#7587,#7588,#7589,#7590,#7591),(#7592,
#7593,#7594,#7595,#7596,#7597,#7598,#7599,#7600,#7601,#7602,#7603,#7604,
#7605,#7606,#7607,#7608,#7609,#7610)),.UNSPECIFIED.,.F.,.T.,.F.,(4,1,4),
(1,1,1,1,1,1,1,1,1,1,1,1,1,1,1,1,1,1,1,1,1,1,1),(0.,0.5,1.),(-1.17809724509617,
-0.785398163397448,-0.392699081698725,0.,0.392699081698724,0.785398163397448,
1.17809724509617,1.5707963267949,1.96349540849362,2.35619449019234,2.74889357189107,
3.14159265358979,3.53429173528852,3.92699081698724,4.31968989868597,4.71238898038469,
5.10508806208341,5.49778714378214,5.89048622548086,6.28318530717959,6.67588438887831,
7.06858347057703,7.46128255227576),.UNSPECIFIED.);
#17=B_SPLINE_SURFACE_WITH_KNOTS('',3,3,((#7862,#7863,#7864,#7865,#7866,
#7867,#7868,#7869,#7870,#7871,#7872,#7873,#7874,#7875,#7876,#7877,#7878,
#7879,#7880),(#7881,#7882,#7883,#7884,#7885,#7886,#7887,#7888,#7889,#7890,
#7891,#7892,#7893,#7894,#7895,#7896,#7897,#7898,#7899),(#7900,#7901,#7902,
#7903,#7904,#7905,#7906,#7907,#7908,#7909,#7910,#7911,#7912,#7913,#7914,
#7915,#7916,#7917,#7918),(#7919,#7920,#7921,#7922,#7923,#7924,#7925,#7926,
#7927,#7928,#7929,#7930,#7931,#7932,#7933,#7934,#7935,#7936,#7937),(#7938,
#7939,#7940,#7941,#7942,#7943,#7944,#7945,#7946,#7947,#7948,#7949,#7950,
#7951,#7952,#7953,#7954,#7955,#7956)),.UNSPECIFIED.,.F.,.T.,.F.,(4,1,4),
(1,1,1,1,1,1,1,1,1,1,1,1,1,1,1,1,1,1,1,1,1,1,1),(0.,0.5,1.),(-1.17809724509617,
-0.785398163397448,-0.392699081698725,0.,0.392699081698724,0.785398163397448,
1.17809724509617,1.5707963267949,1.96349540849362,2.35619449019234,2.74889357189107,
3.14159265358979,3.53429173528852,3.92699081698724,4.31968989868597,4.71238898038469,
5.10508806208341,5.49778714378214,5.89048622548086,6.28318530717959,6.67588438887831,
7.06858347057703,7.46128255227576),.UNSPECIFIED.);
#18=B_SPLINE_SURFACE_WITH_KNOTS('',3,3,((#8093,#8094,#8095,#8096,#8097,
#8098,#8099,#8100,#8101,#8102,#8103,#8104,#8105,#8106,#8107,#8108,#8109,
#8110,#8111),(#8112,#8113,#8114,#8115,#8116,#8117,#8118,#8119,#8120,#8121,
#8122,#8123,#8124,#8125,#8126,#8127,#8128,#8129,#8130),(#8131,#8132,#8133,
#8134,#8135,#8136,#8137,#8138,#8139,#8140,#8141,#8142,#8143,#8144,#8145,
#8146,#8147,#8148,#8149),(#8150,#8151,#8152,#8153,#8154,#8155,#8156,#8157,
#8158,#8159,#8160,#8161,#8162,#8163,#8164,#8165,#8166,#8167,#8168),(#8169,
#8170,#8171,#8172,#8173,#8174,#8175,#8176,#8177,#8178,#8179,#8180,#8181,
#8182,#8183,#8184,#8185,#8186,#8187),(#8188,#8189,#8190,#8191,#8192,#8193,
#8194,#8195,#8196,#8197,#8198,#8199,#8200,#8201,#8202,#8203,#8204,#8205,
#8206),(#8207,#8208,#8209,#8210,#8211,#8212,#8213,#8214,#8215,#8216,#8217,
#8218,#8219,#8220,#8221,#8222,#8223,#8224,#8225),(#8226,#8227,#8228,#8229,
#8230,#8231,#8232,#8233,#8234,#8235,#8236,#8237,#8238,#8239,#8240,#8241,
#8242,#8243,#8244),(#8245,#8246,#8247,#8248,#8249,#8250,#8251,#8252,#8253,
#8254,#8255,#8256,#8257,#8258,#8259,#8260,#8261,#8262,#8263)),
 .UNSPECIFIED.,.F.,.T.,.F.,(4,1,1,1,1,1,4),(1,1,1,1,1,1,1,1,1,1,1,1,1,1,
1,1,1,1,1,1,1,1,1),(-1.,-0.75,-0.625,-0.5,-0.375,-0.25,0.),(-1.17809724509617,
-0.785398163397448,-0.392699081698725,0.,0.392699081698724,0.785398163397448,
1.17809724509617,1.5707963267949,1.96349540849362,2.35619449019234,2.74889357189107,
3.14159265358979,3.53429173528852,3.92699081698724,4.31968989868597,4.71238898038469,
5.10508806208341,5.49778714378214,5.89048622548086,6.28318530717959,6.67588438887831,
7.06858347057703,7.46128255227576),.UNSPECIFIED.);
#19=B_SPLINE_SURFACE_WITH_KNOTS('',3,3,((#8385,#8386,#8387,#8388,#8389,
#8390,#8391,#8392,#8393,#8394,#8395,#8396,#8397,#8398,#8399,#8400,#8401,
#8402,#8403),(#8404,#8405,#8406,#8407,#8408,#8409,#8410,#8411,#8412,#8413,
#8414,#8415,#8416,#8417,#8418,#8419,#8420,#8421,#8422),(#8423,#8424,#8425,
#8426,#8427,#8428,#8429,#8430,#8431,#8432,#8433,#8434,#8435,#8436,#8437,
#8438,#8439,#8440,#8441),(#8442,#8443,#8444,#8445,#8446,#8447,#8448,#8449,
#8450,#8451,#8452,#8453,#8454,#8455,#8456,#8457,#8458,#8459,#8460),(#8461,
#8462,#8463,#8464,#8465,#8466,#8467,#8468,#8469,#8470,#8471,#8472,#8473,
#8474,#8475,#8476,#8477,#8478,#8479),(#8480,#8481,#8482,#8483,#8484,#8485,
#8486,#8487,#8488,#8489,#8490,#8491,#8492,#8493,#8494,#8495,#8496,#8497,
#8498),(#8499,#8500,#8501,#8502,#8503,#8504,#8505,#8506,#8507,#8508,#8509,
#8510,#8511,#8512,#8513,#8514,#8515,#8516,#8517),(#8518,#8519,#8520,#8521,
#8522,#8523,#8524,#8525,#8526,#8527,#8528,#8529,#8530,#8531,#8532,#8533,
#8534,#8535,#8536),(#8537,#8538,#8539,#8540,#8541,#8542,#8543,#8544,#8545,
#8546,#8547,#8548,#8549,#8550,#8551,#8552,#8553,#8554,#8555)),
 .UNSPECIFIED.,.F.,.T.,.F.,(4,1,1,1,1,1,4),(1,1,1,1,1,1,1,1,1,1,1,1,1,1,
1,1,1,1,1,1,1,1,1),(-0.99999999999997,-0.749999999999977,-0.624999999999981,
-0.499999999999985,-0.374999999999989,-0.249999999999992,0.),(-1.17809724509617,
-0.785398163397448,-0.392699081698725,0.,0.392699081698724,0.785398163397448,
1.17809724509617,1.5707963267949,1.96349540849362,2.35619449019234,2.74889357189107,
3.14159265358979,3.53429173528852,3.92699081698724,4.31968989868597,4.71238898038469,
5.10508806208341,5.49778714378214,5.89048622548086,6.28318530717959,6.67588438887831,
7.06858347057703,7.46128255227576),.UNSPECIFIED.);
#20=DRAUGHTING_PRE_DEFINED_COLOUR('black');
#21=OPEN_SHELL('',(#4196,#4197));
#22=OPEN_SHELL('',(#4241,#4242));
#23=SHELL_BASED_SURFACE_MODEL('CSS LD22 v3',(#21));
#24=SHELL_BASED_SURFACE_MODEL('CSS LD22 v3',(#22));
#25=TOROIDAL_SURFACE('',#5084,0.021,0.001);
#26=TOROIDAL_SURFACE('',#5085,0.051,0.001);
#27=TOROIDAL_SURFACE('',#5168,0.021,0.001);
#28=TOROIDAL_SURFACE('',#5169,0.051,0.001);
#29=TOROIDAL_SURFACE('',#5279,0.0135711504107958,0.00236897411448389);
#30=TOROIDAL_SURFACE('',#5290,0.00388640711996071,0.0005);
#31=TOROIDAL_SURFACE('',#5298,0.00388640711996071,0.0005);
#32=TOROIDAL_SURFACE('',#5306,0.00388640711996071,0.0005);
#33=TOROIDAL_SURFACE('',#5314,0.00388640711996071,0.0005);
#34=TOROIDAL_SURFACE('',#5322,0.00388640711996071,0.0005);
#35=TOROIDAL_SURFACE('',#5330,0.00388640711996071,0.0005);
#36=TOROIDAL_SURFACE('',#5358,0.0135711504107958,0.00236897411448389);
#37=TOROIDAL_SURFACE('',#5369,0.00388640711996071,0.0005);
#38=TOROIDAL_SURFACE('',#5377,0.00388640711996071,0.0005);
#39=TOROIDAL_SURFACE('',#5385,0.00388640711996071,0.0005);
#40=TOROIDAL_SURFACE('',#5393,0.00388640711996071,0.0005);
#41=TOROIDAL_SURFACE('',#5401,0.00388640711996071,0.0005);
#42=TOROIDAL_SURFACE('',#5409,0.00388640711996071,0.0005);
#43=B_SPLINE_CURVE_WITH_KNOTS('',3,(#6990,#6991,#6992,#6993),
 .UNSPECIFIED.,.F.,.F.,(4,4),(0.,1.),.UNSPECIFIED.);
#44=B_SPLINE_CURVE_WITH_KNOTS('',3,(#6995,#6996,#6997,#6998),
 .UNSPECIFIED.,.F.,.F.,(4,4),(0.,1.),.UNSPECIFIED.);
#45=B_SPLINE_CURVE_WITH_KNOTS('',3,(#7002,#7003,#7004,#7005),
 .UNSPECIFIED.,.F.,.F.,(4,4),(0.,1.),.UNSPECIFIED.);
#46=B_SPLINE_CURVE_WITH_KNOTS('',3,(#7011,#7012,#7013,#7014),
 .UNSPECIFIED.,.F.,.F.,(4,4),(0.,1.),.UNSPECIFIED.);
#47=B_SPLINE_CURVE_WITH_KNOTS('',3,(#7054,#7055,#7056,#7057),
 .UNSPECIFIED.,.F.,.F.,(4,4),(0.,1.),.UNSPECIFIED.);
#48=B_SPLINE_CURVE_WITH_KNOTS('',3,(#7059,#7060,#7061,#7062),
 .UNSPECIFIED.,.F.,.F.,(4,4),(0.,1.),.UNSPECIFIED.);
#49=B_SPLINE_CURVE_WITH_KNOTS('',3,(#7066,#7067,#7068,#7069),
 .UNSPECIFIED.,.F.,.F.,(4,4),(0.,1.),.UNSPECIFIED.);
#50=B_SPLINE_CURVE_WITH_KNOTS('',3,(#7075,#7076,#7077,#7078),
 .UNSPECIFIED.,.F.,.F.,(4,4),(0.,1.),.UNSPECIFIED.);
#51=B_SPLINE_CURVE_WITH_KNOTS('',3,(#7611,#7612,#7613,#7614,#7615,#7616,
#7617,#7618,#7619,#7620,#7621,#7622,#7623,#7624,#7625,#7626,#7627,#7628,
#7629),.UNSPECIFIED.,.T.,.F.,(1,1,1,1,1,1,1,1,1,1,1,1,1,1,1,1,1,1,1,1,1,
1,1),(-0.187500000000002,-0.125000000000002,-0.0625000000000018,-1.77635683940025E-15,
0.0624999999999982,0.124999999999998,0.187499999999998,0.249999999999998,
0.312499999999998,0.374999999999998,0.437499999999998,0.499999999999998,
0.562499999999998,0.624999999999998,0.687499999999998,0.749999999999998,
0.812499999999998,0.874999999999998,0.937499999999998,0.999999999999998,
1.0625,1.125,1.1875),.UNSPECIFIED.);
#52=B_SPLINE_CURVE_WITH_KNOTS('',3,(#7744,#7745,#7746,#7747),
 .UNSPECIFIED.,.F.,.F.,(4,4),(0.,1.),.UNSPECIFIED.);
#53=B_SPLINE_CURVE_WITH_KNOTS('',3,(#7749,#7750,#7751,#7752),
 .UNSPECIFIED.,.F.,.F.,(4,4),(0.,1.),.UNSPECIFIED.);
#54=B_SPLINE_CURVE_WITH_KNOTS('',3,(#7756,#7757,#7758,#7759),
 .UNSPECIFIED.,.F.,.F.,(4,4),(0.,1.),.UNSPECIFIED.);
#55=B_SPLINE_CURVE_WITH_KNOTS('',3,(#7765,#7766,#7767,#7768),
 .UNSPECIFIED.,.F.,.F.,(4,4),(0.,1.),.UNSPECIFIED.);
#56=B_SPLINE_CURVE_WITH_KNOTS('',3,(#7808,#7809,#7810,#7811),
 .UNSPECIFIED.,.F.,.F.,(4,4),(0.,1.),.UNSPECIFIED.);
#57=B_SPLINE_CURVE_WITH_KNOTS('',3,(#7813,#7814,#7815,#7816),
 .UNSPECIFIED.,.F.,.F.,(4,4),(0.,1.),.UNSPECIFIED.);
#58=B_SPLINE_CURVE_WITH_KNOTS('',3,(#7820,#7821,#7822,#7823),
 .UNSPECIFIED.,.F.,.F.,(4,4),(0.,1.),.UNSPECIFIED.);
#59=B_SPLINE_CURVE_WITH_KNOTS('',3,(#7829,#7830,#7831,#7832),
 .UNSPECIFIED.,.F.,.F.,(4,4),(0.,1.),.UNSPECIFIED.);
#60=B_SPLINE_CURVE_WITH_KNOTS('',3,(#7957,#7958,#7959,#7960,#7961,#7962,
#7963,#7964,#7965,#7966,#7967,#7968,#7969,#7970,#7971,#7972,#7973,#7974,
#7975),.UNSPECIFIED.,.T.,.F.,(1,1,1,1,1,1,1,1,1,1,1,1,1,1,1,1,1,1,1,1,1,
1,1),(-0.187500000000002,-0.125000000000002,-0.0625000000000018,-1.77635683940025E-15,
0.0624999999999982,0.124999999999998,0.187499999999998,0.249999999999998,
0.312499999999998,0.374999999999998,0.437499999999998,0.499999999999998,
0.562499999999998,0.624999999999998,0.687499999999998,0.749999999999998,
0.812499999999998,0.874999999999998,0.937499999999998,0.999999999999998,
1.0625,1.125,1.1875),.UNSPECIFIED.);
#61=CONICAL_SURFACE('',#4924,0.04366544,1.367627401524);
#62=CONICAL_SURFACE('',#4928,0.045438213,0.97314061233);
#63=CONICAL_SURFACE('',#4930,0.0245,0.463647609001);
#64=CONICAL_SURFACE('',#4938,0.046,0.905167709787999);
#65=CONICAL_SURFACE('',#5180,0.04366544,1.367627401524);
#66=CONICAL_SURFACE('',#5184,0.045438213,0.97314061233);
#67=CONICAL_SURFACE('',#5186,0.0245,0.463647609001);
#68=CONICAL_SURFACE('',#5194,0.046,0.905167709787999);
#69=CONICAL_SURFACE('',#5339,0.03685,0.785398163397444);
#70=CONICAL_SURFACE('',#5418,0.03685,0.785398163397444);
#71=SPHERICAL_SURFACE('',#4920,0.015701081395055);
#72=SPHERICAL_SURFACE('',#5043,0.001);
#73=SPHERICAL_SURFACE('',#5046,0.001);
#74=SPHERICAL_SURFACE('',#5063,0.001);
#75=SPHERICAL_SURFACE('',#5065,0.001);
#76=SPHERICAL_SURFACE('',#5067,0.001);
#77=SPHERICAL_SURFACE('',#5069,0.001);
#78=SPHERICAL_SURFACE('',#5079,0.001);
#79=SPHERICAL_SURFACE('',#5081,0.001);
#80=SPHERICAL_SURFACE('',#5127,0.001);
#81=SPHERICAL_SURFACE('',#5130,0.001);
#82=SPHERICAL_SURFACE('',#5147,0.001);
#83=SPHERICAL_SURFACE('',#5149,0.001);
#84=SPHERICAL_SURFACE('',#5151,0.001);
#85=SPHERICAL_SURFACE('',#5153,0.001);
#86=SPHERICAL_SURFACE('',#5163,0.001);
#87=SPHERICAL_SURFACE('',#5165,0.001);
#88=SPHERICAL_SURFACE('',#5176,0.015701081395055);
#89=SHAPE_REPRESENTATION_RELATIONSHIP('','',#4871,#101);
#90=SHAPE_REPRESENTATION_RELATIONSHIP('','',#4872,#102);
#91=SHAPE_REPRESENTATION_RELATIONSHIP('','',#4873,#103);
#92=SHAPE_REPRESENTATION_RELATIONSHIP('','',#4874,#104);
#93=SHAPE_REPRESENTATION_RELATIONSHIP('','',#4875,#105);
#94=SHAPE_REPRESENTATION_RELATIONSHIP('','',#4876,#106);
#95=SHAPE_REPRESENTATION_RELATIONSHIP('','',#4877,#107);
#96=SHAPE_REPRESENTATION_RELATIONSHIP('','',#4878,#10);
#97=SHAPE_REPRESENTATION_RELATIONSHIP('','',#4879,#108);
#98=SHAPE_REPRESENTATION_RELATIONSHIP('','',#4880,#11);
#99=SHAPE_REPRESENTATION_RELATIONSHIP('','',#4881,#109);
#100=SHAPE_REPRESENTATION_RELATIONSHIP('','',#4882,#110);
#101=ADVANCED_BREP_SHAPE_REPRESENTATION('',(#4849),#8577);
#102=ADVANCED_BREP_SHAPE_REPRESENTATION('',(#4850),#8578);
#103=ADVANCED_BREP_SHAPE_REPRESENTATION('',(#4851),#8579);
#104=ADVANCED_BREP_SHAPE_REPRESENTATION('',(#4852),#8580);
#105=ADVANCED_BREP_SHAPE_REPRESENTATION('',(#4853),#8581);
#106=ADVANCED_BREP_SHAPE_REPRESENTATION('',(#4854),#8582);
#107=ADVANCED_BREP_SHAPE_REPRESENTATION('',(#4855),#8583);
#108=ADVANCED_BREP_SHAPE_REPRESENTATION('',(#4856),#8585);
#109=ADVANCED_BREP_SHAPE_REPRESENTATION('',(#4857),#8587);
#110=ADVANCED_BREP_SHAPE_REPRESENTATION('',(#4858),#8588);
#111=CYLINDRICAL_SURFACE('',#4890,0.00075);
#112=CYLINDRICAL_SURFACE('',#4895,0.00075);
#113=CYLINDRICAL_SURFACE('',#4907,0.00075);
#114=CYLINDRICAL_SURFACE('',#4912,0.00075);
#115=CYLINDRICAL_SURFACE('',#4922,0.0245);
#116=CYLINDRICAL_SURFACE('',#4936,0.04992894);
#117=CYLINDRICAL_SURFACE('',#4953,0.046);
#118=CYLINDRICAL_SURFACE('',#4955,0.002500312687545);
#119=CYLINDRICAL_SURFACE('',#4959,0.002500312687545);
#120=CYLINDRICAL_SURFACE('',#4961,0.015499999999981);
#121=CYLINDRICAL_SURFACE('',#4963,0.002500312687545);
#122=CYLINDRICAL_SURFACE('',#4967,0.002500312687545);
#123=CYLINDRICAL_SURFACE('',#4970,0.015499999999981);
#124=CYLINDRICAL_SURFACE('',#4972,0.002500312687545);
#125=CYLINDRICAL_SURFACE('',#4976,0.002500312687545);
#126=CYLINDRICAL_SURFACE('',#4979,0.015499999999981);
#127=CYLINDRICAL_SURFACE('',#4981,0.002500312687545);
#128=CYLINDRICAL_SURFACE('',#4985,0.002500312687545);
#129=CYLINDRICAL_SURFACE('',#4988,0.015499999999981);
#130=CYLINDRICAL_SURFACE('',#5001,0.05);
#131=CYLINDRICAL_SURFACE('',#5009,0.00075);
#132=CYLINDRICAL_SURFACE('',#5014,0.00075);
#133=CYLINDRICAL_SURFACE('',#5029,0.05);
#134=CYLINDRICAL_SURFACE('',#5031,0.02);
#135=CYLINDRICAL_SURFACE('',#5040,0.001);
#136=CYLINDRICAL_SURFACE('',#5049,0.001);
#137=CYLINDRICAL_SURFACE('',#5051,0.001);
#138=CYLINDRICAL_SURFACE('',#5053,0.001);
#139=CYLINDRICAL_SURFACE('',#5056,0.001);
#140=CYLINDRICAL_SURFACE('',#5058,0.001);
#141=CYLINDRICAL_SURFACE('',#5060,0.001);
#142=CYLINDRICAL_SURFACE('',#5071,0.001);
#143=CYLINDRICAL_SURFACE('',#5073,0.001);
#144=CYLINDRICAL_SURFACE('',#5075,0.001);
#145=CYLINDRICAL_SURFACE('',#5077,0.001);
#146=CYLINDRICAL_SURFACE('',#5083,0.001);
#147=CYLINDRICAL_SURFACE('',#5093,0.00075);
#148=CYLINDRICAL_SURFACE('',#5098,0.00075);
#149=CYLINDRICAL_SURFACE('',#5113,0.05);
#150=CYLINDRICAL_SURFACE('',#5115,0.02);
#151=CYLINDRICAL_SURFACE('',#5124,0.001);
#152=CYLINDRICAL_SURFACE('',#5133,0.001);
#153=CYLINDRICAL_SURFACE('',#5135,0.001);
#154=CYLINDRICAL_SURFACE('',#5137,0.001);
#155=CYLINDRICAL_SURFACE('',#5140,0.001);
#156=CYLINDRICAL_SURFACE('',#5142,0.001);
#157=CYLINDRICAL_SURFACE('',#5144,0.001);
#158=CYLINDRICAL_SURFACE('',#5155,0.001);
#159=CYLINDRICAL_SURFACE('',#5157,0.001);
#160=CYLINDRICAL_SURFACE('',#5159,0.001);
#161=CYLINDRICAL_SURFACE('',#5161,0.001);
#162=CYLINDRICAL_SURFACE('',#5167,0.001);
#163=CYLINDRICAL_SURFACE('',#5178,0.0245);
#164=CYLINDRICAL_SURFACE('',#5192,0.04992894);
#165=CYLINDRICAL_SURFACE('',#5209,0.046);
#166=CYLINDRICAL_SURFACE('',#5211,0.002500312687545);
#167=CYLINDRICAL_SURFACE('',#5215,0.002500312687545);
#168=CYLINDRICAL_SURFACE('',#5217,0.015499999999981);
#169=CYLINDRICAL_SURFACE('',#5219,0.002500312687545);
#170=CYLINDRICAL_SURFACE('',#5223,0.002500312687545);
#171=CYLINDRICAL_SURFACE('',#5226,0.015499999999981);
#172=CYLINDRICAL_SURFACE('',#5228,0.002500312687545);
#173=CYLINDRICAL_SURFACE('',#5232,0.002500312687545);
#174=CYLINDRICAL_SURFACE('',#5235,0.015499999999981);
#175=CYLINDRICAL_SURFACE('',#5237,0.002500312687545);
#176=CYLINDRICAL_SURFACE('',#5241,0.002500312687545);
#177=CYLINDRICAL_SURFACE('',#5244,0.015499999999981);
#178=CYLINDRICAL_SURFACE('',#5257,0.05);
#179=CYLINDRICAL_SURFACE('',#5274,0.023);
#180=CYLINDRICAL_SURFACE('',#5278,0.019511712773575);
#181=CYLINDRICAL_SURFACE('',#5283,0.0157754141435256);
#182=CYLINDRICAL_SURFACE('',#5284,0.00166660845149822);
#183=CYLINDRICAL_SURFACE('',#5288,0.00338640711996071);
#184=CYLINDRICAL_SURFACE('',#5292,0.00166660845149822);
#185=CYLINDRICAL_SURFACE('',#5296,0.00338640711996071);
#186=CYLINDRICAL_SURFACE('',#5300,0.00166660845149822);
#187=CYLINDRICAL_SURFACE('',#5304,0.00338640711996071);
#188=CYLINDRICAL_SURFACE('',#5308,0.00166660845149822);
#189=CYLINDRICAL_SURFACE('',#5312,0.00338640711996071);
#190=CYLINDRICAL_SURFACE('',#5316,0.00166660845149822);
#191=CYLINDRICAL_SURFACE('',#5320,0.00338640711996071);
#192=CYLINDRICAL_SURFACE('',#5324,0.00166660845149822);
#193=CYLINDRICAL_SURFACE('',#5328,0.00338640711996071);
#194=CYLINDRICAL_SURFACE('',#5335,0.037);
#195=CYLINDRICAL_SURFACE('',#5353,0.023);
#196=CYLINDRICAL_SURFACE('',#5357,0.019511712773575);
#197=CYLINDRICAL_SURFACE('',#5362,0.0157754141435256);
#198=CYLINDRICAL_SURFACE('',#5363,0.00166660845149822);
#199=CYLINDRICAL_SURFACE('',#5367,0.00338640711996071);
#200=CYLINDRICAL_SURFACE('',#5371,0.00166660845149822);
#201=CYLINDRICAL_SURFACE('',#5375,0.00338640711996071);
#202=CYLINDRICAL_SURFACE('',#5379,0.00166660845149822);
#203=CYLINDRICAL_SURFACE('',#5383,0.00338640711996071);
#204=CYLINDRICAL_SURFACE('',#5387,0.00166660845149822);
#205=CYLINDRICAL_SURFACE('',#5391,0.00338640711996071);
#206=CYLINDRICAL_SURFACE('',#5395,0.00166660845149822);
#207=CYLINDRICAL_SURFACE('',#5399,0.00338640711996071);
#208=CYLINDRICAL_SURFACE('',#5403,0.00166660845149822);
#209=CYLINDRICAL_SURFACE('',#5407,0.00338640711996071);
#210=CYLINDRICAL_SURFACE('',#5414,0.037);
#211=CIRCLE('',#4889,0.00075);
#212=CIRCLE('',#4906,0.00075);
#213=CIRCLE('',#4919,0.0245);
#214=CIRCLE('',#4921,0.010033092);
#215=CIRCLE('',#4923,0.0245);
#216=CIRCLE('',#4925,0.04366544);
#217=CIRCLE('',#4927,0.023);
#218=CIRCLE('',#4929,0.045438213);
#219=CIRCLE('',#4931,0.0245);
#220=CIRCLE('',#4933,0.04992894);
#221=CIRCLE('',#4935,0.027);
#222=CIRCLE('',#4937,0.04992894);
#223=CIRCLE('',#4939,0.046);
#224=CIRCLE('',#4941,0.002500312687545);
#225=CIRCLE('',#4942,0.002500312687545);
#226=CIRCLE('',#4943,0.002500312687545);
#227=CIRCLE('',#4944,0.002500312687545);
#228=CIRCLE('',#4945,0.002500312687545);
#229=CIRCLE('',#4946,0.002500312687545);
#230=CIRCLE('',#4947,0.002500312687545);
#231=CIRCLE('',#4948,0.002500312687545);
#232=CIRCLE('',#4949,0.015499999999981);
#233=CIRCLE('',#4950,0.015499999999981);
#234=CIRCLE('',#4951,0.015499999999981);
#235=CIRCLE('',#4952,0.015499999999981);
#236=CIRCLE('',#4954,0.046);
#237=CIRCLE('',#4956,0.002500312687545);
#238=CIRCLE('',#4960,0.002500312687545);
#239=CIRCLE('',#4962,0.015499999999981);
#240=CIRCLE('',#4964,0.002500312687545);
#241=CIRCLE('',#4968,0.002500312687545);
#242=CIRCLE('',#4971,0.015499999999981);
#243=CIRCLE('',#4973,0.002500312687545);
#244=CIRCLE('',#4977,0.002500312687545);
#245=CIRCLE('',#4980,0.015499999999981);
#246=CIRCLE('',#4982,0.002500312687545);
#247=CIRCLE('',#4986,0.002500312687545);
#248=CIRCLE('',#4989,0.015499999999981);
#249=CIRCLE('',#4992,0.05);
#250=CIRCLE('',#4994,0.05);
#251=CIRCLE('',#4996,0.05);
#252=CIRCLE('',#4998,0.05);
#253=CIRCLE('',#5000,0.05);
#254=CIRCLE('',#5008,0.00075);
#255=CIRCLE('',#5023,0.02);
#256=CIRCLE('',#5024,0.05);
#257=CIRCLE('',#5030,0.05);
#258=CIRCLE('',#5032,0.02);
#259=CIRCLE('',#5035,0.021);
#260=CIRCLE('',#5036,0.051);
#261=CIRCLE('',#5041,0.001);
#262=CIRCLE('',#5042,0.001);
#263=CIRCLE('',#5044,0.001);
#264=CIRCLE('',#5045,0.001);
#265=CIRCLE('',#5047,0.001);
#266=CIRCLE('',#5048,0.001);
#267=CIRCLE('',#5050,0.001);
#268=CIRCLE('',#5052,0.001);
#269=CIRCLE('',#5054,0.001);
#270=CIRCLE('',#5055,0.001);
#271=CIRCLE('',#5057,0.001);
#272=CIRCLE('',#5059,0.001);
#273=CIRCLE('',#5061,0.001);
#274=CIRCLE('',#5062,0.001);
#275=CIRCLE('',#5064,0.001);
#276=CIRCLE('',#5066,0.001);
#277=CIRCLE('',#5068,0.001);
#278=CIRCLE('',#5070,0.001);
#279=CIRCLE('',#5072,0.001);
#280=CIRCLE('',#5074,0.001);
#281=CIRCLE('',#5076,0.001);
#282=CIRCLE('',#5078,0.001);
#283=CIRCLE('',#5080,0.001);
#284=CIRCLE('',#5082,0.001);
#285=CIRCLE('',#5092,0.00075);
#286=CIRCLE('',#5107,0.02);
#287=CIRCLE('',#5108,0.05);
#288=CIRCLE('',#5114,0.05);
#289=CIRCLE('',#5116,0.02);
#290=CIRCLE('',#5119,0.021);
#291=CIRCLE('',#5120,0.051);
#292=CIRCLE('',#5125,0.001);
#293=CIRCLE('',#5126,0.001);
#294=CIRCLE('',#5128,0.001);
#295=CIRCLE('',#5129,0.001);
#296=CIRCLE('',#5131,0.001);
#297=CIRCLE('',#5132,0.001);
#298=CIRCLE('',#5134,0.001);
#299=CIRCLE('',#5136,0.001);
#300=CIRCLE('',#5138,0.001);
#301=CIRCLE('',#5139,0.001);
#302=CIRCLE('',#5141,0.001);
#303=CIRCLE('',#5143,0.001);
#304=CIRCLE('',#5145,0.001);
#305=CIRCLE('',#5146,0.001);
#306=CIRCLE('',#5148,0.001);
#307=CIRCLE('',#5150,0.001);
#308=CIRCLE('',#5152,0.001);
#309=CIRCLE('',#5154,0.001);
#310=CIRCLE('',#5156,0.001);
#311=CIRCLE('',#5158,0.001);
#312=CIRCLE('',#5160,0.001);
#313=CIRCLE('',#5162,0.001);
#314=CIRCLE('',#5164,0.001);
#315=CIRCLE('',#5166,0.001);
#316=CIRCLE('',#5171,0.0135000002011657);
#317=CIRCLE('',#5175,0.0245);
#318=CIRCLE('',#5177,0.010033092);
#319=CIRCLE('',#5179,0.0245);
#320=CIRCLE('',#5181,0.04366544);
#321=CIRCLE('',#5183,0.023);
#322=CIRCLE('',#5185,0.045438213);
#323=CIRCLE('',#5187,0.0245);
#324=CIRCLE('',#5189,0.04992894);
#325=CIRCLE('',#5191,0.027);
#326=CIRCLE('',#5193,0.04992894);
#327=CIRCLE('',#5195,0.046);
#328=CIRCLE('',#5197,0.002500312687545);
#329=CIRCLE('',#5198,0.002500312687545);
#330=CIRCLE('',#5199,0.002500312687545);
#331=CIRCLE('',#5200,0.002500312687545);
#332=CIRCLE('',#5201,0.002500312687545);
#333=CIRCLE('',#5202,0.002500312687545);
#334=CIRCLE('',#5203,0.002500312687545);
#335=CIRCLE('',#5204,0.002500312687545);
#336=CIRCLE('',#5205,0.015499999999981);
#337=CIRCLE('',#5206,0.015499999999981);
#338=CIRCLE('',#5207,0.015499999999981);
#339=CIRCLE('',#5208,0.015499999999981);
#340=CIRCLE('',#5210,0.046);
#341=CIRCLE('',#5212,0.002500312687545);
#342=CIRCLE('',#5216,0.002500312687545);
#343=CIRCLE('',#5218,0.015499999999981);
#344=CIRCLE('',#5220,0.002500312687545);
#345=CIRCLE('',#5224,0.002500312687545);
#346=CIRCLE('',#5227,0.015499999999981);
#347=CIRCLE('',#5229,0.002500312687545);
#348=CIRCLE('',#5233,0.002500312687545);
#349=CIRCLE('',#5236,0.015499999999981);
#350=CIRCLE('',#5238,0.002500312687545);
#351=CIRCLE('',#5242,0.002500312687545);
#352=CIRCLE('',#5245,0.015499999999981);
#353=CIRCLE('',#5248,0.05);
#354=CIRCLE('',#5250,0.05);
#355=CIRCLE('',#5252,0.05);
#356=CIRCLE('',#5254,0.05);
#357=CIRCLE('',#5256,0.05);
#358=CIRCLE('',#5259,0.0135000002011657);
#359=CIRCLE('',#5263,0.023);
#360=CIRCLE('',#5264,0.00166660845149822);
#361=CIRCLE('',#5265,0.00166660845149822);
#362=CIRCLE('',#5266,0.00166660845149822);
#363=CIRCLE('',#5267,0.00166660845149822);
#364=CIRCLE('',#5268,0.00166660845149822);
#365=CIRCLE('',#5269,0.00166660845149822);
#366=CIRCLE('',#5270,0.037);
#367=CIRCLE('',#5272,0.019511712773575);
#368=CIRCLE('',#5273,0.023);
#369=CIRCLE('',#5276,0.0157754141435256);
#370=CIRCLE('',#5277,0.019511712773575);
#371=CIRCLE('',#5280,0.0157754141435256);
#372=CIRCLE('',#5281,0.0135000002011657);
#373=CIRCLE('',#5285,0.00166660845149822);
#374=CIRCLE('',#5287,0.00338640711996071);
#375=CIRCLE('',#5289,0.00338640711996071);
#376=CIRCLE('',#5291,0.00388640711996071);
#377=CIRCLE('',#5293,0.00166660845149822);
#378=CIRCLE('',#5295,0.00338640711996071);
#379=CIRCLE('',#5297,0.00338640711996071);
#380=CIRCLE('',#5299,0.00388640711996071);
#381=CIRCLE('',#5301,0.00166660845149822);
#382=CIRCLE('',#5303,0.00338640711996071);
#383=CIRCLE('',#5305,0.00338640711996071);
#384=CIRCLE('',#5307,0.00388640711996071);
#385=CIRCLE('',#5309,0.00166660845149822);
#386=CIRCLE('',#5311,0.00338640711996071);
#387=CIRCLE('',#5313,0.00338640711996071);
#388=CIRCLE('',#5315,0.00388640711996071);
#389=CIRCLE('',#5317,0.00166660845149822);
#390=CIRCLE('',#5319,0.00338640711996071);
#391=CIRCLE('',#5321,0.00338640711996071);
#392=CIRCLE('',#5323,0.00388640711996071);
#393=CIRCLE('',#5325,0.00166660845149822);
#394=CIRCLE('',#5327,0.00338640711996071);
#395=CIRCLE('',#5329,0.00338640711996071);
#396=CIRCLE('',#5331,0.00388640711996071);
#397=CIRCLE('',#5333,0.0135000002011657);
#398=CIRCLE('',#5334,0.0165000002458692);
#399=CIRCLE('',#5336,0.037);
#400=CIRCLE('',#5338,0.0367);
#401=CIRCLE('',#5342,0.023);
#402=CIRCLE('',#5343,0.00166660845149822);
#403=CIRCLE('',#5344,0.00166660845149822);
#404=CIRCLE('',#5345,0.00166660845149822);
#405=CIRCLE('',#5346,0.00166660845149822);
#406=CIRCLE('',#5347,0.00166660845149822);
#407=CIRCLE('',#5348,0.00166660845149822);
#408=CIRCLE('',#5349,0.037);
#409=CIRCLE('',#5351,0.019511712773575);
#410=CIRCLE('',#5352,0.023);
#411=CIRCLE('',#5355,0.0157754141435256);
#412=CIRCLE('',#5356,0.019511712773575);
#413=CIRCLE('',#5359,0.0157754141435256);
#414=CIRCLE('',#5360,0.0135000002011657);
#415=CIRCLE('',#5364,0.00166660845149822);
#416=CIRCLE('',#5366,0.00338640711996071);
#417=CIRCLE('',#5368,0.00338640711996071);
#418=CIRCLE('',#5370,0.00388640711996071);
#419=CIRCLE('',#5372,0.00166660845149822);
#420=CIRCLE('',#5374,0.00338640711996071);
#421=CIRCLE('',#5376,0.00338640711996071);
#422=CIRCLE('',#5378,0.00388640711996071);
#423=CIRCLE('',#5380,0.00166660845149822);
#424=CIRCLE('',#5382,0.00338640711996071);
#425=CIRCLE('',#5384,0.00338640711996071);
#426=CIRCLE('',#5386,0.00388640711996071);
#427=CIRCLE('',#5388,0.00166660845149822);
#428=CIRCLE('',#5390,0.00338640711996071);
#429=CIRCLE('',#5392,0.00338640711996071);
#430=CIRCLE('',#5394,0.00388640711996071);
#431=CIRCLE('',#5396,0.00166660845149822);
#432=CIRCLE('',#5398,0.00338640711996071);
#433=CIRCLE('',#5400,0.00338640711996071);
#434=CIRCLE('',#5402,0.00388640711996071);
#435=CIRCLE('',#5404,0.00166660845149822);
#436=CIRCLE('',#5406,0.00338640711996071);
#437=CIRCLE('',#5408,0.00338640711996071);
#438=CIRCLE('',#5410,0.00388640711996071);
#439=CIRCLE('',#5412,0.0135000002011657);
#440=CIRCLE('',#5413,0.0165000002458692);
#441=CIRCLE('',#5415,0.037);
#442=CIRCLE('',#5417,0.0367);
#443=ELLIPSE('',#4888,0.000750038725770237,0.00075);
#444=ELLIPSE('',#4891,0.000750010703185053,0.00075);
#445=ELLIPSE('',#4893,0.000750090153083406,0.00075);
#446=ELLIPSE('',#4905,0.000750038725770237,0.00075);
#447=ELLIPSE('',#4908,0.000750010703185053,0.00075);
#448=ELLIPSE('',#4910,0.000750090153083406,0.00075);
#449=ELLIPSE('',#5007,0.000750038725770237,0.00075);
#450=ELLIPSE('',#5010,0.000750010703185053,0.00075);
#451=ELLIPSE('',#5012,0.000750090153083406,0.00075);
#452=ELLIPSE('',#5091,0.000750038725770237,0.00075);
#453=ELLIPSE('',#5094,0.000750010703185053,0.00075);
#454=ELLIPSE('',#5096,0.000750090153083406,0.00075);
#455=OVER_RIDING_STYLED_ITEM('',(#4340),#4034,#4327);
#456=OVER_RIDING_STYLED_ITEM('',(#4341),#4035,#4327);
#457=OVER_RIDING_STYLED_ITEM('',(#4342),#4036,#4327);
#458=OVER_RIDING_STYLED_ITEM('',(#4343),#4037,#4327);
#459=OVER_RIDING_STYLED_ITEM('',(#4344),#4038,#4327);
#460=OVER_RIDING_STYLED_ITEM('',(#4345),#4039,#4327);
#461=OVER_RIDING_STYLED_ITEM('',(#4346),#4040,#4327);
#462=OVER_RIDING_STYLED_ITEM('',(#4347),#4041,#4327);
#463=OVER_RIDING_STYLED_ITEM('',(#4348),#4042,#4327);
#464=OVER_RIDING_STYLED_ITEM('',(#4349),#4044,#4327);
#465=OVER_RIDING_STYLED_ITEM('',(#4351),#4046,#4328);
#466=OVER_RIDING_STYLED_ITEM('',(#4352),#4047,#4328);
#467=OVER_RIDING_STYLED_ITEM('',(#4353),#4048,#4328);
#468=OVER_RIDING_STYLED_ITEM('',(#4354),#4049,#4328);
#469=OVER_RIDING_STYLED_ITEM('',(#4355),#4050,#4328);
#470=OVER_RIDING_STYLED_ITEM('',(#4356),#4051,#4328);
#471=OVER_RIDING_STYLED_ITEM('',(#4357),#4052,#4328);
#472=OVER_RIDING_STYLED_ITEM('',(#4358),#4053,#4328);
#473=OVER_RIDING_STYLED_ITEM('',(#4359),#4054,#4328);
#474=OVER_RIDING_STYLED_ITEM('',(#4360),#4056,#4328);
#475=OVER_RIDING_STYLED_ITEM('',(#4362),#4057,#4329);
#476=OVER_RIDING_STYLED_ITEM('',(#4363),#4058,#4329);
#477=OVER_RIDING_STYLED_ITEM('',(#4364),#4059,#4329);
#478=OVER_RIDING_STYLED_ITEM('',(#4365),#4060,#4329);
#479=OVER_RIDING_STYLED_ITEM('',(#4366),#4061,#4329);
#480=OVER_RIDING_STYLED_ITEM('',(#4367),#4062,#4329);
#481=OVER_RIDING_STYLED_ITEM('',(#4368),#4063,#4329);
#482=OVER_RIDING_STYLED_ITEM('',(#4369),#4064,#4329);
#483=OVER_RIDING_STYLED_ITEM('',(#4370),#4065,#4329);
#484=OVER_RIDING_STYLED_ITEM('',(#4371),#4066,#4329);
#485=OVER_RIDING_STYLED_ITEM('',(#4372),#4067,#4329);
#486=OVER_RIDING_STYLED_ITEM('',(#4373),#4069,#4329);
#487=OVER_RIDING_STYLED_ITEM('',(#4374),#4094,#4329);
#488=OVER_RIDING_STYLED_ITEM('',(#4375),#4099,#4329);
#489=OVER_RIDING_STYLED_ITEM('',(#4377),#4101,#4330);
#490=OVER_RIDING_STYLED_ITEM('',(#4378),#4102,#4330);
#491=OVER_RIDING_STYLED_ITEM('',(#4379),#4103,#4330);
#492=OVER_RIDING_STYLED_ITEM('',(#4380),#4104,#4330);
#493=OVER_RIDING_STYLED_ITEM('',(#4381),#4105,#4330);
#494=OVER_RIDING_STYLED_ITEM('',(#4382),#4106,#4330);
#495=OVER_RIDING_STYLED_ITEM('',(#4383),#4107,#4330);
#496=OVER_RIDING_STYLED_ITEM('',(#4384),#4108,#4330);
#497=OVER_RIDING_STYLED_ITEM('',(#4385),#4109,#4330);
#498=OVER_RIDING_STYLED_ITEM('',(#4386),#4111,#4330);
#499=OVER_RIDING_STYLED_ITEM('',(#4389),#4149,#4332);
#500=OVER_RIDING_STYLED_ITEM('',(#4390),#4150,#4332);
#501=OVER_RIDING_STYLED_ITEM('',(#4391),#4151,#4332);
#502=OVER_RIDING_STYLED_ITEM('',(#4392),#4152,#4332);
#503=OVER_RIDING_STYLED_ITEM('',(#4393),#4153,#4332);
#504=OVER_RIDING_STYLED_ITEM('',(#4394),#4154,#4332);
#505=OVER_RIDING_STYLED_ITEM('',(#4395),#4155,#4332);
#506=OVER_RIDING_STYLED_ITEM('',(#4396),#4156,#4332);
#507=OVER_RIDING_STYLED_ITEM('',(#4397),#4157,#4332);
#508=OVER_RIDING_STYLED_ITEM('',(#4398),#4159,#4332);
#509=OVER_RIDING_STYLED_ITEM('',(#4401),#4196,#4334);
#510=OVER_RIDING_STYLED_ITEM('',(#4402),#4197,#4334);
#511=OVER_RIDING_STYLED_ITEM('',(#4404),#4198,#4335);
#512=OVER_RIDING_STYLED_ITEM('',(#4405),#4199,#4335);
#513=OVER_RIDING_STYLED_ITEM('',(#4406),#4200,#4335);
#514=OVER_RIDING_STYLED_ITEM('',(#4407),#4201,#4335);
#515=OVER_RIDING_STYLED_ITEM('',(#4408),#4202,#4335);
#516=OVER_RIDING_STYLED_ITEM('',(#4409),#4203,#4335);
#517=OVER_RIDING_STYLED_ITEM('',(#4410),#4204,#4335);
#518=OVER_RIDING_STYLED_ITEM('',(#4411),#4205,#4335);
#519=OVER_RIDING_STYLED_ITEM('',(#4412),#4206,#4335);
#520=OVER_RIDING_STYLED_ITEM('',(#4413),#4207,#4335);
#521=OVER_RIDING_STYLED_ITEM('',(#4414),#4208,#4335);
#522=OVER_RIDING_STYLED_ITEM('',(#4415),#4210,#4335);
#523=OVER_RIDING_STYLED_ITEM('',(#4416),#4235,#4335);
#524=OVER_RIDING_STYLED_ITEM('',(#4417),#4240,#4335);
#525=OVER_RIDING_STYLED_ITEM('',(#4419),#4241,#4336);
#526=OVER_RIDING_STYLED_ITEM('',(#4420),#4242,#4336);
#527=ORIENTED_EDGE('',*,*,#1577,.T.);
#528=ORIENTED_EDGE('',*,*,#1578,.T.);
#529=ORIENTED_EDGE('',*,*,#1579,.T.);
#530=ORIENTED_EDGE('',*,*,#1580,.T.);
#531=ORIENTED_EDGE('',*,*,#1581,.F.);
#532=ORIENTED_EDGE('',*,*,#1582,.F.);
#533=ORIENTED_EDGE('',*,*,#1580,.F.);
#534=ORIENTED_EDGE('',*,*,#1583,.T.);
#535=ORIENTED_EDGE('',*,*,#1584,.F.);
#536=ORIENTED_EDGE('',*,*,#1585,.F.);
#537=ORIENTED_EDGE('',*,*,#1578,.F.);
#538=ORIENTED_EDGE('',*,*,#1586,.T.);
#539=ORIENTED_EDGE('',*,*,#1587,.T.);
#540=ORIENTED_EDGE('',*,*,#1588,.T.);
#541=ORIENTED_EDGE('',*,*,#1589,.T.);
#542=ORIENTED_EDGE('',*,*,#1590,.T.);
#543=ORIENTED_EDGE('',*,*,#1591,.F.);
#544=ORIENTED_EDGE('',*,*,#1592,.F.);
#545=ORIENTED_EDGE('',*,*,#1593,.F.);
#546=ORIENTED_EDGE('',*,*,#1586,.F.);
#547=ORIENTED_EDGE('',*,*,#1577,.F.);
#548=ORIENTED_EDGE('',*,*,#1582,.T.);
#549=ORIENTED_EDGE('',*,*,#1593,.T.);
#550=ORIENTED_EDGE('',*,*,#1594,.T.);
#551=ORIENTED_EDGE('',*,*,#1595,.T.);
#552=ORIENTED_EDGE('',*,*,#1584,.T.);
#553=ORIENTED_EDGE('',*,*,#1596,.T.);
#554=ORIENTED_EDGE('',*,*,#1597,.T.);
#555=ORIENTED_EDGE('',*,*,#1598,.T.);
#556=ORIENTED_EDGE('',*,*,#1599,.T.);
#557=ORIENTED_EDGE('',*,*,#1600,.F.);
#558=ORIENTED_EDGE('',*,*,#1583,.F.);
#559=ORIENTED_EDGE('',*,*,#1579,.F.);
#560=ORIENTED_EDGE('',*,*,#1585,.T.);
#561=ORIENTED_EDGE('',*,*,#1595,.F.);
#562=ORIENTED_EDGE('',*,*,#1601,.F.);
#563=ORIENTED_EDGE('',*,*,#1602,.F.);
#564=ORIENTED_EDGE('',*,*,#1601,.T.);
#565=ORIENTED_EDGE('',*,*,#1594,.F.);
#566=ORIENTED_EDGE('',*,*,#1592,.T.);
#567=ORIENTED_EDGE('',*,*,#1600,.T.);
#568=ORIENTED_EDGE('',*,*,#1602,.T.);
#569=ORIENTED_EDGE('',*,*,#1591,.T.);
#570=ORIENTED_EDGE('',*,*,#1581,.T.);
#571=ORIENTED_EDGE('',*,*,#1588,.F.);
#572=ORIENTED_EDGE('',*,*,#1603,.F.);
#573=ORIENTED_EDGE('',*,*,#1599,.F.);
#574=ORIENTED_EDGE('',*,*,#1604,.T.);
#575=ORIENTED_EDGE('',*,*,#1587,.F.);
#576=ORIENTED_EDGE('',*,*,#1605,.F.);
#577=ORIENTED_EDGE('',*,*,#1596,.F.);
#578=ORIENTED_EDGE('',*,*,#1603,.T.);
#579=ORIENTED_EDGE('',*,*,#1590,.F.);
#580=ORIENTED_EDGE('',*,*,#1606,.F.);
#581=ORIENTED_EDGE('',*,*,#1597,.F.);
#582=ORIENTED_EDGE('',*,*,#1605,.T.);
#583=ORIENTED_EDGE('',*,*,#1589,.F.);
#584=ORIENTED_EDGE('',*,*,#1604,.F.);
#585=ORIENTED_EDGE('',*,*,#1598,.F.);
#586=ORIENTED_EDGE('',*,*,#1606,.T.);
#587=ORIENTED_EDGE('',*,*,#1607,.T.);
#588=ORIENTED_EDGE('',*,*,#1608,.T.);
#589=ORIENTED_EDGE('',*,*,#1609,.T.);
#590=ORIENTED_EDGE('',*,*,#1610,.T.);
#591=ORIENTED_EDGE('',*,*,#1611,.F.);
#592=ORIENTED_EDGE('',*,*,#1612,.F.);
#593=ORIENTED_EDGE('',*,*,#1610,.F.);
#594=ORIENTED_EDGE('',*,*,#1613,.T.);
#595=ORIENTED_EDGE('',*,*,#1614,.F.);
#596=ORIENTED_EDGE('',*,*,#1615,.F.);
#597=ORIENTED_EDGE('',*,*,#1608,.F.);
#598=ORIENTED_EDGE('',*,*,#1616,.T.);
#599=ORIENTED_EDGE('',*,*,#1617,.T.);
#600=ORIENTED_EDGE('',*,*,#1618,.T.);
#601=ORIENTED_EDGE('',*,*,#1619,.T.);
#602=ORIENTED_EDGE('',*,*,#1620,.T.);
#603=ORIENTED_EDGE('',*,*,#1621,.F.);
#604=ORIENTED_EDGE('',*,*,#1622,.F.);
#605=ORIENTED_EDGE('',*,*,#1623,.F.);
#606=ORIENTED_EDGE('',*,*,#1616,.F.);
#607=ORIENTED_EDGE('',*,*,#1607,.F.);
#608=ORIENTED_EDGE('',*,*,#1612,.T.);
#609=ORIENTED_EDGE('',*,*,#1623,.T.);
#610=ORIENTED_EDGE('',*,*,#1624,.T.);
#611=ORIENTED_EDGE('',*,*,#1625,.T.);
#612=ORIENTED_EDGE('',*,*,#1614,.T.);
#613=ORIENTED_EDGE('',*,*,#1626,.T.);
#614=ORIENTED_EDGE('',*,*,#1627,.T.);
#615=ORIENTED_EDGE('',*,*,#1628,.T.);
#616=ORIENTED_EDGE('',*,*,#1629,.T.);
#617=ORIENTED_EDGE('',*,*,#1630,.F.);
#618=ORIENTED_EDGE('',*,*,#1613,.F.);
#619=ORIENTED_EDGE('',*,*,#1609,.F.);
#620=ORIENTED_EDGE('',*,*,#1615,.T.);
#621=ORIENTED_EDGE('',*,*,#1625,.F.);
#622=ORIENTED_EDGE('',*,*,#1631,.F.);
#623=ORIENTED_EDGE('',*,*,#1632,.F.);
#624=ORIENTED_EDGE('',*,*,#1631,.T.);
#625=ORIENTED_EDGE('',*,*,#1624,.F.);
#626=ORIENTED_EDGE('',*,*,#1622,.T.);
#627=ORIENTED_EDGE('',*,*,#1630,.T.);
#628=ORIENTED_EDGE('',*,*,#1632,.T.);
#629=ORIENTED_EDGE('',*,*,#1621,.T.);
#630=ORIENTED_EDGE('',*,*,#1611,.T.);
#631=ORIENTED_EDGE('',*,*,#1618,.F.);
#632=ORIENTED_EDGE('',*,*,#1633,.F.);
#633=ORIENTED_EDGE('',*,*,#1629,.F.);
#634=ORIENTED_EDGE('',*,*,#1634,.T.);
#635=ORIENTED_EDGE('',*,*,#1617,.F.);
#636=ORIENTED_EDGE('',*,*,#1635,.F.);
#637=ORIENTED_EDGE('',*,*,#1626,.F.);
#638=ORIENTED_EDGE('',*,*,#1633,.T.);
#639=ORIENTED_EDGE('',*,*,#1620,.F.);
#640=ORIENTED_EDGE('',*,*,#1636,.F.);
#641=ORIENTED_EDGE('',*,*,#1627,.F.);
#642=ORIENTED_EDGE('',*,*,#1635,.T.);
#643=ORIENTED_EDGE('',*,*,#1619,.F.);
#644=ORIENTED_EDGE('',*,*,#1634,.F.);
#645=ORIENTED_EDGE('',*,*,#1628,.F.);
#646=ORIENTED_EDGE('',*,*,#1636,.T.);
#647=ORIENTED_EDGE('',*,*,#1637,.F.);
#648=ORIENTED_EDGE('',*,*,#1638,.T.);
#649=ORIENTED_EDGE('',*,*,#1637,.T.);
#650=ORIENTED_EDGE('',*,*,#1639,.F.);
#651=ORIENTED_EDGE('',*,*,#1638,.F.);
#652=ORIENTED_EDGE('',*,*,#1640,.T.);
#653=ORIENTED_EDGE('',*,*,#1639,.T.);
#654=ORIENTED_EDGE('',*,*,#1641,.F.);
#655=ORIENTED_EDGE('',*,*,#1640,.F.);
#656=ORIENTED_EDGE('',*,*,#1642,.T.);
#657=ORIENTED_EDGE('',*,*,#1641,.T.);
#658=ORIENTED_EDGE('',*,*,#1643,.F.);
#659=ORIENTED_EDGE('',*,*,#1642,.F.);
#660=ORIENTED_EDGE('',*,*,#1644,.T.);
#661=ORIENTED_EDGE('',*,*,#1643,.T.);
#662=ORIENTED_EDGE('',*,*,#1645,.F.);
#663=ORIENTED_EDGE('',*,*,#1646,.F.);
#664=ORIENTED_EDGE('',*,*,#1644,.F.);
#665=ORIENTED_EDGE('',*,*,#1645,.T.);
#666=ORIENTED_EDGE('',*,*,#1647,.F.);
#667=ORIENTED_EDGE('',*,*,#1648,.F.);
#668=ORIENTED_EDGE('',*,*,#1649,.T.);
#669=ORIENTED_EDGE('',*,*,#1650,.F.);
#670=ORIENTED_EDGE('',*,*,#1651,.F.);
#671=ORIENTED_EDGE('',*,*,#1652,.F.);
#672=ORIENTED_EDGE('',*,*,#1653,.T.);
#673=ORIENTED_EDGE('',*,*,#1654,.F.);
#674=ORIENTED_EDGE('',*,*,#1655,.F.);
#675=ORIENTED_EDGE('',*,*,#1646,.T.);
#676=ORIENTED_EDGE('',*,*,#1656,.F.);
#677=ORIENTED_EDGE('',*,*,#1657,.T.);
#678=ORIENTED_EDGE('',*,*,#1658,.F.);
#679=ORIENTED_EDGE('',*,*,#1659,.F.);
#680=ORIENTED_EDGE('',*,*,#1660,.F.);
#681=ORIENTED_EDGE('',*,*,#1661,.T.);
#682=ORIENTED_EDGE('',*,*,#1662,.F.);
#683=ORIENTED_EDGE('',*,*,#1663,.F.);
#684=ORIENTED_EDGE('',*,*,#1664,.F.);
#685=ORIENTED_EDGE('',*,*,#1665,.T.);
#686=ORIENTED_EDGE('',*,*,#1666,.F.);
#687=ORIENTED_EDGE('',*,*,#1667,.T.);
#688=ORIENTED_EDGE('',*,*,#1668,.F.);
#689=ORIENTED_EDGE('',*,*,#1669,.T.);
#690=ORIENTED_EDGE('',*,*,#1670,.F.);
#691=ORIENTED_EDGE('',*,*,#1671,.T.);
#692=ORIENTED_EDGE('',*,*,#1647,.T.);
#693=ORIENTED_EDGE('',*,*,#1672,.F.);
#694=ORIENTED_EDGE('',*,*,#1673,.T.);
#695=ORIENTED_EDGE('',*,*,#1662,.T.);
#696=ORIENTED_EDGE('',*,*,#1674,.F.);
#697=ORIENTED_EDGE('',*,*,#1675,.F.);
#698=ORIENTED_EDGE('',*,*,#1676,.T.);
#699=ORIENTED_EDGE('',*,*,#1663,.T.);
#700=ORIENTED_EDGE('',*,*,#1673,.F.);
#701=ORIENTED_EDGE('',*,*,#1677,.F.);
#702=ORIENTED_EDGE('',*,*,#1678,.T.);
#703=ORIENTED_EDGE('',*,*,#1674,.T.);
#704=ORIENTED_EDGE('',*,*,#1661,.F.);
#705=ORIENTED_EDGE('',*,*,#1679,.F.);
#706=ORIENTED_EDGE('',*,*,#1679,.T.);
#707=ORIENTED_EDGE('',*,*,#1660,.T.);
#708=ORIENTED_EDGE('',*,*,#1676,.F.);
#709=ORIENTED_EDGE('',*,*,#1680,.F.);
#710=ORIENTED_EDGE('',*,*,#1681,.T.);
#711=ORIENTED_EDGE('',*,*,#1682,.T.);
#712=ORIENTED_EDGE('',*,*,#1665,.F.);
#713=ORIENTED_EDGE('',*,*,#1683,.F.);
#714=ORIENTED_EDGE('',*,*,#1684,.T.);
#715=ORIENTED_EDGE('',*,*,#1650,.T.);
#716=ORIENTED_EDGE('',*,*,#1685,.F.);
#717=ORIENTED_EDGE('',*,*,#1686,.F.);
#718=ORIENTED_EDGE('',*,*,#1687,.T.);
#719=ORIENTED_EDGE('',*,*,#1651,.T.);
#720=ORIENTED_EDGE('',*,*,#1684,.F.);
#721=ORIENTED_EDGE('',*,*,#1688,.F.);
#722=ORIENTED_EDGE('',*,*,#1689,.T.);
#723=ORIENTED_EDGE('',*,*,#1685,.T.);
#724=ORIENTED_EDGE('',*,*,#1649,.F.);
#725=ORIENTED_EDGE('',*,*,#1690,.F.);
#726=ORIENTED_EDGE('',*,*,#1690,.T.);
#727=ORIENTED_EDGE('',*,*,#1648,.T.);
#728=ORIENTED_EDGE('',*,*,#1687,.F.);
#729=ORIENTED_EDGE('',*,*,#1691,.F.);
#730=ORIENTED_EDGE('',*,*,#1692,.T.);
#731=ORIENTED_EDGE('',*,*,#1666,.T.);
#732=ORIENTED_EDGE('',*,*,#1682,.F.);
#733=ORIENTED_EDGE('',*,*,#1693,.F.);
#734=ORIENTED_EDGE('',*,*,#1694,.F.);
#735=ORIENTED_EDGE('',*,*,#1695,.T.);
#736=ORIENTED_EDGE('',*,*,#1696,.T.);
#737=ORIENTED_EDGE('',*,*,#1667,.F.);
#738=ORIENTED_EDGE('',*,*,#1692,.F.);
#739=ORIENTED_EDGE('',*,*,#1697,.T.);
#740=ORIENTED_EDGE('',*,*,#1658,.T.);
#741=ORIENTED_EDGE('',*,*,#1698,.F.);
#742=ORIENTED_EDGE('',*,*,#1699,.F.);
#743=ORIENTED_EDGE('',*,*,#1700,.T.);
#744=ORIENTED_EDGE('',*,*,#1659,.T.);
#745=ORIENTED_EDGE('',*,*,#1697,.F.);
#746=ORIENTED_EDGE('',*,*,#1701,.F.);
#747=ORIENTED_EDGE('',*,*,#1702,.T.);
#748=ORIENTED_EDGE('',*,*,#1698,.T.);
#749=ORIENTED_EDGE('',*,*,#1657,.F.);
#750=ORIENTED_EDGE('',*,*,#1703,.F.);
#751=ORIENTED_EDGE('',*,*,#1703,.T.);
#752=ORIENTED_EDGE('',*,*,#1656,.T.);
#753=ORIENTED_EDGE('',*,*,#1700,.F.);
#754=ORIENTED_EDGE('',*,*,#1704,.F.);
#755=ORIENTED_EDGE('',*,*,#1705,.T.);
#756=ORIENTED_EDGE('',*,*,#1668,.T.);
#757=ORIENTED_EDGE('',*,*,#1696,.F.);
#758=ORIENTED_EDGE('',*,*,#1706,.F.);
#759=ORIENTED_EDGE('',*,*,#1707,.F.);
#760=ORIENTED_EDGE('',*,*,#1708,.T.);
#761=ORIENTED_EDGE('',*,*,#1709,.T.);
#762=ORIENTED_EDGE('',*,*,#1669,.F.);
#763=ORIENTED_EDGE('',*,*,#1705,.F.);
#764=ORIENTED_EDGE('',*,*,#1710,.T.);
#765=ORIENTED_EDGE('',*,*,#1654,.T.);
#766=ORIENTED_EDGE('',*,*,#1711,.F.);
#767=ORIENTED_EDGE('',*,*,#1712,.F.);
#768=ORIENTED_EDGE('',*,*,#1713,.T.);
#769=ORIENTED_EDGE('',*,*,#1655,.T.);
#770=ORIENTED_EDGE('',*,*,#1710,.F.);
#771=ORIENTED_EDGE('',*,*,#1714,.F.);
#772=ORIENTED_EDGE('',*,*,#1715,.T.);
#773=ORIENTED_EDGE('',*,*,#1711,.T.);
#774=ORIENTED_EDGE('',*,*,#1653,.F.);
#775=ORIENTED_EDGE('',*,*,#1716,.F.);
#776=ORIENTED_EDGE('',*,*,#1716,.T.);
#777=ORIENTED_EDGE('',*,*,#1652,.T.);
#778=ORIENTED_EDGE('',*,*,#1713,.F.);
#779=ORIENTED_EDGE('',*,*,#1717,.F.);
#780=ORIENTED_EDGE('',*,*,#1718,.T.);
#781=ORIENTED_EDGE('',*,*,#1670,.T.);
#782=ORIENTED_EDGE('',*,*,#1709,.F.);
#783=ORIENTED_EDGE('',*,*,#1719,.F.);
#784=ORIENTED_EDGE('',*,*,#1720,.F.);
#785=ORIENTED_EDGE('',*,*,#1721,.T.);
#786=ORIENTED_EDGE('',*,*,#1722,.T.);
#787=ORIENTED_EDGE('',*,*,#1671,.F.);
#788=ORIENTED_EDGE('',*,*,#1718,.F.);
#789=ORIENTED_EDGE('',*,*,#1683,.T.);
#790=ORIENTED_EDGE('',*,*,#1664,.T.);
#791=ORIENTED_EDGE('',*,*,#1722,.F.);
#792=ORIENTED_EDGE('',*,*,#1723,.F.);
#793=ORIENTED_EDGE('',*,*,#1724,.F.);
#794=ORIENTED_EDGE('',*,*,#1672,.T.);
#795=ORIENTED_EDGE('',*,*,#1725,.F.);
#796=ORIENTED_EDGE('',*,*,#1677,.T.);
#797=ORIENTED_EDGE('',*,*,#1675,.T.);
#798=ORIENTED_EDGE('',*,*,#1678,.F.);
#799=ORIENTED_EDGE('',*,*,#1680,.T.);
#800=ORIENTED_EDGE('',*,*,#1726,.F.);
#801=ORIENTED_EDGE('',*,*,#1693,.T.);
#802=ORIENTED_EDGE('',*,*,#1681,.F.);
#803=ORIENTED_EDGE('',*,*,#1724,.T.);
#804=ORIENTED_EDGE('',*,*,#1688,.T.);
#805=ORIENTED_EDGE('',*,*,#1686,.T.);
#806=ORIENTED_EDGE('',*,*,#1689,.F.);
#807=ORIENTED_EDGE('',*,*,#1691,.T.);
#808=ORIENTED_EDGE('',*,*,#1706,.T.);
#809=ORIENTED_EDGE('',*,*,#1695,.F.);
#810=ORIENTED_EDGE('',*,*,#1694,.T.);
#811=ORIENTED_EDGE('',*,*,#1727,.F.);
#812=ORIENTED_EDGE('',*,*,#1701,.T.);
#813=ORIENTED_EDGE('',*,*,#1699,.T.);
#814=ORIENTED_EDGE('',*,*,#1702,.F.);
#815=ORIENTED_EDGE('',*,*,#1704,.T.);
#816=ORIENTED_EDGE('',*,*,#1708,.F.);
#817=ORIENTED_EDGE('',*,*,#1707,.T.);
#818=ORIENTED_EDGE('',*,*,#1728,.F.);
#819=ORIENTED_EDGE('',*,*,#1719,.T.);
#820=ORIENTED_EDGE('',*,*,#1714,.T.);
#821=ORIENTED_EDGE('',*,*,#1712,.T.);
#822=ORIENTED_EDGE('',*,*,#1715,.F.);
#823=ORIENTED_EDGE('',*,*,#1717,.T.);
#824=ORIENTED_EDGE('',*,*,#1721,.F.);
#825=ORIENTED_EDGE('',*,*,#1720,.T.);
#826=ORIENTED_EDGE('',*,*,#1729,.F.);
#827=ORIENTED_EDGE('',*,*,#1723,.T.);
#828=ORIENTED_EDGE('',*,*,#1725,.T.);
#829=ORIENTED_EDGE('',*,*,#1728,.T.);
#830=ORIENTED_EDGE('',*,*,#1727,.T.);
#831=ORIENTED_EDGE('',*,*,#1726,.T.);
#832=ORIENTED_EDGE('',*,*,#1729,.T.);
#833=ORIENTED_EDGE('',*,*,#1730,.T.);
#834=ORIENTED_EDGE('',*,*,#1731,.T.);
#835=ORIENTED_EDGE('',*,*,#1732,.T.);
#836=ORIENTED_EDGE('',*,*,#1733,.T.);
#837=ORIENTED_EDGE('',*,*,#1734,.F.);
#838=ORIENTED_EDGE('',*,*,#1735,.F.);
#839=ORIENTED_EDGE('',*,*,#1733,.F.);
#840=ORIENTED_EDGE('',*,*,#1736,.T.);
#841=ORIENTED_EDGE('',*,*,#1737,.F.);
#842=ORIENTED_EDGE('',*,*,#1738,.F.);
#843=ORIENTED_EDGE('',*,*,#1731,.F.);
#844=ORIENTED_EDGE('',*,*,#1739,.T.);
#845=ORIENTED_EDGE('',*,*,#1740,.T.);
#846=ORIENTED_EDGE('',*,*,#1741,.T.);
#847=ORIENTED_EDGE('',*,*,#1742,.T.);
#848=ORIENTED_EDGE('',*,*,#1743,.T.);
#849=ORIENTED_EDGE('',*,*,#1744,.F.);
#850=ORIENTED_EDGE('',*,*,#1745,.F.);
#851=ORIENTED_EDGE('',*,*,#1746,.F.);
#852=ORIENTED_EDGE('',*,*,#1739,.F.);
#853=ORIENTED_EDGE('',*,*,#1730,.F.);
#854=ORIENTED_EDGE('',*,*,#1735,.T.);
#855=ORIENTED_EDGE('',*,*,#1746,.T.);
#856=ORIENTED_EDGE('',*,*,#1747,.T.);
#857=ORIENTED_EDGE('',*,*,#1748,.T.);
#858=ORIENTED_EDGE('',*,*,#1737,.T.);
#859=ORIENTED_EDGE('',*,*,#1749,.T.);
#860=ORIENTED_EDGE('',*,*,#1750,.T.);
#861=ORIENTED_EDGE('',*,*,#1751,.T.);
#862=ORIENTED_EDGE('',*,*,#1752,.T.);
#863=ORIENTED_EDGE('',*,*,#1753,.F.);
#864=ORIENTED_EDGE('',*,*,#1736,.F.);
#865=ORIENTED_EDGE('',*,*,#1732,.F.);
#866=ORIENTED_EDGE('',*,*,#1738,.T.);
#867=ORIENTED_EDGE('',*,*,#1748,.F.);
#868=ORIENTED_EDGE('',*,*,#1754,.F.);
#869=ORIENTED_EDGE('',*,*,#1755,.F.);
#870=ORIENTED_EDGE('',*,*,#1754,.T.);
#871=ORIENTED_EDGE('',*,*,#1747,.F.);
#872=ORIENTED_EDGE('',*,*,#1745,.T.);
#873=ORIENTED_EDGE('',*,*,#1753,.T.);
#874=ORIENTED_EDGE('',*,*,#1755,.T.);
#875=ORIENTED_EDGE('',*,*,#1744,.T.);
#876=ORIENTED_EDGE('',*,*,#1734,.T.);
#877=ORIENTED_EDGE('',*,*,#1741,.F.);
#878=ORIENTED_EDGE('',*,*,#1756,.F.);
#879=ORIENTED_EDGE('',*,*,#1752,.F.);
#880=ORIENTED_EDGE('',*,*,#1757,.T.);
#881=ORIENTED_EDGE('',*,*,#1740,.F.);
#882=ORIENTED_EDGE('',*,*,#1758,.F.);
#883=ORIENTED_EDGE('',*,*,#1749,.F.);
#884=ORIENTED_EDGE('',*,*,#1756,.T.);
#885=ORIENTED_EDGE('',*,*,#1743,.F.);
#886=ORIENTED_EDGE('',*,*,#1759,.F.);
#887=ORIENTED_EDGE('',*,*,#1750,.F.);
#888=ORIENTED_EDGE('',*,*,#1758,.T.);
#889=ORIENTED_EDGE('',*,*,#1742,.F.);
#890=ORIENTED_EDGE('',*,*,#1757,.F.);
#891=ORIENTED_EDGE('',*,*,#1751,.F.);
#892=ORIENTED_EDGE('',*,*,#1759,.T.);
#893=ORIENTED_EDGE('',*,*,#1760,.F.);
#894=ORIENTED_EDGE('',*,*,#1761,.T.);
#895=ORIENTED_EDGE('',*,*,#1762,.F.);
#896=ORIENTED_EDGE('',*,*,#1763,.F.);
#897=ORIENTED_EDGE('',*,*,#1764,.F.);
#898=ORIENTED_EDGE('',*,*,#1765,.F.);
#899=ORIENTED_EDGE('',*,*,#1766,.F.);
#900=ORIENTED_EDGE('',*,*,#1767,.T.);
#901=ORIENTED_EDGE('',*,*,#1768,.T.);
#902=ORIENTED_EDGE('',*,*,#1769,.T.);
#903=ORIENTED_EDGE('',*,*,#1770,.F.);
#904=ORIENTED_EDGE('',*,*,#1767,.F.);
#905=ORIENTED_EDGE('',*,*,#1771,.F.);
#906=ORIENTED_EDGE('',*,*,#1761,.F.);
#907=ORIENTED_EDGE('',*,*,#1772,.F.);
#908=ORIENTED_EDGE('',*,*,#1763,.T.);
#909=ORIENTED_EDGE('',*,*,#1773,.F.);
#910=ORIENTED_EDGE('',*,*,#1765,.T.);
#911=ORIENTED_EDGE('',*,*,#1774,.T.);
#912=ORIENTED_EDGE('',*,*,#1775,.T.);
#913=ORIENTED_EDGE('',*,*,#1776,.T.);
#914=ORIENTED_EDGE('',*,*,#1777,.T.);
#915=ORIENTED_EDGE('',*,*,#1778,.T.);
#916=ORIENTED_EDGE('',*,*,#1779,.T.);
#917=ORIENTED_EDGE('',*,*,#1780,.T.);
#918=ORIENTED_EDGE('',*,*,#1781,.T.);
#919=ORIENTED_EDGE('',*,*,#1782,.T.);
#920=ORIENTED_EDGE('',*,*,#1783,.T.);
#921=ORIENTED_EDGE('',*,*,#1784,.T.);
#922=ORIENTED_EDGE('',*,*,#1785,.T.);
#923=ORIENTED_EDGE('',*,*,#1786,.T.);
#924=ORIENTED_EDGE('',*,*,#1769,.F.);
#925=ORIENTED_EDGE('',*,*,#1787,.T.);
#926=ORIENTED_EDGE('',*,*,#1768,.F.);
#927=ORIENTED_EDGE('',*,*,#1788,.T.);
#928=ORIENTED_EDGE('',*,*,#1789,.T.);
#929=ORIENTED_EDGE('',*,*,#1790,.T.);
#930=ORIENTED_EDGE('',*,*,#1791,.T.);
#931=ORIENTED_EDGE('',*,*,#1792,.T.);
#932=ORIENTED_EDGE('',*,*,#1793,.T.);
#933=ORIENTED_EDGE('',*,*,#1794,.T.);
#934=ORIENTED_EDGE('',*,*,#1795,.T.);
#935=ORIENTED_EDGE('',*,*,#1796,.T.);
#936=ORIENTED_EDGE('',*,*,#1797,.T.);
#937=ORIENTED_EDGE('',*,*,#1798,.T.);
#938=ORIENTED_EDGE('',*,*,#1799,.T.);
#939=ORIENTED_EDGE('',*,*,#1800,.T.);
#940=ORIENTED_EDGE('',*,*,#1801,.T.);
#941=ORIENTED_EDGE('',*,*,#1762,.T.);
#942=ORIENTED_EDGE('',*,*,#1771,.T.);
#943=ORIENTED_EDGE('',*,*,#1766,.T.);
#944=ORIENTED_EDGE('',*,*,#1773,.T.);
#945=ORIENTED_EDGE('',*,*,#1764,.T.);
#946=ORIENTED_EDGE('',*,*,#1770,.T.);
#947=ORIENTED_EDGE('',*,*,#1760,.T.);
#948=ORIENTED_EDGE('',*,*,#1772,.T.);
#949=ORIENTED_EDGE('',*,*,#1802,.F.);
#950=ORIENTED_EDGE('',*,*,#1796,.F.);
#951=ORIENTED_EDGE('',*,*,#1803,.F.);
#952=ORIENTED_EDGE('',*,*,#1781,.F.);
#953=ORIENTED_EDGE('',*,*,#1804,.F.);
#954=ORIENTED_EDGE('',*,*,#1802,.T.);
#955=ORIENTED_EDGE('',*,*,#1805,.F.);
#956=ORIENTED_EDGE('',*,*,#1806,.F.);
#957=ORIENTED_EDGE('',*,*,#1803,.T.);
#958=ORIENTED_EDGE('',*,*,#1807,.F.);
#959=ORIENTED_EDGE('',*,*,#1805,.T.);
#960=ORIENTED_EDGE('',*,*,#1780,.F.);
#961=ORIENTED_EDGE('',*,*,#1808,.F.);
#962=ORIENTED_EDGE('',*,*,#1785,.F.);
#963=ORIENTED_EDGE('',*,*,#1804,.T.);
#964=ORIENTED_EDGE('',*,*,#1784,.F.);
#965=ORIENTED_EDGE('',*,*,#1809,.F.);
#966=ORIENTED_EDGE('',*,*,#1797,.F.);
#967=ORIENTED_EDGE('',*,*,#1810,.F.);
#968=ORIENTED_EDGE('',*,*,#1794,.F.);
#969=ORIENTED_EDGE('',*,*,#1811,.F.);
#970=ORIENTED_EDGE('',*,*,#1791,.F.);
#971=ORIENTED_EDGE('',*,*,#1807,.T.);
#972=ORIENTED_EDGE('',*,*,#1795,.F.);
#973=ORIENTED_EDGE('',*,*,#1812,.F.);
#974=ORIENTED_EDGE('',*,*,#1774,.F.);
#975=ORIENTED_EDGE('',*,*,#1806,.T.);
#976=ORIENTED_EDGE('',*,*,#1777,.F.);
#977=ORIENTED_EDGE('',*,*,#1813,.F.);
#978=ORIENTED_EDGE('',*,*,#1778,.F.);
#979=ORIENTED_EDGE('',*,*,#1814,.F.);
#980=ORIENTED_EDGE('',*,*,#1779,.F.);
#981=ORIENTED_EDGE('',*,*,#1815,.F.);
#982=ORIENTED_EDGE('',*,*,#1801,.F.);
#983=ORIENTED_EDGE('',*,*,#1808,.T.);
#984=ORIENTED_EDGE('',*,*,#1814,.T.);
#985=ORIENTED_EDGE('',*,*,#1816,.F.);
#986=ORIENTED_EDGE('',*,*,#1811,.T.);
#987=ORIENTED_EDGE('',*,*,#1809,.T.);
#988=ORIENTED_EDGE('',*,*,#1817,.F.);
#989=ORIENTED_EDGE('',*,*,#1812,.T.);
#990=ORIENTED_EDGE('',*,*,#1810,.T.);
#991=ORIENTED_EDGE('',*,*,#1818,.F.);
#992=ORIENTED_EDGE('',*,*,#1815,.T.);
#993=ORIENTED_EDGE('',*,*,#1813,.T.);
#994=ORIENTED_EDGE('',*,*,#1819,.F.);
#995=ORIENTED_EDGE('',*,*,#1816,.T.);
#996=ORIENTED_EDGE('',*,*,#1800,.F.);
#997=ORIENTED_EDGE('',*,*,#1820,.F.);
#998=ORIENTED_EDGE('',*,*,#1782,.F.);
#999=ORIENTED_EDGE('',*,*,#1817,.T.);
#1000=ORIENTED_EDGE('',*,*,#1783,.F.);
#1001=ORIENTED_EDGE('',*,*,#1821,.F.);
#1002=ORIENTED_EDGE('',*,*,#1788,.F.);
#1003=ORIENTED_EDGE('',*,*,#1818,.T.);
#1004=ORIENTED_EDGE('',*,*,#1790,.F.);
#1005=ORIENTED_EDGE('',*,*,#1822,.F.);
#1006=ORIENTED_EDGE('',*,*,#1775,.F.);
#1007=ORIENTED_EDGE('',*,*,#1819,.T.);
#1008=ORIENTED_EDGE('',*,*,#1776,.F.);
#1009=ORIENTED_EDGE('',*,*,#1823,.F.);
#1010=ORIENTED_EDGE('',*,*,#1798,.F.);
#1011=ORIENTED_EDGE('',*,*,#1821,.T.);
#1012=ORIENTED_EDGE('',*,*,#1820,.T.);
#1013=ORIENTED_EDGE('',*,*,#1824,.F.);
#1014=ORIENTED_EDGE('',*,*,#1823,.T.);
#1015=ORIENTED_EDGE('',*,*,#1822,.T.);
#1016=ORIENTED_EDGE('',*,*,#1825,.F.);
#1017=ORIENTED_EDGE('',*,*,#1824,.T.);
#1018=ORIENTED_EDGE('',*,*,#1799,.F.);
#1019=ORIENTED_EDGE('',*,*,#1825,.T.);
#1020=ORIENTED_EDGE('',*,*,#1789,.F.);
#1021=ORIENTED_EDGE('',*,*,#1792,.F.);
#1022=ORIENTED_EDGE('',*,*,#1787,.F.);
#1023=ORIENTED_EDGE('',*,*,#1793,.F.);
#1024=ORIENTED_EDGE('',*,*,#1786,.F.);
#1025=ORIENTED_EDGE('',*,*,#1826,.T.);
#1026=ORIENTED_EDGE('',*,*,#1827,.T.);
#1027=ORIENTED_EDGE('',*,*,#1828,.T.);
#1028=ORIENTED_EDGE('',*,*,#1829,.T.);
#1029=ORIENTED_EDGE('',*,*,#1830,.F.);
#1030=ORIENTED_EDGE('',*,*,#1831,.F.);
#1031=ORIENTED_EDGE('',*,*,#1829,.F.);
#1032=ORIENTED_EDGE('',*,*,#1832,.T.);
#1033=ORIENTED_EDGE('',*,*,#1833,.F.);
#1034=ORIENTED_EDGE('',*,*,#1834,.F.);
#1035=ORIENTED_EDGE('',*,*,#1827,.F.);
#1036=ORIENTED_EDGE('',*,*,#1835,.T.);
#1037=ORIENTED_EDGE('',*,*,#1836,.T.);
#1038=ORIENTED_EDGE('',*,*,#1837,.T.);
#1039=ORIENTED_EDGE('',*,*,#1838,.T.);
#1040=ORIENTED_EDGE('',*,*,#1839,.T.);
#1041=ORIENTED_EDGE('',*,*,#1840,.F.);
#1042=ORIENTED_EDGE('',*,*,#1841,.F.);
#1043=ORIENTED_EDGE('',*,*,#1842,.F.);
#1044=ORIENTED_EDGE('',*,*,#1835,.F.);
#1045=ORIENTED_EDGE('',*,*,#1826,.F.);
#1046=ORIENTED_EDGE('',*,*,#1831,.T.);
#1047=ORIENTED_EDGE('',*,*,#1842,.T.);
#1048=ORIENTED_EDGE('',*,*,#1843,.T.);
#1049=ORIENTED_EDGE('',*,*,#1844,.T.);
#1050=ORIENTED_EDGE('',*,*,#1833,.T.);
#1051=ORIENTED_EDGE('',*,*,#1845,.T.);
#1052=ORIENTED_EDGE('',*,*,#1846,.T.);
#1053=ORIENTED_EDGE('',*,*,#1847,.T.);
#1054=ORIENTED_EDGE('',*,*,#1848,.T.);
#1055=ORIENTED_EDGE('',*,*,#1849,.F.);
#1056=ORIENTED_EDGE('',*,*,#1832,.F.);
#1057=ORIENTED_EDGE('',*,*,#1828,.F.);
#1058=ORIENTED_EDGE('',*,*,#1834,.T.);
#1059=ORIENTED_EDGE('',*,*,#1844,.F.);
#1060=ORIENTED_EDGE('',*,*,#1850,.F.);
#1061=ORIENTED_EDGE('',*,*,#1851,.F.);
#1062=ORIENTED_EDGE('',*,*,#1850,.T.);
#1063=ORIENTED_EDGE('',*,*,#1843,.F.);
#1064=ORIENTED_EDGE('',*,*,#1841,.T.);
#1065=ORIENTED_EDGE('',*,*,#1849,.T.);
#1066=ORIENTED_EDGE('',*,*,#1851,.T.);
#1067=ORIENTED_EDGE('',*,*,#1840,.T.);
#1068=ORIENTED_EDGE('',*,*,#1830,.T.);
#1069=ORIENTED_EDGE('',*,*,#1837,.F.);
#1070=ORIENTED_EDGE('',*,*,#1852,.F.);
#1071=ORIENTED_EDGE('',*,*,#1848,.F.);
#1072=ORIENTED_EDGE('',*,*,#1853,.T.);
#1073=ORIENTED_EDGE('',*,*,#1836,.F.);
#1074=ORIENTED_EDGE('',*,*,#1854,.F.);
#1075=ORIENTED_EDGE('',*,*,#1845,.F.);
#1076=ORIENTED_EDGE('',*,*,#1852,.T.);
#1077=ORIENTED_EDGE('',*,*,#1839,.F.);
#1078=ORIENTED_EDGE('',*,*,#1855,.F.);
#1079=ORIENTED_EDGE('',*,*,#1846,.F.);
#1080=ORIENTED_EDGE('',*,*,#1854,.T.);
#1081=ORIENTED_EDGE('',*,*,#1838,.F.);
#1082=ORIENTED_EDGE('',*,*,#1853,.F.);
#1083=ORIENTED_EDGE('',*,*,#1847,.F.);
#1084=ORIENTED_EDGE('',*,*,#1855,.T.);
#1085=ORIENTED_EDGE('',*,*,#1856,.F.);
#1086=ORIENTED_EDGE('',*,*,#1857,.T.);
#1087=ORIENTED_EDGE('',*,*,#1858,.F.);
#1088=ORIENTED_EDGE('',*,*,#1859,.F.);
#1089=ORIENTED_EDGE('',*,*,#1860,.F.);
#1090=ORIENTED_EDGE('',*,*,#1861,.F.);
#1091=ORIENTED_EDGE('',*,*,#1862,.F.);
#1092=ORIENTED_EDGE('',*,*,#1863,.T.);
#1093=ORIENTED_EDGE('',*,*,#1864,.T.);
#1094=ORIENTED_EDGE('',*,*,#1865,.T.);
#1095=ORIENTED_EDGE('',*,*,#1866,.F.);
#1096=ORIENTED_EDGE('',*,*,#1863,.F.);
#1097=ORIENTED_EDGE('',*,*,#1867,.F.);
#1098=ORIENTED_EDGE('',*,*,#1857,.F.);
#1099=ORIENTED_EDGE('',*,*,#1868,.F.);
#1100=ORIENTED_EDGE('',*,*,#1859,.T.);
#1101=ORIENTED_EDGE('',*,*,#1869,.F.);
#1102=ORIENTED_EDGE('',*,*,#1861,.T.);
#1103=ORIENTED_EDGE('',*,*,#1870,.T.);
#1104=ORIENTED_EDGE('',*,*,#1871,.T.);
#1105=ORIENTED_EDGE('',*,*,#1872,.T.);
#1106=ORIENTED_EDGE('',*,*,#1873,.T.);
#1107=ORIENTED_EDGE('',*,*,#1874,.T.);
#1108=ORIENTED_EDGE('',*,*,#1875,.T.);
#1109=ORIENTED_EDGE('',*,*,#1876,.T.);
#1110=ORIENTED_EDGE('',*,*,#1877,.T.);
#1111=ORIENTED_EDGE('',*,*,#1878,.T.);
#1112=ORIENTED_EDGE('',*,*,#1879,.T.);
#1113=ORIENTED_EDGE('',*,*,#1880,.T.);
#1114=ORIENTED_EDGE('',*,*,#1881,.T.);
#1115=ORIENTED_EDGE('',*,*,#1882,.T.);
#1116=ORIENTED_EDGE('',*,*,#1865,.F.);
#1117=ORIENTED_EDGE('',*,*,#1883,.T.);
#1118=ORIENTED_EDGE('',*,*,#1864,.F.);
#1119=ORIENTED_EDGE('',*,*,#1884,.T.);
#1120=ORIENTED_EDGE('',*,*,#1885,.T.);
#1121=ORIENTED_EDGE('',*,*,#1886,.T.);
#1122=ORIENTED_EDGE('',*,*,#1887,.T.);
#1123=ORIENTED_EDGE('',*,*,#1888,.T.);
#1124=ORIENTED_EDGE('',*,*,#1889,.T.);
#1125=ORIENTED_EDGE('',*,*,#1890,.T.);
#1126=ORIENTED_EDGE('',*,*,#1891,.T.);
#1127=ORIENTED_EDGE('',*,*,#1892,.T.);
#1128=ORIENTED_EDGE('',*,*,#1893,.T.);
#1129=ORIENTED_EDGE('',*,*,#1894,.T.);
#1130=ORIENTED_EDGE('',*,*,#1895,.T.);
#1131=ORIENTED_EDGE('',*,*,#1896,.T.);
#1132=ORIENTED_EDGE('',*,*,#1897,.T.);
#1133=ORIENTED_EDGE('',*,*,#1858,.T.);
#1134=ORIENTED_EDGE('',*,*,#1867,.T.);
#1135=ORIENTED_EDGE('',*,*,#1862,.T.);
#1136=ORIENTED_EDGE('',*,*,#1869,.T.);
#1137=ORIENTED_EDGE('',*,*,#1860,.T.);
#1138=ORIENTED_EDGE('',*,*,#1866,.T.);
#1139=ORIENTED_EDGE('',*,*,#1856,.T.);
#1140=ORIENTED_EDGE('',*,*,#1868,.T.);
#1141=ORIENTED_EDGE('',*,*,#1898,.F.);
#1142=ORIENTED_EDGE('',*,*,#1892,.F.);
#1143=ORIENTED_EDGE('',*,*,#1899,.F.);
#1144=ORIENTED_EDGE('',*,*,#1877,.F.);
#1145=ORIENTED_EDGE('',*,*,#1900,.F.);
#1146=ORIENTED_EDGE('',*,*,#1898,.T.);
#1147=ORIENTED_EDGE('',*,*,#1901,.F.);
#1148=ORIENTED_EDGE('',*,*,#1902,.F.);
#1149=ORIENTED_EDGE('',*,*,#1899,.T.);
#1150=ORIENTED_EDGE('',*,*,#1903,.F.);
#1151=ORIENTED_EDGE('',*,*,#1901,.T.);
#1152=ORIENTED_EDGE('',*,*,#1876,.F.);
#1153=ORIENTED_EDGE('',*,*,#1904,.F.);
#1154=ORIENTED_EDGE('',*,*,#1881,.F.);
#1155=ORIENTED_EDGE('',*,*,#1900,.T.);
#1156=ORIENTED_EDGE('',*,*,#1880,.F.);
#1157=ORIENTED_EDGE('',*,*,#1905,.F.);
#1158=ORIENTED_EDGE('',*,*,#1893,.F.);
#1159=ORIENTED_EDGE('',*,*,#1906,.F.);
#1160=ORIENTED_EDGE('',*,*,#1890,.F.);
#1161=ORIENTED_EDGE('',*,*,#1907,.F.);
#1162=ORIENTED_EDGE('',*,*,#1887,.F.);
#1163=ORIENTED_EDGE('',*,*,#1903,.T.);
#1164=ORIENTED_EDGE('',*,*,#1891,.F.);
#1165=ORIENTED_EDGE('',*,*,#1908,.F.);
#1166=ORIENTED_EDGE('',*,*,#1870,.F.);
#1167=ORIENTED_EDGE('',*,*,#1902,.T.);
#1168=ORIENTED_EDGE('',*,*,#1873,.F.);
#1169=ORIENTED_EDGE('',*,*,#1909,.F.);
#1170=ORIENTED_EDGE('',*,*,#1874,.F.);
#1171=ORIENTED_EDGE('',*,*,#1910,.F.);
#1172=ORIENTED_EDGE('',*,*,#1875,.F.);
#1173=ORIENTED_EDGE('',*,*,#1911,.F.);
#1174=ORIENTED_EDGE('',*,*,#1897,.F.);
#1175=ORIENTED_EDGE('',*,*,#1904,.T.);
#1176=ORIENTED_EDGE('',*,*,#1910,.T.);
#1177=ORIENTED_EDGE('',*,*,#1912,.F.);
#1178=ORIENTED_EDGE('',*,*,#1907,.T.);
#1179=ORIENTED_EDGE('',*,*,#1905,.T.);
#1180=ORIENTED_EDGE('',*,*,#1913,.F.);
#1181=ORIENTED_EDGE('',*,*,#1908,.T.);
#1182=ORIENTED_EDGE('',*,*,#1906,.T.);
#1183=ORIENTED_EDGE('',*,*,#1914,.F.);
#1184=ORIENTED_EDGE('',*,*,#1911,.T.);
#1185=ORIENTED_EDGE('',*,*,#1909,.T.);
#1186=ORIENTED_EDGE('',*,*,#1915,.F.);
#1187=ORIENTED_EDGE('',*,*,#1912,.T.);
#1188=ORIENTED_EDGE('',*,*,#1896,.F.);
#1189=ORIENTED_EDGE('',*,*,#1916,.F.);
#1190=ORIENTED_EDGE('',*,*,#1878,.F.);
#1191=ORIENTED_EDGE('',*,*,#1913,.T.);
#1192=ORIENTED_EDGE('',*,*,#1879,.F.);
#1193=ORIENTED_EDGE('',*,*,#1917,.F.);
#1194=ORIENTED_EDGE('',*,*,#1884,.F.);
#1195=ORIENTED_EDGE('',*,*,#1914,.T.);
#1196=ORIENTED_EDGE('',*,*,#1886,.F.);
#1197=ORIENTED_EDGE('',*,*,#1918,.F.);
#1198=ORIENTED_EDGE('',*,*,#1871,.F.);
#1199=ORIENTED_EDGE('',*,*,#1915,.T.);
#1200=ORIENTED_EDGE('',*,*,#1872,.F.);
#1201=ORIENTED_EDGE('',*,*,#1919,.F.);
#1202=ORIENTED_EDGE('',*,*,#1894,.F.);
#1203=ORIENTED_EDGE('',*,*,#1917,.T.);
#1204=ORIENTED_EDGE('',*,*,#1916,.T.);
#1205=ORIENTED_EDGE('',*,*,#1920,.F.);
#1206=ORIENTED_EDGE('',*,*,#1919,.T.);
#1207=ORIENTED_EDGE('',*,*,#1918,.T.);
#1208=ORIENTED_EDGE('',*,*,#1921,.F.);
#1209=ORIENTED_EDGE('',*,*,#1920,.T.);
#1210=ORIENTED_EDGE('',*,*,#1895,.F.);
#1211=ORIENTED_EDGE('',*,*,#1921,.T.);
#1212=ORIENTED_EDGE('',*,*,#1885,.F.);
#1213=ORIENTED_EDGE('',*,*,#1888,.F.);
#1214=ORIENTED_EDGE('',*,*,#1883,.F.);
#1215=ORIENTED_EDGE('',*,*,#1889,.F.);
#1216=ORIENTED_EDGE('',*,*,#1882,.F.);
#1217=ORIENTED_EDGE('',*,*,#1922,.T.);
#1218=ORIENTED_EDGE('',*,*,#1923,.F.);
#1219=ORIENTED_EDGE('',*,*,#1922,.F.);
#1220=ORIENTED_EDGE('',*,*,#1924,.F.);
#1221=ORIENTED_EDGE('',*,*,#1925,.T.);
#1222=ORIENTED_EDGE('',*,*,#1924,.T.);
#1223=ORIENTED_EDGE('',*,*,#1926,.F.);
#1224=ORIENTED_EDGE('',*,*,#1925,.F.);
#1225=ORIENTED_EDGE('',*,*,#1927,.T.);
#1226=ORIENTED_EDGE('',*,*,#1926,.T.);
#1227=ORIENTED_EDGE('',*,*,#1928,.F.);
#1228=ORIENTED_EDGE('',*,*,#1927,.F.);
#1229=ORIENTED_EDGE('',*,*,#1929,.T.);
#1230=ORIENTED_EDGE('',*,*,#1928,.T.);
#1231=ORIENTED_EDGE('',*,*,#1930,.F.);
#1232=ORIENTED_EDGE('',*,*,#1929,.F.);
#1233=ORIENTED_EDGE('',*,*,#1931,.T.);
#1234=ORIENTED_EDGE('',*,*,#1930,.T.);
#1235=ORIENTED_EDGE('',*,*,#1932,.F.);
#1236=ORIENTED_EDGE('',*,*,#1933,.F.);
#1237=ORIENTED_EDGE('',*,*,#1931,.F.);
#1238=ORIENTED_EDGE('',*,*,#1932,.T.);
#1239=ORIENTED_EDGE('',*,*,#1934,.F.);
#1240=ORIENTED_EDGE('',*,*,#1935,.F.);
#1241=ORIENTED_EDGE('',*,*,#1936,.T.);
#1242=ORIENTED_EDGE('',*,*,#1937,.F.);
#1243=ORIENTED_EDGE('',*,*,#1938,.F.);
#1244=ORIENTED_EDGE('',*,*,#1939,.F.);
#1245=ORIENTED_EDGE('',*,*,#1940,.T.);
#1246=ORIENTED_EDGE('',*,*,#1941,.F.);
#1247=ORIENTED_EDGE('',*,*,#1942,.F.);
#1248=ORIENTED_EDGE('',*,*,#1933,.T.);
#1249=ORIENTED_EDGE('',*,*,#1943,.F.);
#1250=ORIENTED_EDGE('',*,*,#1944,.T.);
#1251=ORIENTED_EDGE('',*,*,#1945,.F.);
#1252=ORIENTED_EDGE('',*,*,#1946,.F.);
#1253=ORIENTED_EDGE('',*,*,#1947,.F.);
#1254=ORIENTED_EDGE('',*,*,#1948,.T.);
#1255=ORIENTED_EDGE('',*,*,#1949,.F.);
#1256=ORIENTED_EDGE('',*,*,#1950,.F.);
#1257=ORIENTED_EDGE('',*,*,#1951,.F.);
#1258=ORIENTED_EDGE('',*,*,#1952,.T.);
#1259=ORIENTED_EDGE('',*,*,#1953,.F.);
#1260=ORIENTED_EDGE('',*,*,#1954,.T.);
#1261=ORIENTED_EDGE('',*,*,#1955,.F.);
#1262=ORIENTED_EDGE('',*,*,#1956,.T.);
#1263=ORIENTED_EDGE('',*,*,#1957,.F.);
#1264=ORIENTED_EDGE('',*,*,#1958,.T.);
#1265=ORIENTED_EDGE('',*,*,#1934,.T.);
#1266=ORIENTED_EDGE('',*,*,#1959,.F.);
#1267=ORIENTED_EDGE('',*,*,#1960,.T.);
#1268=ORIENTED_EDGE('',*,*,#1949,.T.);
#1269=ORIENTED_EDGE('',*,*,#1961,.F.);
#1270=ORIENTED_EDGE('',*,*,#1962,.F.);
#1271=ORIENTED_EDGE('',*,*,#1963,.T.);
#1272=ORIENTED_EDGE('',*,*,#1950,.T.);
#1273=ORIENTED_EDGE('',*,*,#1960,.F.);
#1274=ORIENTED_EDGE('',*,*,#1964,.F.);
#1275=ORIENTED_EDGE('',*,*,#1965,.T.);
#1276=ORIENTED_EDGE('',*,*,#1961,.T.);
#1277=ORIENTED_EDGE('',*,*,#1948,.F.);
#1278=ORIENTED_EDGE('',*,*,#1966,.F.);
#1279=ORIENTED_EDGE('',*,*,#1966,.T.);
#1280=ORIENTED_EDGE('',*,*,#1947,.T.);
#1281=ORIENTED_EDGE('',*,*,#1963,.F.);
#1282=ORIENTED_EDGE('',*,*,#1967,.F.);
#1283=ORIENTED_EDGE('',*,*,#1968,.T.);
#1284=ORIENTED_EDGE('',*,*,#1969,.T.);
#1285=ORIENTED_EDGE('',*,*,#1952,.F.);
#1286=ORIENTED_EDGE('',*,*,#1970,.F.);
#1287=ORIENTED_EDGE('',*,*,#1971,.T.);
#1288=ORIENTED_EDGE('',*,*,#1937,.T.);
#1289=ORIENTED_EDGE('',*,*,#1972,.F.);
#1290=ORIENTED_EDGE('',*,*,#1973,.F.);
#1291=ORIENTED_EDGE('',*,*,#1974,.T.);
#1292=ORIENTED_EDGE('',*,*,#1938,.T.);
#1293=ORIENTED_EDGE('',*,*,#1971,.F.);
#1294=ORIENTED_EDGE('',*,*,#1975,.F.);
#1295=ORIENTED_EDGE('',*,*,#1976,.T.);
#1296=ORIENTED_EDGE('',*,*,#1972,.T.);
#1297=ORIENTED_EDGE('',*,*,#1936,.F.);
#1298=ORIENTED_EDGE('',*,*,#1977,.F.);
#1299=ORIENTED_EDGE('',*,*,#1977,.T.);
#1300=ORIENTED_EDGE('',*,*,#1935,.T.);
#1301=ORIENTED_EDGE('',*,*,#1974,.F.);
#1302=ORIENTED_EDGE('',*,*,#1978,.F.);
#1303=ORIENTED_EDGE('',*,*,#1979,.T.);
#1304=ORIENTED_EDGE('',*,*,#1953,.T.);
#1305=ORIENTED_EDGE('',*,*,#1969,.F.);
#1306=ORIENTED_EDGE('',*,*,#1980,.F.);
#1307=ORIENTED_EDGE('',*,*,#1981,.F.);
#1308=ORIENTED_EDGE('',*,*,#1982,.T.);
#1309=ORIENTED_EDGE('',*,*,#1983,.T.);
#1310=ORIENTED_EDGE('',*,*,#1954,.F.);
#1311=ORIENTED_EDGE('',*,*,#1979,.F.);
#1312=ORIENTED_EDGE('',*,*,#1984,.T.);
#1313=ORIENTED_EDGE('',*,*,#1945,.T.);
#1314=ORIENTED_EDGE('',*,*,#1985,.F.);
#1315=ORIENTED_EDGE('',*,*,#1986,.F.);
#1316=ORIENTED_EDGE('',*,*,#1987,.T.);
#1317=ORIENTED_EDGE('',*,*,#1946,.T.);
#1318=ORIENTED_EDGE('',*,*,#1984,.F.);
#1319=ORIENTED_EDGE('',*,*,#1988,.F.);
#1320=ORIENTED_EDGE('',*,*,#1989,.T.);
#1321=ORIENTED_EDGE('',*,*,#1985,.T.);
#1322=ORIENTED_EDGE('',*,*,#1944,.F.);
#1323=ORIENTED_EDGE('',*,*,#1990,.F.);
#1324=ORIENTED_EDGE('',*,*,#1990,.T.);
#1325=ORIENTED_EDGE('',*,*,#1943,.T.);
#1326=ORIENTED_EDGE('',*,*,#1987,.F.);
#1327=ORIENTED_EDGE('',*,*,#1991,.F.);
#1328=ORIENTED_EDGE('',*,*,#1992,.T.);
#1329=ORIENTED_EDGE('',*,*,#1955,.T.);
#1330=ORIENTED_EDGE('',*,*,#1983,.F.);
#1331=ORIENTED_EDGE('',*,*,#1993,.F.);
#1332=ORIENTED_EDGE('',*,*,#1994,.F.);
#1333=ORIENTED_EDGE('',*,*,#1995,.T.);
#1334=ORIENTED_EDGE('',*,*,#1996,.T.);
#1335=ORIENTED_EDGE('',*,*,#1956,.F.);
#1336=ORIENTED_EDGE('',*,*,#1992,.F.);
#1337=ORIENTED_EDGE('',*,*,#1997,.T.);
#1338=ORIENTED_EDGE('',*,*,#1941,.T.);
#1339=ORIENTED_EDGE('',*,*,#1998,.F.);
#1340=ORIENTED_EDGE('',*,*,#1999,.F.);
#1341=ORIENTED_EDGE('',*,*,#2000,.T.);
#1342=ORIENTED_EDGE('',*,*,#1942,.T.);
#1343=ORIENTED_EDGE('',*,*,#1997,.F.);
#1344=ORIENTED_EDGE('',*,*,#2001,.F.);
#1345=ORIENTED_EDGE('',*,*,#2002,.T.);
#1346=ORIENTED_EDGE('',*,*,#1998,.T.);
#1347=ORIENTED_EDGE('',*,*,#1940,.F.);
#1348=ORIENTED_EDGE('',*,*,#2003,.F.);
#1349=ORIENTED_EDGE('',*,*,#2003,.T.);
#1350=ORIENTED_EDGE('',*,*,#1939,.T.);
#1351=ORIENTED_EDGE('',*,*,#2000,.F.);
#1352=ORIENTED_EDGE('',*,*,#2004,.F.);
#1353=ORIENTED_EDGE('',*,*,#2005,.T.);
#1354=ORIENTED_EDGE('',*,*,#1957,.T.);
#1355=ORIENTED_EDGE('',*,*,#1996,.F.);
#1356=ORIENTED_EDGE('',*,*,#2006,.F.);
#1357=ORIENTED_EDGE('',*,*,#2007,.F.);
#1358=ORIENTED_EDGE('',*,*,#2008,.T.);
#1359=ORIENTED_EDGE('',*,*,#2009,.T.);
#1360=ORIENTED_EDGE('',*,*,#1958,.F.);
#1361=ORIENTED_EDGE('',*,*,#2005,.F.);
#1362=ORIENTED_EDGE('',*,*,#1970,.T.);
#1363=ORIENTED_EDGE('',*,*,#1951,.T.);
#1364=ORIENTED_EDGE('',*,*,#2009,.F.);
#1365=ORIENTED_EDGE('',*,*,#2010,.F.);
#1366=ORIENTED_EDGE('',*,*,#2011,.F.);
#1367=ORIENTED_EDGE('',*,*,#1959,.T.);
#1368=ORIENTED_EDGE('',*,*,#2012,.F.);
#1369=ORIENTED_EDGE('',*,*,#1964,.T.);
#1370=ORIENTED_EDGE('',*,*,#1962,.T.);
#1371=ORIENTED_EDGE('',*,*,#1965,.F.);
#1372=ORIENTED_EDGE('',*,*,#1967,.T.);
#1373=ORIENTED_EDGE('',*,*,#2013,.F.);
#1374=ORIENTED_EDGE('',*,*,#1980,.T.);
#1375=ORIENTED_EDGE('',*,*,#1968,.F.);
#1376=ORIENTED_EDGE('',*,*,#2011,.T.);
#1377=ORIENTED_EDGE('',*,*,#1975,.T.);
#1378=ORIENTED_EDGE('',*,*,#1973,.T.);
#1379=ORIENTED_EDGE('',*,*,#1976,.F.);
#1380=ORIENTED_EDGE('',*,*,#1978,.T.);
#1381=ORIENTED_EDGE('',*,*,#1993,.T.);
#1382=ORIENTED_EDGE('',*,*,#1982,.F.);
#1383=ORIENTED_EDGE('',*,*,#1981,.T.);
#1384=ORIENTED_EDGE('',*,*,#2014,.F.);
#1385=ORIENTED_EDGE('',*,*,#1988,.T.);
#1386=ORIENTED_EDGE('',*,*,#1986,.T.);
#1387=ORIENTED_EDGE('',*,*,#1989,.F.);
#1388=ORIENTED_EDGE('',*,*,#1991,.T.);
#1389=ORIENTED_EDGE('',*,*,#1995,.F.);
#1390=ORIENTED_EDGE('',*,*,#1994,.T.);
#1391=ORIENTED_EDGE('',*,*,#2015,.F.);
#1392=ORIENTED_EDGE('',*,*,#2006,.T.);
#1393=ORIENTED_EDGE('',*,*,#2001,.T.);
#1394=ORIENTED_EDGE('',*,*,#1999,.T.);
#1395=ORIENTED_EDGE('',*,*,#2002,.F.);
#1396=ORIENTED_EDGE('',*,*,#2004,.T.);
#1397=ORIENTED_EDGE('',*,*,#2008,.F.);
#1398=ORIENTED_EDGE('',*,*,#2007,.T.);
#1399=ORIENTED_EDGE('',*,*,#2016,.F.);
#1400=ORIENTED_EDGE('',*,*,#2010,.T.);
#1401=ORIENTED_EDGE('',*,*,#2012,.T.);
#1402=ORIENTED_EDGE('',*,*,#2015,.T.);
#1403=ORIENTED_EDGE('',*,*,#2014,.T.);
#1404=ORIENTED_EDGE('',*,*,#2013,.T.);
#1405=ORIENTED_EDGE('',*,*,#2016,.T.);
#1406=ORIENTED_EDGE('',*,*,#2017,.T.);
#1407=ORIENTED_EDGE('',*,*,#2018,.F.);
#1408=ORIENTED_EDGE('',*,*,#2017,.F.);
#1409=ORIENTED_EDGE('',*,*,#2019,.T.);
#1410=ORIENTED_EDGE('',*,*,#2020,.T.);
#1411=ORIENTED_EDGE('',*,*,#2021,.T.);
#1412=ORIENTED_EDGE('',*,*,#2022,.T.);
#1413=ORIENTED_EDGE('',*,*,#2023,.T.);
#1414=ORIENTED_EDGE('',*,*,#2024,.T.);
#1415=ORIENTED_EDGE('',*,*,#2025,.T.);
#1416=ORIENTED_EDGE('',*,*,#2026,.F.);
#1417=ORIENTED_EDGE('',*,*,#2027,.T.);
#1418=ORIENTED_EDGE('',*,*,#2028,.T.);
#1419=ORIENTED_EDGE('',*,*,#2019,.F.);
#1420=ORIENTED_EDGE('',*,*,#2028,.F.);
#1421=ORIENTED_EDGE('',*,*,#2029,.T.);
#1422=ORIENTED_EDGE('',*,*,#2030,.T.);
#1423=ORIENTED_EDGE('',*,*,#2027,.F.);
#1424=ORIENTED_EDGE('',*,*,#2030,.F.);
#1425=ORIENTED_EDGE('',*,*,#2031,.T.);
#1426=ORIENTED_EDGE('',*,*,#2032,.F.);
#1427=ORIENTED_EDGE('',*,*,#2032,.T.);
#1428=ORIENTED_EDGE('',*,*,#2029,.F.);
#1429=ORIENTED_EDGE('',*,*,#2031,.F.);
#1430=ORIENTED_EDGE('',*,*,#2020,.F.);
#1431=ORIENTED_EDGE('',*,*,#2033,.T.);
#1432=ORIENTED_EDGE('',*,*,#2033,.F.);
#1433=ORIENTED_EDGE('',*,*,#2034,.F.);
#1434=ORIENTED_EDGE('',*,*,#2034,.T.);
#1435=ORIENTED_EDGE('',*,*,#2035,.F.);
#1436=ORIENTED_EDGE('',*,*,#2035,.T.);
#1437=ORIENTED_EDGE('',*,*,#2036,.T.);
#1438=ORIENTED_EDGE('',*,*,#2021,.F.);
#1439=ORIENTED_EDGE('',*,*,#2037,.T.);
#1440=ORIENTED_EDGE('',*,*,#2037,.F.);
#1441=ORIENTED_EDGE('',*,*,#2038,.F.);
#1442=ORIENTED_EDGE('',*,*,#2038,.T.);
#1443=ORIENTED_EDGE('',*,*,#2039,.F.);
#1444=ORIENTED_EDGE('',*,*,#2039,.T.);
#1445=ORIENTED_EDGE('',*,*,#2040,.T.);
#1446=ORIENTED_EDGE('',*,*,#2022,.F.);
#1447=ORIENTED_EDGE('',*,*,#2041,.T.);
#1448=ORIENTED_EDGE('',*,*,#2041,.F.);
#1449=ORIENTED_EDGE('',*,*,#2042,.F.);
#1450=ORIENTED_EDGE('',*,*,#2042,.T.);
#1451=ORIENTED_EDGE('',*,*,#2043,.F.);
#1452=ORIENTED_EDGE('',*,*,#2043,.T.);
#1453=ORIENTED_EDGE('',*,*,#2044,.T.);
#1454=ORIENTED_EDGE('',*,*,#2023,.F.);
#1455=ORIENTED_EDGE('',*,*,#2045,.T.);
#1456=ORIENTED_EDGE('',*,*,#2045,.F.);
#1457=ORIENTED_EDGE('',*,*,#2046,.F.);
#1458=ORIENTED_EDGE('',*,*,#2046,.T.);
#1459=ORIENTED_EDGE('',*,*,#2047,.F.);
#1460=ORIENTED_EDGE('',*,*,#2047,.T.);
#1461=ORIENTED_EDGE('',*,*,#2048,.T.);
#1462=ORIENTED_EDGE('',*,*,#2024,.F.);
#1463=ORIENTED_EDGE('',*,*,#2049,.T.);
#1464=ORIENTED_EDGE('',*,*,#2049,.F.);
#1465=ORIENTED_EDGE('',*,*,#2050,.F.);
#1466=ORIENTED_EDGE('',*,*,#2050,.T.);
#1467=ORIENTED_EDGE('',*,*,#2051,.F.);
#1468=ORIENTED_EDGE('',*,*,#2051,.T.);
#1469=ORIENTED_EDGE('',*,*,#2052,.T.);
#1470=ORIENTED_EDGE('',*,*,#2025,.F.);
#1471=ORIENTED_EDGE('',*,*,#2053,.T.);
#1472=ORIENTED_EDGE('',*,*,#2053,.F.);
#1473=ORIENTED_EDGE('',*,*,#2054,.F.);
#1474=ORIENTED_EDGE('',*,*,#2054,.T.);
#1475=ORIENTED_EDGE('',*,*,#2055,.F.);
#1476=ORIENTED_EDGE('',*,*,#2055,.T.);
#1477=ORIENTED_EDGE('',*,*,#2056,.T.);
#1478=ORIENTED_EDGE('',*,*,#2057,.F.);
#1479=ORIENTED_EDGE('',*,*,#2057,.T.);
#1480=ORIENTED_EDGE('',*,*,#2058,.F.);
#1481=ORIENTED_EDGE('',*,*,#2026,.T.);
#1482=ORIENTED_EDGE('',*,*,#2059,.F.);
#1483=ORIENTED_EDGE('',*,*,#2058,.T.);
#1484=ORIENTED_EDGE('',*,*,#2052,.F.);
#1485=ORIENTED_EDGE('',*,*,#2044,.F.);
#1486=ORIENTED_EDGE('',*,*,#2036,.F.);
#1487=ORIENTED_EDGE('',*,*,#2040,.F.);
#1488=ORIENTED_EDGE('',*,*,#2048,.F.);
#1489=ORIENTED_EDGE('',*,*,#2056,.F.);
#1490=ORIENTED_EDGE('',*,*,#2060,.F.);
#1491=ORIENTED_EDGE('',*,*,#2059,.T.);
#1492=ORIENTED_EDGE('',*,*,#2060,.T.);
#1493=ORIENTED_EDGE('',*,*,#2061,.T.);
#1494=ORIENTED_EDGE('',*,*,#2062,.T.);
#1495=ORIENTED_EDGE('',*,*,#2063,.T.);
#1496=ORIENTED_EDGE('',*,*,#2064,.T.);
#1497=ORIENTED_EDGE('',*,*,#2065,.T.);
#1498=ORIENTED_EDGE('',*,*,#2066,.T.);
#1499=ORIENTED_EDGE('',*,*,#2067,.T.);
#1500=ORIENTED_EDGE('',*,*,#2068,.F.);
#1501=ORIENTED_EDGE('',*,*,#2069,.T.);
#1502=ORIENTED_EDGE('',*,*,#2070,.T.);
#1503=ORIENTED_EDGE('',*,*,#2061,.F.);
#1504=ORIENTED_EDGE('',*,*,#2070,.F.);
#1505=ORIENTED_EDGE('',*,*,#2071,.T.);
#1506=ORIENTED_EDGE('',*,*,#2072,.T.);
#1507=ORIENTED_EDGE('',*,*,#2069,.F.);
#1508=ORIENTED_EDGE('',*,*,#2072,.F.);
#1509=ORIENTED_EDGE('',*,*,#2073,.T.);
#1510=ORIENTED_EDGE('',*,*,#2074,.F.);
#1511=ORIENTED_EDGE('',*,*,#2074,.T.);
#1512=ORIENTED_EDGE('',*,*,#2071,.F.);
#1513=ORIENTED_EDGE('',*,*,#2073,.F.);
#1514=ORIENTED_EDGE('',*,*,#2062,.F.);
#1515=ORIENTED_EDGE('',*,*,#2075,.T.);
#1516=ORIENTED_EDGE('',*,*,#2075,.F.);
#1517=ORIENTED_EDGE('',*,*,#2076,.F.);
#1518=ORIENTED_EDGE('',*,*,#2076,.T.);
#1519=ORIENTED_EDGE('',*,*,#2077,.F.);
#1520=ORIENTED_EDGE('',*,*,#2077,.T.);
#1521=ORIENTED_EDGE('',*,*,#2078,.T.);
#1522=ORIENTED_EDGE('',*,*,#2063,.F.);
#1523=ORIENTED_EDGE('',*,*,#2079,.T.);
#1524=ORIENTED_EDGE('',*,*,#2079,.F.);
#1525=ORIENTED_EDGE('',*,*,#2080,.F.);
#1526=ORIENTED_EDGE('',*,*,#2080,.T.);
#1527=ORIENTED_EDGE('',*,*,#2081,.F.);
#1528=ORIENTED_EDGE('',*,*,#2081,.T.);
#1529=ORIENTED_EDGE('',*,*,#2082,.T.);
#1530=ORIENTED_EDGE('',*,*,#2064,.F.);
#1531=ORIENTED_EDGE('',*,*,#2083,.T.);
#1532=ORIENTED_EDGE('',*,*,#2083,.F.);
#1533=ORIENTED_EDGE('',*,*,#2084,.F.);
#1534=ORIENTED_EDGE('',*,*,#2084,.T.);
#1535=ORIENTED_EDGE('',*,*,#2085,.F.);
#1536=ORIENTED_EDGE('',*,*,#2085,.T.);
#1537=ORIENTED_EDGE('',*,*,#2086,.T.);
#1538=ORIENTED_EDGE('',*,*,#2065,.F.);
#1539=ORIENTED_EDGE('',*,*,#2087,.T.);
#1540=ORIENTED_EDGE('',*,*,#2087,.F.);
#1541=ORIENTED_EDGE('',*,*,#2088,.F.);
#1542=ORIENTED_EDGE('',*,*,#2088,.T.);
#1543=ORIENTED_EDGE('',*,*,#2089,.F.);
#1544=ORIENTED_EDGE('',*,*,#2089,.T.);
#1545=ORIENTED_EDGE('',*,*,#2090,.T.);
#1546=ORIENTED_EDGE('',*,*,#2066,.F.);
#1547=ORIENTED_EDGE('',*,*,#2091,.T.);
#1548=ORIENTED_EDGE('',*,*,#2091,.F.);
#1549=ORIENTED_EDGE('',*,*,#2092,.F.);
#1550=ORIENTED_EDGE('',*,*,#2092,.T.);
#1551=ORIENTED_EDGE('',*,*,#2093,.F.);
#1552=ORIENTED_EDGE('',*,*,#2093,.T.);
#1553=ORIENTED_EDGE('',*,*,#2094,.T.);
#1554=ORIENTED_EDGE('',*,*,#2067,.F.);
#1555=ORIENTED_EDGE('',*,*,#2095,.T.);
#1556=ORIENTED_EDGE('',*,*,#2095,.F.);
#1557=ORIENTED_EDGE('',*,*,#2096,.F.);
#1558=ORIENTED_EDGE('',*,*,#2096,.T.);
#1559=ORIENTED_EDGE('',*,*,#2097,.F.);
#1560=ORIENTED_EDGE('',*,*,#2097,.T.);
#1561=ORIENTED_EDGE('',*,*,#2098,.T.);
#1562=ORIENTED_EDGE('',*,*,#2099,.F.);
#1563=ORIENTED_EDGE('',*,*,#2099,.T.);
#1564=ORIENTED_EDGE('',*,*,#2100,.F.);
#1565=ORIENTED_EDGE('',*,*,#2068,.T.);
#1566=ORIENTED_EDGE('',*,*,#2101,.F.);
#1567=ORIENTED_EDGE('',*,*,#2100,.T.);
#1568=ORIENTED_EDGE('',*,*,#2094,.F.);
#1569=ORIENTED_EDGE('',*,*,#2086,.F.);
#1570=ORIENTED_EDGE('',*,*,#2078,.F.);
#1571=ORIENTED_EDGE('',*,*,#2082,.F.);
#1572=ORIENTED_EDGE('',*,*,#2090,.F.);
#1573=ORIENTED_EDGE('',*,*,#2098,.F.);
#1574=ORIENTED_EDGE('',*,*,#2102,.F.);
#1575=ORIENTED_EDGE('',*,*,#2101,.T.);
#1576=ORIENTED_EDGE('',*,*,#2102,.T.);
#1577=EDGE_CURVE('',#2103,#2104,#2479,.T.);
#1578=EDGE_CURVE('',#2104,#2105,#2480,.T.);
#1579=EDGE_CURVE('',#2105,#2106,#2481,.T.);
#1580=EDGE_CURVE('',#2106,#2103,#2482,.T.);
#1581=EDGE_CURVE('',#2107,#2108,#2483,.T.);
#1582=EDGE_CURVE('',#2103,#2107,#2484,.T.);
#1583=EDGE_CURVE('',#2106,#2108,#2485,.T.);
#1584=EDGE_CURVE('',#2109,#2110,#2486,.T.);
#1585=EDGE_CURVE('',#2105,#2109,#2487,.T.);
#1586=EDGE_CURVE('',#2104,#2110,#2488,.T.);
#1587=EDGE_CURVE('',#2111,#2112,#2489,.T.);
#1588=EDGE_CURVE('',#2112,#2113,#2490,.T.);
#1589=EDGE_CURVE('',#2113,#2114,#2491,.T.);
#1590=EDGE_CURVE('',#2114,#2111,#2492,.T.);
#1591=EDGE_CURVE('',#2115,#2107,#443,.T.);
#1592=EDGE_CURVE('',#2116,#2115,#2493,.T.);
#1593=EDGE_CURVE('',#2110,#2116,#211,.T.);
#1594=EDGE_CURVE('',#2116,#2117,#2494,.T.);
#1595=EDGE_CURVE('',#2117,#2109,#444,.T.);
#1596=EDGE_CURVE('',#2118,#2119,#2495,.T.);
#1597=EDGE_CURVE('',#2119,#2120,#2496,.T.);
#1598=EDGE_CURVE('',#2120,#2121,#2497,.T.);
#1599=EDGE_CURVE('',#2121,#2118,#2498,.T.);
#1600=EDGE_CURVE('',#2108,#2122,#445,.T.);
#1601=EDGE_CURVE('',#2122,#2117,#2499,.T.);
#1602=EDGE_CURVE('',#2122,#2115,#2500,.T.);
#1603=EDGE_CURVE('',#2118,#2112,#2501,.T.);
#1604=EDGE_CURVE('',#2121,#2113,#2502,.T.);
#1605=EDGE_CURVE('',#2119,#2111,#2503,.T.);
#1606=EDGE_CURVE('',#2120,#2114,#2504,.T.);
#1607=EDGE_CURVE('',#2123,#2124,#2505,.T.);
#1608=EDGE_CURVE('',#2124,#2125,#2506,.T.);
#1609=EDGE_CURVE('',#2125,#2126,#2507,.T.);
#1610=EDGE_CURVE('',#2126,#2123,#2508,.T.);
#1611=EDGE_CURVE('',#2127,#2128,#2509,.T.);
#1612=EDGE_CURVE('',#2123,#2127,#2510,.T.);
#1613=EDGE_CURVE('',#2126,#2128,#2511,.T.);
#1614=EDGE_CURVE('',#2129,#2130,#2512,.T.);
#1615=EDGE_CURVE('',#2125,#2129,#2513,.T.);
#1616=EDGE_CURVE('',#2124,#2130,#2514,.T.);
#1617=EDGE_CURVE('',#2131,#2132,#2515,.T.);
#1618=EDGE_CURVE('',#2132,#2133,#2516,.T.);
#1619=EDGE_CURVE('',#2133,#2134,#2517,.T.);
#1620=EDGE_CURVE('',#2134,#2131,#2518,.T.);
#1621=EDGE_CURVE('',#2135,#2127,#446,.T.);
#1622=EDGE_CURVE('',#2136,#2135,#2519,.T.);
#1623=EDGE_CURVE('',#2130,#2136,#212,.T.);
#1624=EDGE_CURVE('',#2136,#2137,#2520,.T.);
#1625=EDGE_CURVE('',#2137,#2129,#447,.T.);
#1626=EDGE_CURVE('',#2138,#2139,#2521,.T.);
#1627=EDGE_CURVE('',#2139,#2140,#2522,.T.);
#1628=EDGE_CURVE('',#2140,#2141,#2523,.T.);
#1629=EDGE_CURVE('',#2141,#2138,#2524,.T.);
#1630=EDGE_CURVE('',#2128,#2142,#448,.T.);
#1631=EDGE_CURVE('',#2142,#2137,#2525,.T.);
#1632=EDGE_CURVE('',#2142,#2135,#2526,.T.);
#1633=EDGE_CURVE('',#2138,#2132,#2527,.T.);
#1634=EDGE_CURVE('',#2141,#2133,#2528,.T.);
#1635=EDGE_CURVE('',#2139,#2131,#2529,.T.);
#1636=EDGE_CURVE('',#2140,#2134,#2530,.T.);
#1637=EDGE_CURVE('',#2143,#2143,#213,.T.);
#1638=EDGE_CURVE('',#2144,#2144,#214,.T.);
#1639=EDGE_CURVE('',#2145,#2145,#215,.T.);
#1640=EDGE_CURVE('',#2146,#2146,#216,.T.);
#1641=EDGE_CURVE('',#2147,#2147,#217,.T.);
#1642=EDGE_CURVE('',#2148,#2148,#218,.T.);
#1643=EDGE_CURVE('',#2149,#2149,#219,.T.);
#1644=EDGE_CURVE('',#2150,#2150,#220,.T.);
#1645=EDGE_CURVE('',#2151,#2151,#221,.T.);
#1646=EDGE_CURVE('',#2152,#2152,#222,.T.);
#1647=EDGE_CURVE('',#2153,#2153,#223,.T.);
#1648=EDGE_CURVE('',#2154,#2155,#224,.T.);
#1649=EDGE_CURVE('',#2154,#2156,#2531,.T.);
#1650=EDGE_CURVE('',#2157,#2156,#225,.T.);
#1651=EDGE_CURVE('',#2155,#2157,#2532,.T.);
#1652=EDGE_CURVE('',#2158,#2159,#226,.T.);
#1653=EDGE_CURVE('',#2158,#2160,#2533,.T.);
#1654=EDGE_CURVE('',#2161,#2160,#227,.T.);
#1655=EDGE_CURVE('',#2159,#2161,#2534,.T.);
#1656=EDGE_CURVE('',#2162,#2163,#228,.T.);
#1657=EDGE_CURVE('',#2162,#2164,#2535,.T.);
#1658=EDGE_CURVE('',#2165,#2164,#229,.T.);
#1659=EDGE_CURVE('',#2163,#2165,#2536,.T.);
#1660=EDGE_CURVE('',#2166,#2167,#230,.T.);
#1661=EDGE_CURVE('',#2166,#2168,#2537,.T.);
#1662=EDGE_CURVE('',#2169,#2168,#231,.T.);
#1663=EDGE_CURVE('',#2167,#2169,#2538,.T.);
#1664=EDGE_CURVE('',#2170,#2171,#2539,.T.);
#1665=EDGE_CURVE('',#2170,#2172,#232,.T.);
#1666=EDGE_CURVE('',#2173,#2172,#2540,.T.);
#1667=EDGE_CURVE('',#2173,#2174,#233,.T.);
#1668=EDGE_CURVE('',#2175,#2174,#2541,.T.);
#1669=EDGE_CURVE('',#2175,#2176,#234,.T.);
#1670=EDGE_CURVE('',#2177,#2176,#2542,.T.);
#1671=EDGE_CURVE('',#2177,#2171,#235,.T.);
#1672=EDGE_CURVE('',#2178,#2178,#236,.T.);
#1673=EDGE_CURVE('',#2179,#2169,#2543,.F.);
#1674=EDGE_CURVE('',#2180,#2168,#2544,.F.);
#1675=EDGE_CURVE('',#2179,#2180,#237,.T.);
#1676=EDGE_CURVE('',#2181,#2167,#2545,.F.);
#1677=EDGE_CURVE('',#2181,#2179,#2546,.T.);
#1678=EDGE_CURVE('',#2182,#2180,#2547,.T.);
#1679=EDGE_CURVE('',#2182,#2166,#2548,.F.);
#1680=EDGE_CURVE('',#2182,#2181,#238,.T.);
#1681=EDGE_CURVE('',#2183,#2184,#239,.T.);
#1682=EDGE_CURVE('',#2184,#2172,#2549,.T.);
#1683=EDGE_CURVE('',#2183,#2170,#2550,.T.);
#1684=EDGE_CURVE('',#2185,#2157,#43,.F.);
#1685=EDGE_CURVE('',#2186,#2156,#44,.T.);
#1686=EDGE_CURVE('',#2185,#2186,#240,.T.);
#1687=EDGE_CURVE('',#2187,#2155,#45,.T.);
#1688=EDGE_CURVE('',#2187,#2185,#2551,.T.);
#1689=EDGE_CURVE('',#2188,#2186,#2552,.T.);
#1690=EDGE_CURVE('',#2188,#2154,#46,.F.);
#1691=EDGE_CURVE('',#2188,#2187,#241,.T.);
#1692=EDGE_CURVE('',#2189,#2173,#2553,.T.);
#1693=EDGE_CURVE('',#2190,#2184,#2554,.T.);
#1694=EDGE_CURVE('',#2189,#2190,#2555,.T.);
#1695=EDGE_CURVE('',#2189,#2191,#242,.T.);
#1696=EDGE_CURVE('',#2191,#2174,#2556,.T.);
#1697=EDGE_CURVE('',#2192,#2165,#2557,.T.);
#1698=EDGE_CURVE('',#2193,#2164,#2558,.T.);
#1699=EDGE_CURVE('',#2192,#2193,#243,.T.);
#1700=EDGE_CURVE('',#2194,#2163,#2559,.T.);
#1701=EDGE_CURVE('',#2194,#2192,#2560,.T.);
#1702=EDGE_CURVE('',#2195,#2193,#2561,.T.);
#1703=EDGE_CURVE('',#2195,#2162,#2562,.T.);
#1704=EDGE_CURVE('',#2195,#2194,#244,.T.);
#1705=EDGE_CURVE('',#2196,#2175,#2563,.T.);
#1706=EDGE_CURVE('',#2197,#2191,#2564,.T.);
#1707=EDGE_CURVE('',#2196,#2197,#2565,.T.);
#1708=EDGE_CURVE('',#2196,#2198,#245,.T.);
#1709=EDGE_CURVE('',#2198,#2176,#2566,.T.);
#1710=EDGE_CURVE('',#2199,#2161,#47,.F.);
#1711=EDGE_CURVE('',#2200,#2160,#48,.T.);
#1712=EDGE_CURVE('',#2199,#2200,#246,.T.);
#1713=EDGE_CURVE('',#2201,#2159,#49,.T.);
#1714=EDGE_CURVE('',#2201,#2199,#2567,.T.);
#1715=EDGE_CURVE('',#2202,#2200,#2568,.T.);
#1716=EDGE_CURVE('',#2202,#2158,#50,.F.);
#1717=EDGE_CURVE('',#2202,#2201,#247,.T.);
#1718=EDGE_CURVE('',#2203,#2177,#2569,.T.);
#1719=EDGE_CURVE('',#2204,#2198,#2570,.T.);
#1720=EDGE_CURVE('',#2203,#2204,#2571,.T.);
#1721=EDGE_CURVE('',#2203,#2205,#248,.T.);
#1722=EDGE_CURVE('',#2205,#2171,#2572,.T.);
#1723=EDGE_CURVE('',#2206,#2205,#2573,.T.);
#1724=EDGE_CURVE('',#2183,#2206,#2574,.T.);
#1725=EDGE_CURVE('',#2207,#2207,#249,.T.);
#1726=EDGE_CURVE('',#2190,#2206,#250,.T.);
#1727=EDGE_CURVE('',#2197,#2190,#251,.T.);
#1728=EDGE_CURVE('',#2204,#2197,#252,.T.);
#1729=EDGE_CURVE('',#2206,#2204,#253,.T.);
#1730=EDGE_CURVE('',#2208,#2209,#2575,.T.);
#1731=EDGE_CURVE('',#2209,#2210,#2576,.T.);
#1732=EDGE_CURVE('',#2210,#2211,#2577,.T.);
#1733=EDGE_CURVE('',#2211,#2208,#2578,.T.);
#1734=EDGE_CURVE('',#2212,#2213,#2579,.T.);
#1735=EDGE_CURVE('',#2208,#2212,#2580,.T.);
#1736=EDGE_CURVE('',#2211,#2213,#2581,.T.);
#1737=EDGE_CURVE('',#2214,#2215,#2582,.T.);
#1738=EDGE_CURVE('',#2210,#2214,#2583,.T.);
#1739=EDGE_CURVE('',#2209,#2215,#2584,.T.);
#1740=EDGE_CURVE('',#2216,#2217,#2585,.T.);
#1741=EDGE_CURVE('',#2217,#2218,#2586,.T.);
#1742=EDGE_CURVE('',#2218,#2219,#2587,.T.);
#1743=EDGE_CURVE('',#2219,#2216,#2588,.T.);
#1744=EDGE_CURVE('',#2220,#2212,#449,.T.);
#1745=EDGE_CURVE('',#2221,#2220,#2589,.T.);
#1746=EDGE_CURVE('',#2215,#2221,#254,.T.);
#1747=EDGE_CURVE('',#2221,#2222,#2590,.T.);
#1748=EDGE_CURVE('',#2222,#2214,#450,.T.);
#1749=EDGE_CURVE('',#2223,#2224,#2591,.T.);
#1750=EDGE_CURVE('',#2224,#2225,#2592,.T.);
#1751=EDGE_CURVE('',#2225,#2226,#2593,.T.);
#1752=EDGE_CURVE('',#2226,#2223,#2594,.T.);
#1753=EDGE_CURVE('',#2213,#2227,#451,.T.);
#1754=EDGE_CURVE('',#2227,#2222,#2595,.T.);
#1755=EDGE_CURVE('',#2227,#2220,#2596,.T.);
#1756=EDGE_CURVE('',#2223,#2217,#2597,.T.);
#1757=EDGE_CURVE('',#2226,#2218,#2598,.T.);
#1758=EDGE_CURVE('',#2224,#2216,#2599,.T.);
#1759=EDGE_CURVE('',#2225,#2219,#2600,.T.);
#1760=EDGE_CURVE('',#2228,#2229,#2601,.T.);
#1761=EDGE_CURVE('',#2228,#2230,#2602,.T.);
#1762=EDGE_CURVE('',#2231,#2230,#2603,.T.);
#1763=EDGE_CURVE('',#2229,#2231,#2604,.T.);
#1764=EDGE_CURVE('',#2232,#2233,#2605,.T.);
#1765=EDGE_CURVE('',#2234,#2232,#2606,.T.);
#1766=EDGE_CURVE('',#2235,#2234,#2607,.T.);
#1767=EDGE_CURVE('',#2235,#2233,#2608,.T.);
#1768=EDGE_CURVE('',#2236,#2236,#255,.T.);
#1769=EDGE_CURVE('',#2237,#2237,#256,.T.);
#1770=EDGE_CURVE('',#2233,#2228,#2609,.T.);
#1771=EDGE_CURVE('',#2230,#2235,#2610,.T.);
#1772=EDGE_CURVE('',#2229,#2232,#2611,.T.);
#1773=EDGE_CURVE('',#2234,#2231,#2612,.T.);
#1774=EDGE_CURVE('',#2238,#2239,#2613,.T.);
#1775=EDGE_CURVE('',#2239,#2240,#2614,.F.);
#1776=EDGE_CURVE('',#2240,#2241,#2615,.T.);
#1777=EDGE_CURVE('',#2241,#2238,#2616,.T.);
#1778=EDGE_CURVE('',#2242,#2243,#2617,.F.);
#1779=EDGE_CURVE('',#2243,#2244,#2618,.F.);
#1780=EDGE_CURVE('',#2244,#2245,#2619,.T.);
#1781=EDGE_CURVE('',#2245,#2242,#2620,.F.);
#1782=EDGE_CURVE('',#2246,#2247,#2621,.F.);
#1783=EDGE_CURVE('',#2247,#2248,#2622,.T.);
#1784=EDGE_CURVE('',#2248,#2249,#2623,.F.);
#1785=EDGE_CURVE('',#2249,#2246,#2624,.F.);
#1786=EDGE_CURVE('',#2250,#2250,#257,.T.);
#1787=EDGE_CURVE('',#2251,#2251,#258,.T.);
#1788=EDGE_CURVE('',#2252,#2253,#2625,.F.);
#1789=EDGE_CURVE('',#2253,#2254,#2626,.T.);
#1790=EDGE_CURVE('',#2254,#2255,#2627,.T.);
#1791=EDGE_CURVE('',#2255,#2252,#2628,.T.);
#1792=EDGE_CURVE('',#2256,#2256,#259,.F.);
#1793=EDGE_CURVE('',#2257,#2257,#260,.F.);
#1794=EDGE_CURVE('',#2258,#2259,#2629,.F.);
#1795=EDGE_CURVE('',#2259,#2260,#2630,.F.);
#1796=EDGE_CURVE('',#2260,#2261,#2631,.T.);
#1797=EDGE_CURVE('',#2261,#2258,#2632,.T.);
#1798=EDGE_CURVE('',#2262,#2263,#2633,.F.);
#1799=EDGE_CURVE('',#2263,#2264,#2634,.F.);
#1800=EDGE_CURVE('',#2264,#2265,#2635,.T.);
#1801=EDGE_CURVE('',#2265,#2262,#2636,.T.);
#1802=EDGE_CURVE('',#2261,#2245,#261,.T.);
#1803=EDGE_CURVE('',#2242,#2260,#262,.T.);
#1804=EDGE_CURVE('',#2261,#2249,#263,.F.);
#1805=EDGE_CURVE('',#2249,#2245,#264,.F.);
#1806=EDGE_CURVE('',#2242,#2238,#265,.F.);
#1807=EDGE_CURVE('',#2238,#2260,#266,.F.);
#1808=EDGE_CURVE('',#2246,#2244,#267,.T.);
#1809=EDGE_CURVE('',#2258,#2248,#268,.T.);
#1810=EDGE_CURVE('',#2259,#2255,#269,.T.);
#1811=EDGE_CURVE('',#2252,#2258,#270,.T.);
#1812=EDGE_CURVE('',#2239,#2259,#271,.T.);
#1813=EDGE_CURVE('',#2243,#2241,#272,.T.);
#1814=EDGE_CURVE('',#2244,#2265,#273,.T.);
#1815=EDGE_CURVE('',#2262,#2243,#274,.T.);
#1816=EDGE_CURVE('',#2246,#2265,#275,.F.);
#1817=EDGE_CURVE('',#2252,#2248,#276,.F.);
#1818=EDGE_CURVE('',#2239,#2255,#277,.F.);
#1819=EDGE_CURVE('',#2262,#2241,#278,.F.);
#1820=EDGE_CURVE('',#2247,#2264,#279,.T.);
#1821=EDGE_CURVE('',#2253,#2247,#280,.T.);
#1822=EDGE_CURVE('',#2240,#2254,#281,.T.);
#1823=EDGE_CURVE('',#2263,#2240,#282,.T.);
#1824=EDGE_CURVE('',#2253,#2264,#283,.F.);
#1825=EDGE_CURVE('',#2263,#2254,#284,.F.);
#1826=EDGE_CURVE('',#2266,#2267,#2637,.T.);
#1827=EDGE_CURVE('',#2267,#2268,#2638,.T.);
#1828=EDGE_CURVE('',#2268,#2269,#2639,.T.);
#1829=EDGE_CURVE('',#2269,#2266,#2640,.T.);
#1830=EDGE_CURVE('',#2270,#2271,#2641,.T.);
#1831=EDGE_CURVE('',#2266,#2270,#2642,.T.);
#1832=EDGE_CURVE('',#2269,#2271,#2643,.T.);
#1833=EDGE_CURVE('',#2272,#2273,#2644,.T.);
#1834=EDGE_CURVE('',#2268,#2272,#2645,.T.);
#1835=EDGE_CURVE('',#2267,#2273,#2646,.T.);
#1836=EDGE_CURVE('',#2274,#2275,#2647,.T.);
#1837=EDGE_CURVE('',#2275,#2276,#2648,.T.);
#1838=EDGE_CURVE('',#2276,#2277,#2649,.T.);
#1839=EDGE_CURVE('',#2277,#2274,#2650,.T.);
#1840=EDGE_CURVE('',#2278,#2270,#452,.T.);
#1841=EDGE_CURVE('',#2279,#2278,#2651,.T.);
#1842=EDGE_CURVE('',#2273,#2279,#285,.T.);
#1843=EDGE_CURVE('',#2279,#2280,#2652,.T.);
#1844=EDGE_CURVE('',#2280,#2272,#453,.T.);
#1845=EDGE_CURVE('',#2281,#2282,#2653,.T.);
#1846=EDGE_CURVE('',#2282,#2283,#2654,.T.);
#1847=EDGE_CURVE('',#2283,#2284,#2655,.T.);
#1848=EDGE_CURVE('',#2284,#2281,#2656,.T.);
#1849=EDGE_CURVE('',#2271,#2285,#454,.T.);
#1850=EDGE_CURVE('',#2285,#2280,#2657,.T.);
#1851=EDGE_CURVE('',#2285,#2278,#2658,.T.);
#1852=EDGE_CURVE('',#2281,#2275,#2659,.T.);
#1853=EDGE_CURVE('',#2284,#2276,#2660,.T.);
#1854=EDGE_CURVE('',#2282,#2274,#2661,.T.);
#1855=EDGE_CURVE('',#2283,#2277,#2662,.T.);
#1856=EDGE_CURVE('',#2286,#2287,#2663,.T.);
#1857=EDGE_CURVE('',#2286,#2288,#2664,.T.);
#1858=EDGE_CURVE('',#2289,#2288,#2665,.T.);
#1859=EDGE_CURVE('',#2287,#2289,#2666,.T.);
#1860=EDGE_CURVE('',#2290,#2291,#2667,.T.);
#1861=EDGE_CURVE('',#2292,#2290,#2668,.T.);
#1862=EDGE_CURVE('',#2293,#2292,#2669,.T.);
#1863=EDGE_CURVE('',#2293,#2291,#2670,.T.);
#1864=EDGE_CURVE('',#2294,#2294,#286,.T.);
#1865=EDGE_CURVE('',#2295,#2295,#287,.T.);
#1866=EDGE_CURVE('',#2291,#2286,#2671,.T.);
#1867=EDGE_CURVE('',#2288,#2293,#2672,.T.);
#1868=EDGE_CURVE('',#2287,#2290,#2673,.T.);
#1869=EDGE_CURVE('',#2292,#2289,#2674,.T.);
#1870=EDGE_CURVE('',#2296,#2297,#2675,.T.);
#1871=EDGE_CURVE('',#2297,#2298,#2676,.F.);
#1872=EDGE_CURVE('',#2298,#2299,#2677,.T.);
#1873=EDGE_CURVE('',#2299,#2296,#2678,.T.);
#1874=EDGE_CURVE('',#2300,#2301,#2679,.F.);
#1875=EDGE_CURVE('',#2301,#2302,#2680,.F.);
#1876=EDGE_CURVE('',#2302,#2303,#2681,.T.);
#1877=EDGE_CURVE('',#2303,#2300,#2682,.F.);
#1878=EDGE_CURVE('',#2304,#2305,#2683,.F.);
#1879=EDGE_CURVE('',#2305,#2306,#2684,.T.);
#1880=EDGE_CURVE('',#2306,#2307,#2685,.F.);
#1881=EDGE_CURVE('',#2307,#2304,#2686,.F.);
#1882=EDGE_CURVE('',#2308,#2308,#288,.T.);
#1883=EDGE_CURVE('',#2309,#2309,#289,.T.);
#1884=EDGE_CURVE('',#2310,#2311,#2687,.F.);
#1885=EDGE_CURVE('',#2311,#2312,#2688,.T.);
#1886=EDGE_CURVE('',#2312,#2313,#2689,.T.);
#1887=EDGE_CURVE('',#2313,#2310,#2690,.T.);
#1888=EDGE_CURVE('',#2314,#2314,#290,.F.);
#1889=EDGE_CURVE('',#2315,#2315,#291,.F.);
#1890=EDGE_CURVE('',#2316,#2317,#2691,.F.);
#1891=EDGE_CURVE('',#2317,#2318,#2692,.F.);
#1892=EDGE_CURVE('',#2318,#2319,#2693,.T.);
#1893=EDGE_CURVE('',#2319,#2316,#2694,.T.);
#1894=EDGE_CURVE('',#2320,#2321,#2695,.F.);
#1895=EDGE_CURVE('',#2321,#2322,#2696,.F.);
#1896=EDGE_CURVE('',#2322,#2323,#2697,.T.);
#1897=EDGE_CURVE('',#2323,#2320,#2698,.T.);
#1898=EDGE_CURVE('',#2319,#2303,#292,.T.);
#1899=EDGE_CURVE('',#2300,#2318,#293,.T.);
#1900=EDGE_CURVE('',#2319,#2307,#294,.F.);
#1901=EDGE_CURVE('',#2307,#2303,#295,.F.);
#1902=EDGE_CURVE('',#2300,#2296,#296,.F.);
#1903=EDGE_CURVE('',#2296,#2318,#297,.F.);
#1904=EDGE_CURVE('',#2304,#2302,#298,.T.);
#1905=EDGE_CURVE('',#2316,#2306,#299,.T.);
#1906=EDGE_CURVE('',#2317,#2313,#300,.T.);
#1907=EDGE_CURVE('',#2310,#2316,#301,.T.);
#1908=EDGE_CURVE('',#2297,#2317,#302,.T.);
#1909=EDGE_CURVE('',#2301,#2299,#303,.T.);
#1910=EDGE_CURVE('',#2302,#2323,#304,.T.);
#1911=EDGE_CURVE('',#2320,#2301,#305,.T.);
#1912=EDGE_CURVE('',#2304,#2323,#306,.F.);
#1913=EDGE_CURVE('',#2310,#2306,#307,.F.);
#1914=EDGE_CURVE('',#2297,#2313,#308,.F.);
#1915=EDGE_CURVE('',#2320,#2299,#309,.F.);
#1916=EDGE_CURVE('',#2305,#2322,#310,.T.);
#1917=EDGE_CURVE('',#2311,#2305,#311,.T.);
#1918=EDGE_CURVE('',#2298,#2312,#312,.T.);
#1919=EDGE_CURVE('',#2321,#2298,#313,.T.);
#1920=EDGE_CURVE('',#2311,#2322,#314,.F.);
#1921=EDGE_CURVE('',#2321,#2312,#315,.F.);
#1922=EDGE_CURVE('',#2324,#2324,#51,.F.);
#1923=EDGE_CURVE('',#2325,#2325,#316,.T.);
#1924=EDGE_CURVE('',#2327,#2327,#317,.T.);
#1925=EDGE_CURVE('',#2328,#2328,#318,.T.);
#1926=EDGE_CURVE('',#2329,#2329,#319,.T.);
#1927=EDGE_CURVE('',#2330,#2330,#320,.T.);
#1928=EDGE_CURVE('',#2331,#2331,#321,.T.);
#1929=EDGE_CURVE('',#2332,#2332,#322,.T.);
#1930=EDGE_CURVE('',#2333,#2333,#323,.T.);
#1931=EDGE_CURVE('',#2334,#2334,#324,.T.);
#1932=EDGE_CURVE('',#2335,#2335,#325,.T.);
#1933=EDGE_CURVE('',#2336,#2336,#326,.T.);
#1934=EDGE_CURVE('',#2337,#2337,#327,.T.);
#1935=EDGE_CURVE('',#2338,#2339,#328,.T.);
#1936=EDGE_CURVE('',#2338,#2340,#2699,.T.);
#1937=EDGE_CURVE('',#2341,#2340,#329,.T.);
#1938=EDGE_CURVE('',#2339,#2341,#2700,.T.);
#1939=EDGE_CURVE('',#2342,#2343,#330,.T.);
#1940=EDGE_CURVE('',#2342,#2344,#2701,.T.);
#1941=EDGE_CURVE('',#2345,#2344,#331,.T.);
#1942=EDGE_CURVE('',#2343,#2345,#2702,.T.);
#1943=EDGE_CURVE('',#2346,#2347,#332,.T.);
#1944=EDGE_CURVE('',#2346,#2348,#2703,.T.);
#1945=EDGE_CURVE('',#2349,#2348,#333,.T.);
#1946=EDGE_CURVE('',#2347,#2349,#2704,.T.);
#1947=EDGE_CURVE('',#2350,#2351,#334,.T.);
#1948=EDGE_CURVE('',#2350,#2352,#2705,.T.);
#1949=EDGE_CURVE('',#2353,#2352,#335,.T.);
#1950=EDGE_CURVE('',#2351,#2353,#2706,.T.);
#1951=EDGE_CURVE('',#2354,#2355,#2707,.T.);
#1952=EDGE_CURVE('',#2354,#2356,#336,.T.);
#1953=EDGE_CURVE('',#2357,#2356,#2708,.T.);
#1954=EDGE_CURVE('',#2357,#2358,#337,.T.);
#1955=EDGE_CURVE('',#2359,#2358,#2709,.T.);
#1956=EDGE_CURVE('',#2359,#2360,#338,.T.);
#1957=EDGE_CURVE('',#2361,#2360,#2710,.T.);
#1958=EDGE_CURVE('',#2361,#2355,#339,.T.);
#1959=EDGE_CURVE('',#2362,#2362,#340,.T.);
#1960=EDGE_CURVE('',#2363,#2353,#2711,.F.);
#1961=EDGE_CURVE('',#2364,#2352,#2712,.F.);
#1962=EDGE_CURVE('',#2363,#2364,#341,.T.);
#1963=EDGE_CURVE('',#2365,#2351,#2713,.F.);
#1964=EDGE_CURVE('',#2365,#2363,#2714,.T.);
#1965=EDGE_CURVE('',#2366,#2364,#2715,.T.);
#1966=EDGE_CURVE('',#2366,#2350,#2716,.F.);
#1967=EDGE_CURVE('',#2366,#2365,#342,.T.);
#1968=EDGE_CURVE('',#2367,#2368,#343,.T.);
#1969=EDGE_CURVE('',#2368,#2356,#2717,.T.);
#1970=EDGE_CURVE('',#2367,#2354,#2718,.T.);
#1971=EDGE_CURVE('',#2369,#2341,#52,.F.);
#1972=EDGE_CURVE('',#2370,#2340,#53,.T.);
#1973=EDGE_CURVE('',#2369,#2370,#344,.T.);
#1974=EDGE_CURVE('',#2371,#2339,#54,.T.);
#1975=EDGE_CURVE('',#2371,#2369,#2719,.T.);
#1976=EDGE_CURVE('',#2372,#2370,#2720,.T.);
#1977=EDGE_CURVE('',#2372,#2338,#55,.F.);
#1978=EDGE_CURVE('',#2372,#2371,#345,.T.);
#1979=EDGE_CURVE('',#2373,#2357,#2721,.T.);
#1980=EDGE_CURVE('',#2374,#2368,#2722,.T.);
#1981=EDGE_CURVE('',#2373,#2374,#2723,.T.);
#1982=EDGE_CURVE('',#2373,#2375,#346,.T.);
#1983=EDGE_CURVE('',#2375,#2358,#2724,.T.);
#1984=EDGE_CURVE('',#2376,#2349,#2725,.T.);
#1985=EDGE_CURVE('',#2377,#2348,#2726,.T.);
#1986=EDGE_CURVE('',#2376,#2377,#347,.T.);
#1987=EDGE_CURVE('',#2378,#2347,#2727,.T.);
#1988=EDGE_CURVE('',#2378,#2376,#2728,.T.);
#1989=EDGE_CURVE('',#2379,#2377,#2729,.T.);
#1990=EDGE_CURVE('',#2379,#2346,#2730,.T.);
#1991=EDGE_CURVE('',#2379,#2378,#348,.T.);
#1992=EDGE_CURVE('',#2380,#2359,#2731,.T.);
#1993=EDGE_CURVE('',#2381,#2375,#2732,.T.);
#1994=EDGE_CURVE('',#2380,#2381,#2733,.T.);
#1995=EDGE_CURVE('',#2380,#2382,#349,.T.);
#1996=EDGE_CURVE('',#2382,#2360,#2734,.T.);
#1997=EDGE_CURVE('',#2383,#2345,#56,.F.);
#1998=EDGE_CURVE('',#2384,#2344,#57,.T.);
#1999=EDGE_CURVE('',#2383,#2384,#350,.T.);
#2000=EDGE_CURVE('',#2385,#2343,#58,.T.);
#2001=EDGE_CURVE('',#2385,#2383,#2735,.T.);
#2002=EDGE_CURVE('',#2386,#2384,#2736,.T.);
#2003=EDGE_CURVE('',#2386,#2342,#59,.F.);
#2004=EDGE_CURVE('',#2386,#2385,#351,.T.);
#2005=EDGE_CURVE('',#2387,#2361,#2737,.T.);
#2006=EDGE_CURVE('',#2388,#2382,#2738,.T.);
#2007=EDGE_CURVE('',#2387,#2388,#2739,.T.);
#2008=EDGE_CURVE('',#2387,#2389,#352,.T.);
#2009=EDGE_CURVE('',#2389,#2355,#2740,.T.);
#2010=EDGE_CURVE('',#2390,#2389,#2741,.T.);
#2011=EDGE_CURVE('',#2367,#2390,#2742,.T.);
#2012=EDGE_CURVE('',#2391,#2391,#353,.T.);
#2013=EDGE_CURVE('',#2374,#2390,#354,.T.);
#2014=EDGE_CURVE('',#2381,#2374,#355,.T.);
#2015=EDGE_CURVE('',#2388,#2381,#356,.T.);
#2016=EDGE_CURVE('',#2390,#2388,#357,.T.);
#2017=EDGE_CURVE('',#2392,#2392,#60,.F.);
#2018=EDGE_CURVE('',#2393,#2393,#358,.T.);
#2019=EDGE_CURVE('',#2395,#2395,#359,.T.);
#2020=EDGE_CURVE('',#2396,#2396,#360,.T.);
#2021=EDGE_CURVE('',#2397,#2397,#361,.T.);
#2022=EDGE_CURVE('',#2398,#2398,#362,.T.);
#2023=EDGE_CURVE('',#2399,#2399,#363,.T.);
#2024=EDGE_CURVE('',#2400,#2400,#364,.T.);
#2025=EDGE_CURVE('',#2401,#2401,#365,.T.);
#2026=EDGE_CURVE('',#2402,#2402,#366,.T.);
#2027=EDGE_CURVE('',#2403,#2403,#367,.T.);
#2028=EDGE_CURVE('',#2404,#2404,#368,.T.);
#2029=EDGE_CURVE('',#2405,#2405,#369,.T.);
#2030=EDGE_CURVE('',#2406,#2406,#370,.T.);
#2031=EDGE_CURVE('',#2407,#2407,#371,.T.);
#2032=EDGE_CURVE('',#2408,#2408,#372,.T.);
#2033=EDGE_CURVE('',#2409,#2409,#373,.T.);
#2034=EDGE_CURVE('',#2410,#2410,#374,.T.);
#2035=EDGE_CURVE('',#2411,#2411,#375,.T.);
#2036=EDGE_CURVE('',#2412,#2412,#376,.T.);
#2037=EDGE_CURVE('',#2413,#2413,#377,.T.);
#2038=EDGE_CURVE('',#2414,#2414,#378,.T.);
#2039=EDGE_CURVE('',#2415,#2415,#379,.T.);
#2040=EDGE_CURVE('',#2416,#2416,#380,.T.);
#2041=EDGE_CURVE('',#2417,#2417,#381,.T.);
#2042=EDGE_CURVE('',#2418,#2418,#382,.T.);
#2043=EDGE_CURVE('',#2419,#2419,#383,.T.);
#2044=EDGE_CURVE('',#2420,#2420,#384,.T.);
#2045=EDGE_CURVE('',#2421,#2421,#385,.T.);
#2046=EDGE_CURVE('',#2422,#2422,#386,.T.);
#2047=EDGE_CURVE('',#2423,#2423,#387,.T.);
#2048=EDGE_CURVE('',#2424,#2424,#388,.T.);
#2049=EDGE_CURVE('',#2425,#2425,#389,.T.);
#2050=EDGE_CURVE('',#2426,#2426,#390,.T.);
#2051=EDGE_CURVE('',#2427,#2427,#391,.T.);
#2052=EDGE_CURVE('',#2428,#2428,#392,.T.);
#2053=EDGE_CURVE('',#2429,#2429,#393,.T.);
#2054=EDGE_CURVE('',#2430,#2430,#394,.T.);
#2055=EDGE_CURVE('',#2431,#2431,#395,.T.);
#2056=EDGE_CURVE('',#2432,#2432,#396,.T.);
#2057=EDGE_CURVE('',#2433,#2433,#397,.T.);
#2058=EDGE_CURVE('',#2434,#2434,#398,.T.);
#2059=EDGE_CURVE('',#2435,#2435,#399,.T.);
#2060=EDGE_CURVE('',#2436,#2436,#400,.T.);
#2061=EDGE_CURVE('',#2437,#2437,#401,.T.);
#2062=EDGE_CURVE('',#2438,#2438,#402,.T.);
#2063=EDGE_CURVE('',#2439,#2439,#403,.T.);
#2064=EDGE_CURVE('',#2440,#2440,#404,.T.);
#2065=EDGE_CURVE('',#2441,#2441,#405,.T.);
#2066=EDGE_CURVE('',#2442,#2442,#406,.T.);
#2067=EDGE_CURVE('',#2443,#2443,#407,.T.);
#2068=EDGE_CURVE('',#2444,#2444,#408,.T.);
#2069=EDGE_CURVE('',#2445,#2445,#409,.T.);
#2070=EDGE_CURVE('',#2446,#2446,#410,.T.);
#2071=EDGE_CURVE('',#2447,#2447,#411,.T.);
#2072=EDGE_CURVE('',#2448,#2448,#412,.T.);
#2073=EDGE_CURVE('',#2449,#2449,#413,.T.);
#2074=EDGE_CURVE('',#2450,#2450,#414,.T.);
#2075=EDGE_CURVE('',#2451,#2451,#415,.T.);
#2076=EDGE_CURVE('',#2452,#2452,#416,.T.);
#2077=EDGE_CURVE('',#2453,#2453,#417,.T.);
#2078=EDGE_CURVE('',#2454,#2454,#418,.T.);
#2079=EDGE_CURVE('',#2455,#2455,#419,.T.);
#2080=EDGE_CURVE('',#2456,#2456,#420,.T.);
#2081=EDGE_CURVE('',#2457,#2457,#421,.T.);
#2082=EDGE_CURVE('',#2458,#2458,#422,.T.);
#2083=EDGE_CURVE('',#2459,#2459,#423,.T.);
#2084=EDGE_CURVE('',#2460,#2460,#424,.T.);
#2085=EDGE_CURVE('',#2461,#2461,#425,.T.);
#2086=EDGE_CURVE('',#2462,#2462,#426,.T.);
#2087=EDGE_CURVE('',#2463,#2463,#427,.T.);
#2088=EDGE_CURVE('',#2464,#2464,#428,.T.);
#2089=EDGE_CURVE('',#2465,#2465,#429,.T.);
#2090=EDGE_CURVE('',#2466,#2466,#430,.T.);
#2091=EDGE_CURVE('',#2467,#2467,#431,.T.);
#2092=EDGE_CURVE('',#2468,#2468,#432,.T.);
#2093=EDGE_CURVE('',#2469,#2469,#433,.T.);
#2094=EDGE_CURVE('',#2470,#2470,#434,.T.);
#2095=EDGE_CURVE('',#2471,#2471,#435,.T.);
#2096=EDGE_CURVE('',#2472,#2472,#436,.T.);
#2097=EDGE_CURVE('',#2473,#2473,#437,.T.);
#2098=EDGE_CURVE('',#2474,#2474,#438,.T.);
#2099=EDGE_CURVE('',#2475,#2475,#439,.T.);
#2100=EDGE_CURVE('',#2476,#2476,#440,.T.);
#2101=EDGE_CURVE('',#2477,#2477,#441,.T.);
#2102=EDGE_CURVE('',#2478,#2478,#442,.T.);
#2103=VERTEX_POINT('',#6758);
#2104=VERTEX_POINT('',#6759);
#2105=VERTEX_POINT('',#6761);
#2106=VERTEX_POINT('',#6763);
#2107=VERTEX_POINT('',#6767);
#2108=VERTEX_POINT('',#6768);
#2109=VERTEX_POINT('',#6773);
#2110=VERTEX_POINT('',#6774);
#2111=VERTEX_POINT('',#6779);
#2112=VERTEX_POINT('',#6780);
#2113=VERTEX_POINT('',#6782);
#2114=VERTEX_POINT('',#6784);
#2115=VERTEX_POINT('',#6787);
#2116=VERTEX_POINT('',#6789);
#2117=VERTEX_POINT('',#6793);
#2118=VERTEX_POINT('',#6797);
#2119=VERTEX_POINT('',#6798);
#2120=VERTEX_POINT('',#6800);
#2121=VERTEX_POINT('',#6802);
#2122=VERTEX_POINT('',#6805);
#2123=VERTEX_POINT('',#6821);
#2124=VERTEX_POINT('',#6822);
#2125=VERTEX_POINT('',#6824);
#2126=VERTEX_POINT('',#6826);
#2127=VERTEX_POINT('',#6830);
#2128=VERTEX_POINT('',#6831);
#2129=VERTEX_POINT('',#6836);
#2130=VERTEX_POINT('',#6837);
#2131=VERTEX_POINT('',#6842);
#2132=VERTEX_POINT('',#6843);
#2133=VERTEX_POINT('',#6845);
#2134=VERTEX_POINT('',#6847);
#2135=VERTEX_POINT('',#6850);
#2136=VERTEX_POINT('',#6852);
#2137=VERTEX_POINT('',#6856);
#2138=VERTEX_POINT('',#6860);
#2139=VERTEX_POINT('',#6861);
#2140=VERTEX_POINT('',#6863);
#2141=VERTEX_POINT('',#6865);
#2142=VERTEX_POINT('',#6868);
#2143=VERTEX_POINT('',#6884);
#2144=VERTEX_POINT('',#6887);
#2145=VERTEX_POINT('',#6890);
#2146=VERTEX_POINT('',#6893);
#2147=VERTEX_POINT('',#6896);
#2148=VERTEX_POINT('',#6899);
#2149=VERTEX_POINT('',#6902);
#2150=VERTEX_POINT('',#6905);
#2151=VERTEX_POINT('',#6908);
#2152=VERTEX_POINT('',#6911);
#2153=VERTEX_POINT('',#6914);
#2154=VERTEX_POINT('',#6917);
#2155=VERTEX_POINT('',#6918);
#2156=VERTEX_POINT('',#6920);
#2157=VERTEX_POINT('',#6922);
#2158=VERTEX_POINT('',#6925);
#2159=VERTEX_POINT('',#6926);
#2160=VERTEX_POINT('',#6928);
#2161=VERTEX_POINT('',#6930);
#2162=VERTEX_POINT('',#6933);
#2163=VERTEX_POINT('',#6934);
#2164=VERTEX_POINT('',#6936);
#2165=VERTEX_POINT('',#6938);
#2166=VERTEX_POINT('',#6941);
#2167=VERTEX_POINT('',#6942);
#2168=VERTEX_POINT('',#6944);
#2169=VERTEX_POINT('',#6946);
#2170=VERTEX_POINT('',#6949);
#2171=VERTEX_POINT('',#6950);
#2172=VERTEX_POINT('',#6952);
#2173=VERTEX_POINT('',#6954);
#2174=VERTEX_POINT('',#6956);
#2175=VERTEX_POINT('',#6958);
#2176=VERTEX_POINT('',#6960);
#2177=VERTEX_POINT('',#6962);
#2178=VERTEX_POINT('',#6966);
#2179=VERTEX_POINT('',#6969);
#2180=VERTEX_POINT('',#6971);
#2181=VERTEX_POINT('',#6975);
#2182=VERTEX_POINT('',#6979);
#2183=VERTEX_POINT('',#6985);
#2184=VERTEX_POINT('',#6986);
#2185=VERTEX_POINT('',#6994);
#2186=VERTEX_POINT('',#6999);
#2187=VERTEX_POINT('',#7006);
#2188=VERTEX_POINT('',#7010);
#2189=VERTEX_POINT('',#7019);
#2190=VERTEX_POINT('',#7021);
#2191=VERTEX_POINT('',#7025);
#2192=VERTEX_POINT('',#7029);
#2193=VERTEX_POINT('',#7031);
#2194=VERTEX_POINT('',#7035);
#2195=VERTEX_POINT('',#7039);
#2196=VERTEX_POINT('',#7045);
#2197=VERTEX_POINT('',#7047);
#2198=VERTEX_POINT('',#7051);
#2199=VERTEX_POINT('',#7058);
#2200=VERTEX_POINT('',#7063);
#2201=VERTEX_POINT('',#7070);
#2202=VERTEX_POINT('',#7074);
#2203=VERTEX_POINT('',#7083);
#2204=VERTEX_POINT('',#7085);
#2205=VERTEX_POINT('',#7089);
#2206=VERTEX_POINT('',#7093);
#2207=VERTEX_POINT('',#7097);
#2208=VERTEX_POINT('',#7110);
#2209=VERTEX_POINT('',#7111);
#2210=VERTEX_POINT('',#7113);
#2211=VERTEX_POINT('',#7115);
#2212=VERTEX_POINT('',#7119);
#2213=VERTEX_POINT('',#7120);
#2214=VERTEX_POINT('',#7125);
#2215=VERTEX_POINT('',#7126);
#2216=VERTEX_POINT('',#7131);
#2217=VERTEX_POINT('',#7132);
#2218=VERTEX_POINT('',#7134);
#2219=VERTEX_POINT('',#7136);
#2220=VERTEX_POINT('',#7139);
#2221=VERTEX_POINT('',#7141);
#2222=VERTEX_POINT('',#7145);
#2223=VERTEX_POINT('',#7149);
#2224=VERTEX_POINT('',#7150);
#2225=VERTEX_POINT('',#7152);
#2226=VERTEX_POINT('',#7154);
#2227=VERTEX_POINT('',#7157);
#2228=VERTEX_POINT('',#7173);
#2229=VERTEX_POINT('',#7174);
#2230=VERTEX_POINT('',#7176);
#2231=VERTEX_POINT('',#7178);
#2232=VERTEX_POINT('',#7182);
#2233=VERTEX_POINT('',#7183);
#2234=VERTEX_POINT('',#7185);
#2235=VERTEX_POINT('',#7187);
#2236=VERTEX_POINT('',#7191);
#2237=VERTEX_POINT('',#7193);
#2238=VERTEX_POINT('',#7201);
#2239=VERTEX_POINT('',#7202);
#2240=VERTEX_POINT('',#7204);
#2241=VERTEX_POINT('',#7206);
#2242=VERTEX_POINT('',#7210);
#2243=VERTEX_POINT('',#7211);
#2244=VERTEX_POINT('',#7213);
#2245=VERTEX_POINT('',#7215);
#2246=VERTEX_POINT('',#7219);
#2247=VERTEX_POINT('',#7220);
#2248=VERTEX_POINT('',#7222);
#2249=VERTEX_POINT('',#7224);
#2250=VERTEX_POINT('',#7228);
#2251=VERTEX_POINT('',#7231);
#2252=VERTEX_POINT('',#7234);
#2253=VERTEX_POINT('',#7235);
#2254=VERTEX_POINT('',#7237);
#2255=VERTEX_POINT('',#7239);
#2256=VERTEX_POINT('',#7243);
#2257=VERTEX_POINT('',#7245);
#2258=VERTEX_POINT('',#7247);
#2259=VERTEX_POINT('',#7248);
#2260=VERTEX_POINT('',#7250);
#2261=VERTEX_POINT('',#7252);
#2262=VERTEX_POINT('',#7256);
#2263=VERTEX_POINT('',#7257);
#2264=VERTEX_POINT('',#7259);
#2265=VERTEX_POINT('',#7261);
#2266=VERTEX_POINT('',#7314);
#2267=VERTEX_POINT('',#7315);
#2268=VERTEX_POINT('',#7317);
#2269=VERTEX_POINT('',#7319);
#2270=VERTEX_POINT('',#7323);
#2271=VERTEX_POINT('',#7324);
#2272=VERTEX_POINT('',#7329);
#2273=VERTEX_POINT('',#7330);
#2274=VERTEX_POINT('',#7335);
#2275=VERTEX_POINT('',#7336);
#2276=VERTEX_POINT('',#7338);
#2277=VERTEX_POINT('',#7340);
#2278=VERTEX_POINT('',#7343);
#2279=VERTEX_POINT('',#7345);
#2280=VERTEX_POINT('',#7349);
#2281=VERTEX_POINT('',#7353);
#2282=VERTEX_POINT('',#7354);
#2283=VERTEX_POINT('',#7356);
#2284=VERTEX_POINT('',#7358);
#2285=VERTEX_POINT('',#7361);
#2286=VERTEX_POINT('',#7377);
#2287=VERTEX_POINT('',#7378);
#2288=VERTEX_POINT('',#7380);
#2289=VERTEX_POINT('',#7382);
#2290=VERTEX_POINT('',#7386);
#2291=VERTEX_POINT('',#7387);
#2292=VERTEX_POINT('',#7389);
#2293=VERTEX_POINT('',#7391);
#2294=VERTEX_POINT('',#7395);
#2295=VERTEX_POINT('',#7397);
#2296=VERTEX_POINT('',#7405);
#2297=VERTEX_POINT('',#7406);
#2298=VERTEX_POINT('',#7408);
#2299=VERTEX_POINT('',#7410);
#2300=VERTEX_POINT('',#7414);
#2301=VERTEX_POINT('',#7415);
#2302=VERTEX_POINT('',#7417);
#2303=VERTEX_POINT('',#7419);
#2304=VERTEX_POINT('',#7423);
#2305=VERTEX_POINT('',#7424);
#2306=VERTEX_POINT('',#7426);
#2307=VERTEX_POINT('',#7428);
#2308=VERTEX_POINT('',#7432);
#2309=VERTEX_POINT('',#7435);
#2310=VERTEX_POINT('',#7438);
#2311=VERTEX_POINT('',#7439);
#2312=VERTEX_POINT('',#7441);
#2313=VERTEX_POINT('',#7443);
#2314=VERTEX_POINT('',#7447);
#2315=VERTEX_POINT('',#7449);
#2316=VERTEX_POINT('',#7451);
#2317=VERTEX_POINT('',#7452);
#2318=VERTEX_POINT('',#7454);
#2319=VERTEX_POINT('',#7456);
#2320=VERTEX_POINT('',#7460);
#2321=VERTEX_POINT('',#7461);
#2322=VERTEX_POINT('',#7463);
#2323=VERTEX_POINT('',#7465);
#2324=VERTEX_POINT('',#7630);
#2325=VERTEX_POINT('',#7632);
#2326=VERTEX_POINT('',#7634);
#2327=VERTEX_POINT('',#7638);
#2328=VERTEX_POINT('',#7641);
#2329=VERTEX_POINT('',#7644);
#2330=VERTEX_POINT('',#7647);
#2331=VERTEX_POINT('',#7650);
#2332=VERTEX_POINT('',#7653);
#2333=VERTEX_POINT('',#7656);
#2334=VERTEX_POINT('',#7659);
#2335=VERTEX_POINT('',#7662);
#2336=VERTEX_POINT('',#7665);
#2337=VERTEX_POINT('',#7668);
#2338=VERTEX_POINT('',#7671);
#2339=VERTEX_POINT('',#7672);
#2340=VERTEX_POINT('',#7674);
#2341=VERTEX_POINT('',#7676);
#2342=VERTEX_POINT('',#7679);
#2343=VERTEX_POINT('',#7680);
#2344=VERTEX_POINT('',#7682);
#2345=VERTEX_POINT('',#7684);
#2346=VERTEX_POINT('',#7687);
#2347=VERTEX_POINT('',#7688);
#2348=VERTEX_POINT('',#7690);
#2349=VERTEX_POINT('',#7692);
#2350=VERTEX_POINT('',#7695);
#2351=VERTEX_POINT('',#7696);
#2352=VERTEX_POINT('',#7698);
#2353=VERTEX_POINT('',#7700);
#2354=VERTEX_POINT('',#7703);
#2355=VERTEX_POINT('',#7704);
#2356=VERTEX_POINT('',#7706);
#2357=VERTEX_POINT('',#7708);
#2358=VERTEX_POINT('',#7710);
#2359=VERTEX_POINT('',#7712);
#2360=VERTEX_POINT('',#7714);
#2361=VERTEX_POINT('',#7716);
#2362=VERTEX_POINT('',#7720);
#2363=VERTEX_POINT('',#7723);
#2364=VERTEX_POINT('',#7725);
#2365=VERTEX_POINT('',#7729);
#2366=VERTEX_POINT('',#7733);
#2367=VERTEX_POINT('',#7739);
#2368=VERTEX_POINT('',#7740);
#2369=VERTEX_POINT('',#7748);
#2370=VERTEX_POINT('',#7753);
#2371=VERTEX_POINT('',#7760);
#2372=VERTEX_POINT('',#7764);
#2373=VERTEX_POINT('',#7773);
#2374=VERTEX_POINT('',#7775);
#2375=VERTEX_POINT('',#7779);
#2376=VERTEX_POINT('',#7783);
#2377=VERTEX_POINT('',#7785);
#2378=VERTEX_POINT('',#7789);
#2379=VERTEX_POINT('',#7793);
#2380=VERTEX_POINT('',#7799);
#2381=VERTEX_POINT('',#7801);
#2382=VERTEX_POINT('',#7805);
#2383=VERTEX_POINT('',#7812);
#2384=VERTEX_POINT('',#7817);
#2385=VERTEX_POINT('',#7824);
#2386=VERTEX_POINT('',#7828);
#2387=VERTEX_POINT('',#7837);
#2388=VERTEX_POINT('',#7839);
#2389=VERTEX_POINT('',#7843);
#2390=VERTEX_POINT('',#7847);
#2391=VERTEX_POINT('',#7851);
#2392=VERTEX_POINT('',#7976);
#2393=VERTEX_POINT('',#7978);
#2394=VERTEX_POINT('',#7980);
#2395=VERTEX_POINT('',#7984);
#2396=VERTEX_POINT('',#7986);
#2397=VERTEX_POINT('',#7988);
#2398=VERTEX_POINT('',#7990);
#2399=VERTEX_POINT('',#7992);
#2400=VERTEX_POINT('',#7994);
#2401=VERTEX_POINT('',#7996);
#2402=VERTEX_POINT('',#7998);
#2403=VERTEX_POINT('',#8001);
#2404=VERTEX_POINT('',#8003);
#2405=VERTEX_POINT('',#8007);
#2406=VERTEX_POINT('',#8009);
#2407=VERTEX_POINT('',#8013);
#2408=VERTEX_POINT('',#8015);
#2409=VERTEX_POINT('',#8020);
#2410=VERTEX_POINT('',#8023);
#2411=VERTEX_POINT('',#8026);
#2412=VERTEX_POINT('',#8029);
#2413=VERTEX_POINT('',#8032);
#2414=VERTEX_POINT('',#8035);
#2415=VERTEX_POINT('',#8038);
#2416=VERTEX_POINT('',#8041);
#2417=VERTEX_POINT('',#8044);
#2418=VERTEX_POINT('',#8047);
#2419=VERTEX_POINT('',#8050);
#2420=VERTEX_POINT('',#8053);
#2421=VERTEX_POINT('',#8056);
#2422=VERTEX_POINT('',#8059);
#2423=VERTEX_POINT('',#8062);
#2424=VERTEX_POINT('',#8065);
#2425=VERTEX_POINT('',#8068);
#2426=VERTEX_POINT('',#8071);
#2427=VERTEX_POINT('',#8074);
#2428=VERTEX_POINT('',#8077);
#2429=VERTEX_POINT('',#8080);
#2430=VERTEX_POINT('',#8083);
#2431=VERTEX_POINT('',#8086);
#2432=VERTEX_POINT('',#8089);
#2433=VERTEX_POINT('',#8092);
#2434=VERTEX_POINT('',#8265);
#2435=VERTEX_POINT('',#8268);
#2436=VERTEX_POINT('',#8271);
#2437=VERTEX_POINT('',#8276);
#2438=VERTEX_POINT('',#8278);
#2439=VERTEX_POINT('',#8280);
#2440=VERTEX_POINT('',#8282);
#2441=VERTEX_POINT('',#8284);
#2442=VERTEX_POINT('',#8286);
#2443=VERTEX_POINT('',#8288);
#2444=VERTEX_POINT('',#8290);
#2445=VERTEX_POINT('',#8293);
#2446=VERTEX_POINT('',#8295);
#2447=VERTEX_POINT('',#8299);
#2448=VERTEX_POINT('',#8301);
#2449=VERTEX_POINT('',#8305);
#2450=VERTEX_POINT('',#8307);
#2451=VERTEX_POINT('',#8312);
#2452=VERTEX_POINT('',#8315);
#2453=VERTEX_POINT('',#8318);
#2454=VERTEX_POINT('',#8321);
#2455=VERTEX_POINT('',#8324);
#2456=VERTEX_POINT('',#8327);
#2457=VERTEX_POINT('',#8330);
#2458=VERTEX_POINT('',#8333);
#2459=VERTEX_POINT('',#8336);
#2460=VERTEX_POINT('',#8339);
#2461=VERTEX_POINT('',#8342);
#2462=VERTEX_POINT('',#8345);
#2463=VERTEX_POINT('',#8348);
#2464=VERTEX_POINT('',#8351);
#2465=VERTEX_POINT('',#8354);
#2466=VERTEX_POINT('',#8357);
#2467=VERTEX_POINT('',#8360);
#2468=VERTEX_POINT('',#8363);
#2469=VERTEX_POINT('',#8366);
#2470=VERTEX_POINT('',#8369);
#2471=VERTEX_POINT('',#8372);
#2472=VERTEX_POINT('',#8375);
#2473=VERTEX_POINT('',#8378);
#2474=VERTEX_POINT('',#8381);
#2475=VERTEX_POINT('',#8384);
#2476=VERTEX_POINT('',#8557);
#2477=VERTEX_POINT('',#8560);
#2478=VERTEX_POINT('',#8563);
#2479=LINE('',#6757,#2743);
#2480=LINE('',#6760,#2744);
#2481=LINE('',#6762,#2745);
#2482=LINE('',#6764,#2746);
#2483=LINE('',#6766,#2747);
#2484=LINE('',#6769,#2748);
#2485=LINE('',#6770,#2749);
#2486=LINE('',#6772,#2750);
#2487=LINE('',#6775,#2751);
#2488=LINE('',#6776,#2752);
#2489=LINE('',#6778,#2753);
#2490=LINE('',#6781,#2754);
#2491=LINE('',#6783,#2755);
#2492=LINE('',#6785,#2756);
#2493=LINE('',#6788,#2757);
#2494=LINE('',#6792,#2758);
#2495=LINE('',#6796,#2759);
#2496=LINE('',#6799,#2760);
#2497=LINE('',#6801,#2761);
#2498=LINE('',#6803,#2762);
#2499=LINE('',#6806,#2763);
#2500=LINE('',#6808,#2764);
#2501=LINE('',#6811,#2765);
#2502=LINE('',#6812,#2766);
#2503=LINE('',#6814,#2767);
#2504=LINE('',#6816,#2768);
#2505=LINE('',#6820,#2769);
#2506=LINE('',#6823,#2770);
#2507=LINE('',#6825,#2771);
#2508=LINE('',#6827,#2772);
#2509=LINE('',#6829,#2773);
#2510=LINE('',#6832,#2774);
#2511=LINE('',#6833,#2775);
#2512=LINE('',#6835,#2776);
#2513=LINE('',#6838,#2777);
#2514=LINE('',#6839,#2778);
#2515=LINE('',#6841,#2779);
#2516=LINE('',#6844,#2780);
#2517=LINE('',#6846,#2781);
#2518=LINE('',#6848,#2782);
#2519=LINE('',#6851,#2783);
#2520=LINE('',#6855,#2784);
#2521=LINE('',#6859,#2785);
#2522=LINE('',#6862,#2786);
#2523=LINE('',#6864,#2787);
#2524=LINE('',#6866,#2788);
#2525=LINE('',#6869,#2789);
#2526=LINE('',#6871,#2790);
#2527=LINE('',#6874,#2791);
#2528=LINE('',#6875,#2792);
#2529=LINE('',#6877,#2793);
#2530=LINE('',#6879,#2794);
#2531=LINE('',#6919,#2795);
#2532=LINE('',#6923,#2796);
#2533=LINE('',#6927,#2797);
#2534=LINE('',#6931,#2798);
#2535=LINE('',#6935,#2799);
#2536=LINE('',#6939,#2800);
#2537=LINE('',#6943,#2801);
#2538=LINE('',#6947,#2802);
#2539=LINE('',#6948,#2803);
#2540=LINE('',#6953,#2804);
#2541=LINE('',#6957,#2805);
#2542=LINE('',#6961,#2806);
#2543=LINE('',#6968,#2807);
#2544=LINE('',#6970,#2808);
#2545=LINE('',#6974,#2809);
#2546=LINE('',#6976,#2810);
#2547=LINE('',#6978,#2811);
#2548=LINE('',#6980,#2812);
#2549=LINE('',#6987,#2813);
#2550=LINE('',#6988,#2814);
#2551=LINE('',#7007,#2815);
#2552=LINE('',#7009,#2816);
#2553=LINE('',#7018,#2817);
#2554=LINE('',#7020,#2818);
#2555=LINE('',#7022,#2819);
#2556=LINE('',#7026,#2820);
#2557=LINE('',#7028,#2821);
#2558=LINE('',#7030,#2822);
#2559=LINE('',#7034,#2823);
#2560=LINE('',#7036,#2824);
#2561=LINE('',#7038,#2825);
#2562=LINE('',#7040,#2826);
#2563=LINE('',#7044,#2827);
#2564=LINE('',#7046,#2828);
#2565=LINE('',#7048,#2829);
#2566=LINE('',#7052,#2830);
#2567=LINE('',#7071,#2831);
#2568=LINE('',#7073,#2832);
#2569=LINE('',#7082,#2833);
#2570=LINE('',#7084,#2834);
#2571=LINE('',#7086,#2835);
#2572=LINE('',#7090,#2836);
#2573=LINE('',#7092,#2837);
#2574=LINE('',#7094,#2838);
#2575=LINE('',#7109,#2839);
#2576=LINE('',#7112,#2840);
#2577=LINE('',#7114,#2841);
#2578=LINE('',#7116,#2842);
#2579=LINE('',#7118,#2843);
#2580=LINE('',#7121,#2844);
#2581=LINE('',#7122,#2845);
#2582=LINE('',#7124,#2846);
#2583=LINE('',#7127,#2847);
#2584=LINE('',#7128,#2848);
#2585=LINE('',#7130,#2849);
#2586=LINE('',#7133,#2850);
#2587=LINE('',#7135,#2851);
#2588=LINE('',#7137,#2852);
#2589=LINE('',#7140,#2853);
#2590=LINE('',#7144,#2854);
#2591=LINE('',#7148,#2855);
#2592=LINE('',#7151,#2856);
#2593=LINE('',#7153,#2857);
#2594=LINE('',#7155,#2858);
#2595=LINE('',#7158,#2859);
#2596=LINE('',#7160,#2860);
#2597=LINE('',#7163,#2861);
#2598=LINE('',#7164,#2862);
#2599=LINE('',#7166,#2863);
#2600=LINE('',#7168,#2864);
#2601=LINE('',#7172,#2865);
#2602=LINE('',#7175,#2866);
#2603=LINE('',#7177,#2867);
#2604=LINE('',#7179,#2868);
#2605=LINE('',#7181,#2869);
#2606=LINE('',#7184,#2870);
#2607=LINE('',#7186,#2871);
#2608=LINE('',#7188,#2872);
#2609=LINE('',#7194,#2873);
#2610=LINE('',#7195,#2874);
#2611=LINE('',#7197,#2875);
#2612=LINE('',#7198,#2876);
#2613=LINE('',#7200,#2877);
#2614=LINE('',#7203,#2878);
#2615=LINE('',#7205,#2879);
#2616=LINE('',#7207,#2880);
#2617=LINE('',#7209,#2881);
#2618=LINE('',#7212,#2882);
#2619=LINE('',#7214,#2883);
#2620=LINE('',#7216,#2884);
#2621=LINE('',#7218,#2885);
#2622=LINE('',#7221,#2886);
#2623=LINE('',#7223,#2887);
#2624=LINE('',#7225,#2888);
#2625=LINE('',#7233,#2889);
#2626=LINE('',#7236,#2890);
#2627=LINE('',#7238,#2891);
#2628=LINE('',#7240,#2892);
#2629=LINE('',#7246,#2893);
#2630=LINE('',#7249,#2894);
#2631=LINE('',#7251,#2895);
#2632=LINE('',#7253,#2896);
#2633=LINE('',#7255,#2897);
#2634=LINE('',#7258,#2898);
#2635=LINE('',#7260,#2899);
#2636=LINE('',#7262,#2900);
#2637=LINE('',#7313,#2901);
#2638=LINE('',#7316,#2902);
#2639=LINE('',#7318,#2903);
#2640=LINE('',#7320,#2904);
#2641=LINE('',#7322,#2905);
#2642=LINE('',#7325,#2906);
#2643=LINE('',#7326,#2907);
#2644=LINE('',#7328,#2908);
#2645=LINE('',#7331,#2909);
#2646=LINE('',#7332,#2910);
#2647=LINE('',#7334,#2911);
#2648=LINE('',#7337,#2912);
#2649=LINE('',#7339,#2913);
#2650=LINE('',#7341,#2914);
#2651=LINE('',#7344,#2915);
#2652=LINE('',#7348,#2916);
#2653=LINE('',#7352,#2917);
#2654=LINE('',#7355,#2918);
#2655=LINE('',#7357,#2919);
#2656=LINE('',#7359,#2920);
#2657=LINE('',#7362,#2921);
#2658=LINE('',#7364,#2922);
#2659=LINE('',#7367,#2923);
#2660=LINE('',#7368,#2924);
#2661=LINE('',#7370,#2925);
#2662=LINE('',#7372,#2926);
#2663=LINE('',#7376,#2927);
#2664=LINE('',#7379,#2928);
#2665=LINE('',#7381,#2929);
#2666=LINE('',#7383,#2930);
#2667=LINE('',#7385,#2931);
#2668=LINE('',#7388,#2932);
#2669=LINE('',#7390,#2933);
#2670=LINE('',#7392,#2934);
#2671=LINE('',#7398,#2935);
#2672=LINE('',#7399,#2936);
#2673=LINE('',#7401,#2937);
#2674=LINE('',#7402,#2938);
#2675=LINE('',#7404,#2939);
#2676=LINE('',#7407,#2940);
#2677=LINE('',#7409,#2941);
#2678=LINE('',#7411,#2942);
#2679=LINE('',#7413,#2943);
#2680=LINE('',#7416,#2944);
#2681=LINE('',#7418,#2945);
#2682=LINE('',#7420,#2946);
#2683=LINE('',#7422,#2947);
#2684=LINE('',#7425,#2948);
#2685=LINE('',#7427,#2949);
#2686=LINE('',#7429,#2950);
#2687=LINE('',#7437,#2951);
#2688=LINE('',#7440,#2952);
#2689=LINE('',#7442,#2953);
#2690=LINE('',#7444,#2954);
#2691=LINE('',#7450,#2955);
#2692=LINE('',#7453,#2956);
#2693=LINE('',#7455,#2957);
#2694=LINE('',#7457,#2958);
#2695=LINE('',#7459,#2959);
#2696=LINE('',#7462,#2960);
#2697=LINE('',#7464,#2961);
#2698=LINE('',#7466,#2962);
#2699=LINE('',#7673,#2963);
#2700=LINE('',#7677,#2964);
#2701=LINE('',#7681,#2965);
#2702=LINE('',#7685,#2966);
#2703=LINE('',#7689,#2967);
#2704=LINE('',#7693,#2968);
#2705=LINE('',#7697,#2969);
#2706=LINE('',#7701,#2970);
#2707=LINE('',#7702,#2971);
#2708=LINE('',#7707,#2972);
#2709=LINE('',#7711,#2973);
#2710=LINE('',#7715,#2974);
#2711=LINE('',#7722,#2975);
#2712=LINE('',#7724,#2976);
#2713=LINE('',#7728,#2977);
#2714=LINE('',#7730,#2978);
#2715=LINE('',#7732,#2979);
#2716=LINE('',#7734,#2980);
#2717=LINE('',#7741,#2981);
#2718=LINE('',#7742,#2982);
#2719=LINE('',#7761,#2983);
#2720=LINE('',#7763,#2984);
#2721=LINE('',#7772,#2985);
#2722=LINE('',#7774,#2986);
#2723=LINE('',#7776,#2987);
#2724=LINE('',#7780,#2988);
#2725=LINE('',#7782,#2989);
#2726=LINE('',#7784,#2990);
#2727=LINE('',#7788,#2991);
#2728=LINE('',#7790,#2992);
#2729=LINE('',#7792,#2993);
#2730=LINE('',#7794,#2994);
#2731=LINE('',#7798,#2995);
#2732=LINE('',#7800,#2996);
#2733=LINE('',#7802,#2997);
#2734=LINE('',#7806,#2998);
#2735=LINE('',#7825,#2999);
#2736=LINE('',#7827,#3000);
#2737=LINE('',#7836,#3001);
#2738=LINE('',#7838,#3002);
#2739=LINE('',#7840,#3003);
#2740=LINE('',#7844,#3004);
#2741=LINE('',#7846,#3005);
#2742=LINE('',#7848,#3006);
#2743=VECTOR('',#5423,1.);
#2744=VECTOR('',#5424,1.);
#2745=VECTOR('',#5425,1.);
#2746=VECTOR('',#5426,1.);
#2747=VECTOR('',#5429,1.);
#2748=VECTOR('',#5430,1.);
#2749=VECTOR('',#5431,1.);
#2750=VECTOR('',#5434,1.);
#2751=VECTOR('',#5435,1.);
#2752=VECTOR('',#5436,1.);
#2753=VECTOR('',#5439,1.);
#2754=VECTOR('',#5440,1.);
#2755=VECTOR('',#5441,1.);
#2756=VECTOR('',#5442,1.);
#2757=VECTOR('',#5445,1.);
#2758=VECTOR('',#5450,1.);
#2759=VECTOR('',#5455,1.);
#2760=VECTOR('',#5456,1.);
#2761=VECTOR('',#5457,1.);
#2762=VECTOR('',#5458,1.);
#2763=VECTOR('',#5461,1.);
#2764=VECTOR('',#5464,1.);
#2765=VECTOR('',#5469,1.);
#2766=VECTOR('',#5470,1.);
#2767=VECTOR('',#5473,1.);
#2768=VECTOR('',#5476,1.);
#2769=VECTOR('',#5483,1.);
#2770=VECTOR('',#5484,1.);
#2771=VECTOR('',#5485,1.);
#2772=VECTOR('',#5486,1.);
#2773=VECTOR('',#5489,1.);
#2774=VECTOR('',#5490,1.);
#2775=VECTOR('',#5491,1.);
#2776=VECTOR('',#5494,1.);
#2777=VECTOR('',#5495,1.);
#2778=VECTOR('',#5496,1.);
#2779=VECTOR('',#5499,1.);
#2780=VECTOR('',#5500,1.);
#2781=VECTOR('',#5501,1.);
#2782=VECTOR('',#5502,1.);
#2783=VECTOR('',#5505,1.);
#2784=VECTOR('',#5510,1.);
#2785=VECTOR('',#5515,1.);
#2786=VECTOR('',#5516,1.);
#2787=VECTOR('',#5517,1.);
#2788=VECTOR('',#5518,1.);
#2789=VECTOR('',#5521,1.);
#2790=VECTOR('',#5524,1.);
#2791=VECTOR('',#5529,1.);
#2792=VECTOR('',#5530,1.);
#2793=VECTOR('',#5533,1.);
#2794=VECTOR('',#5536,1.);
#2795=VECTOR('',#5589,1.);
#2796=VECTOR('',#5592,1.);
#2797=VECTOR('',#5595,1.);
#2798=VECTOR('',#5598,1.);
#2799=VECTOR('',#5601,1.);
#2800=VECTOR('',#5604,1.);
#2801=VECTOR('',#5607,1.);
#2802=VECTOR('',#5610,1.);
#2803=VECTOR('',#5611,1.);
#2804=VECTOR('',#5614,1.);
#2805=VECTOR('',#5617,1.);
#2806=VECTOR('',#5620,1.);
#2807=VECTOR('',#5629,1.);
#2808=VECTOR('',#5630,1.);
#2809=VECTOR('',#5635,1.);
#2810=VECTOR('',#5636,1.);
#2811=VECTOR('',#5639,1.);
#2812=VECTOR('',#5640,1.);
#2813=VECTOR('',#5649,1.);
#2814=VECTOR('',#5650,1.);
#2815=VECTOR('',#5657,1.);
#2816=VECTOR('',#5660,1.);
#2817=VECTOR('',#5667,1.);
#2818=VECTOR('',#5668,1.);
#2819=VECTOR('',#5669,1.);
#2820=VECTOR('',#5674,1.);
#2821=VECTOR('',#5677,1.);
#2822=VECTOR('',#5678,1.);
#2823=VECTOR('',#5683,1.);
#2824=VECTOR('',#5684,1.);
#2825=VECTOR('',#5687,1.);
#2826=VECTOR('',#5688,1.);
#2827=VECTOR('',#5695,1.);
#2828=VECTOR('',#5696,1.);
#2829=VECTOR('',#5697,1.);
#2830=VECTOR('',#5702,1.);
#2831=VECTOR('',#5709,1.);
#2832=VECTOR('',#5712,1.);
#2833=VECTOR('',#5719,1.);
#2834=VECTOR('',#5720,1.);
#2835=VECTOR('',#5721,1.);
#2836=VECTOR('',#5726,1.);
#2837=VECTOR('',#5729,1.);
#2838=VECTOR('',#5730,1.);
#2839=VECTOR('',#5757,1.);
#2840=VECTOR('',#5758,1.);
#2841=VECTOR('',#5759,1.);
#2842=VECTOR('',#5760,1.);
#2843=VECTOR('',#5763,1.);
#2844=VECTOR('',#5764,1.);
#2845=VECTOR('',#5765,1.);
#2846=VECTOR('',#5768,1.);
#2847=VECTOR('',#5769,1.);
#2848=VECTOR('',#5770,1.);
#2849=VECTOR('',#5773,1.);
#2850=VECTOR('',#5774,1.);
#2851=VECTOR('',#5775,1.);
#2852=VECTOR('',#5776,1.);
#2853=VECTOR('',#5779,1.);
#2854=VECTOR('',#5784,1.);
#2855=VECTOR('',#5789,1.);
#2856=VECTOR('',#5790,1.);
#2857=VECTOR('',#5791,1.);
#2858=VECTOR('',#5792,1.);
#2859=VECTOR('',#5795,1.);
#2860=VECTOR('',#5798,1.);
#2861=VECTOR('',#5803,1.);
#2862=VECTOR('',#5804,1.);
#2863=VECTOR('',#5807,1.);
#2864=VECTOR('',#5810,1.);
#2865=VECTOR('',#5817,1.);
#2866=VECTOR('',#5818,1.);
#2867=VECTOR('',#5819,1.);
#2868=VECTOR('',#5820,1.);
#2869=VECTOR('',#5823,1.);
#2870=VECTOR('',#5824,1.);
#2871=VECTOR('',#5825,1.);
#2872=VECTOR('',#5826,1.);
#2873=VECTOR('',#5833,1.);
#2874=VECTOR('',#5834,1.);
#2875=VECTOR('',#5837,1.);
#2876=VECTOR('',#5838,1.);
#2877=VECTOR('',#5841,1.);
#2878=VECTOR('',#5842,1.);
#2879=VECTOR('',#5843,1.);
#2880=VECTOR('',#5844,1.);
#2881=VECTOR('',#5847,1.);
#2882=VECTOR('',#5848,1.);
#2883=VECTOR('',#5849,1.);
#2884=VECTOR('',#5850,1.);
#2885=VECTOR('',#5853,1.);
#2886=VECTOR('',#5854,1.);
#2887=VECTOR('',#5855,1.);
#2888=VECTOR('',#5856,1.);
#2889=VECTOR('',#5867,1.);
#2890=VECTOR('',#5868,1.);
#2891=VECTOR('',#5869,1.);
#2892=VECTOR('',#5870,1.);
#2893=VECTOR('',#5877,1.);
#2894=VECTOR('',#5878,1.);
#2895=VECTOR('',#5879,1.);
#2896=VECTOR('',#5880,1.);
#2897=VECTOR('',#5883,1.);
#2898=VECTOR('',#5884,1.);
#2899=VECTOR('',#5885,1.);
#2900=VECTOR('',#5886,1.);
#2901=VECTOR('',#5987,1.);
#2902=VECTOR('',#5988,1.);
#2903=VECTOR('',#5989,1.);
#2904=VECTOR('',#5990,1.);
#2905=VECTOR('',#5993,1.);
#2906=VECTOR('',#5994,1.);
#2907=VECTOR('',#5995,1.);
#2908=VECTOR('',#5998,1.);
#2909=VECTOR('',#5999,1.);
#2910=VECTOR('',#6000,1.);
#2911=VECTOR('',#6003,1.);
#2912=VECTOR('',#6004,1.);
#2913=VECTOR('',#6005,1.);
#2914=VECTOR('',#6006,1.);
#2915=VECTOR('',#6009,1.);
#2916=VECTOR('',#6014,1.);
#2917=VECTOR('',#6019,1.);
#2918=VECTOR('',#6020,1.);
#2919=VECTOR('',#6021,1.);
#2920=VECTOR('',#6022,1.);
#2921=VECTOR('',#6025,1.);
#2922=VECTOR('',#6028,1.);
#2923=VECTOR('',#6033,1.);
#2924=VECTOR('',#6034,1.);
#2925=VECTOR('',#6037,1.);
#2926=VECTOR('',#6040,1.);
#2927=VECTOR('',#6047,1.);
#2928=VECTOR('',#6048,1.);
#2929=VECTOR('',#6049,1.);
#2930=VECTOR('',#6050,1.);
#2931=VECTOR('',#6053,1.);
#2932=VECTOR('',#6054,1.);
#2933=VECTOR('',#6055,1.);
#2934=VECTOR('',#6056,1.);
#2935=VECTOR('',#6063,1.);
#2936=VECTOR('',#6064,1.);
#2937=VECTOR('',#6067,1.);
#2938=VECTOR('',#6068,1.);
#2939=VECTOR('',#6071,1.);
#2940=VECTOR('',#6072,1.);
#2941=VECTOR('',#6073,1.);
#2942=VECTOR('',#6074,1.);
#2943=VECTOR('',#6077,1.);
#2944=VECTOR('',#6078,1.);
#2945=VECTOR('',#6079,1.);
#2946=VECTOR('',#6080,1.);
#2947=VECTOR('',#6083,1.);
#2948=VECTOR('',#6084,1.);
#2949=VECTOR('',#6085,1.);
#2950=VECTOR('',#6086,1.);
#2951=VECTOR('',#6097,1.);
#2952=VECTOR('',#6098,1.);
#2953=VECTOR('',#6099,1.);
#2954=VECTOR('',#6100,1.);
#2955=VECTOR('',#6107,1.);
#2956=VECTOR('',#6108,1.);
#2957=VECTOR('',#6109,1.);
#2958=VECTOR('',#6110,1.);
#2959=VECTOR('',#6113,1.);
#2960=VECTOR('',#6114,1.);
#2961=VECTOR('',#6115,1.);
#2962=VECTOR('',#6116,1.);
#2963=VECTOR('',#6269,1.);
#2964=VECTOR('',#6272,1.);
#2965=VECTOR('',#6275,1.);
#2966=VECTOR('',#6278,1.);
#2967=VECTOR('',#6281,1.);
#2968=VECTOR('',#6284,1.);
#2969=VECTOR('',#6287,1.);
#2970=VECTOR('',#6290,1.);
#2971=VECTOR('',#6291,1.);
#2972=VECTOR('',#6294,1.);
#2973=VECTOR('',#6297,1.);
#2974=VECTOR('',#6300,1.);
#2975=VECTOR('',#6309,1.);
#2976=VECTOR('',#6310,1.);
#2977=VECTOR('',#6315,1.);
#2978=VECTOR('',#6316,1.);
#2979=VECTOR('',#6319,1.);
#2980=VECTOR('',#6320,1.);
#2981=VECTOR('',#6329,1.);
#2982=VECTOR('',#6330,1.);
#2983=VECTOR('',#6337,1.);
#2984=VECTOR('',#6340,1.);
#2985=VECTOR('',#6347,1.);
#2986=VECTOR('',#6348,1.);
#2987=VECTOR('',#6349,1.);
#2988=VECTOR('',#6354,1.);
#2989=VECTOR('',#6357,1.);
#2990=VECTOR('',#6358,1.);
#2991=VECTOR('',#6363,1.);
#2992=VECTOR('',#6364,1.);
#2993=VECTOR('',#6367,1.);
#2994=VECTOR('',#6368,1.);
#2995=VECTOR('',#6375,1.);
#2996=VECTOR('',#6376,1.);
#2997=VECTOR('',#6377,1.);
#2998=VECTOR('',#6382,1.);
#2999=VECTOR('',#6389,1.);
#3000=VECTOR('',#6392,1.);
#3001=VECTOR('',#6399,1.);
#3002=VECTOR('',#6400,1.);
#3003=VECTOR('',#6401,1.);
#3004=VECTOR('',#6406,1.);
#3005=VECTOR('',#6409,1.);
#3006=VECTOR('',#6410,1.);
#3007=EDGE_LOOP('',(#527,#528,#529,#530));
#3008=EDGE_LOOP('',(#531,#532,#533,#534));
#3009=EDGE_LOOP('',(#535,#536,#537,#538));
#3010=EDGE_LOOP('',(#539,#540,#541,#542));
#3011=EDGE_LOOP('',(#543,#544,#545,#546,#547,#548));
#3012=EDGE_LOOP('',(#549,#550,#551,#552));
#3013=EDGE_LOOP('',(#553,#554,#555,#556));
#3014=EDGE_LOOP('',(#557,#558,#559,#560,#561,#562));
#3015=EDGE_LOOP('',(#563,#564,#565,#566));
#3016=EDGE_LOOP('',(#567,#568,#569,#570));
#3017=EDGE_LOOP('',(#571,#572,#573,#574));
#3018=EDGE_LOOP('',(#575,#576,#577,#578));
#3019=EDGE_LOOP('',(#579,#580,#581,#582));
#3020=EDGE_LOOP('',(#583,#584,#585,#586));
#3021=EDGE_LOOP('',(#587,#588,#589,#590));
#3022=EDGE_LOOP('',(#591,#592,#593,#594));
#3023=EDGE_LOOP('',(#595,#596,#597,#598));
#3024=EDGE_LOOP('',(#599,#600,#601,#602));
#3025=EDGE_LOOP('',(#603,#604,#605,#606,#607,#608));
#3026=EDGE_LOOP('',(#609,#610,#611,#612));
#3027=EDGE_LOOP('',(#613,#614,#615,#616));
#3028=EDGE_LOOP('',(#617,#618,#619,#620,#621,#622));
#3029=EDGE_LOOP('',(#623,#624,#625,#626));
#3030=EDGE_LOOP('',(#627,#628,#629,#630));
#3031=EDGE_LOOP('',(#631,#632,#633,#634));
#3032=EDGE_LOOP('',(#635,#636,#637,#638));
#3033=EDGE_LOOP('',(#639,#640,#641,#642));
#3034=EDGE_LOOP('',(#643,#644,#645,#646));
#3035=EDGE_LOOP('',(#647));
#3036=EDGE_LOOP('',(#648));
#3037=EDGE_LOOP('',(#649));
#3038=EDGE_LOOP('',(#650));
#3039=EDGE_LOOP('',(#651));
#3040=EDGE_LOOP('',(#652));
#3041=EDGE_LOOP('',(#653));
#3042=EDGE_LOOP('',(#654));
#3043=EDGE_LOOP('',(#655));
#3044=EDGE_LOOP('',(#656));
#3045=EDGE_LOOP('',(#657));
#3046=EDGE_LOOP('',(#658));
#3047=EDGE_LOOP('',(#659));
#3048=EDGE_LOOP('',(#660));
#3049=EDGE_LOOP('',(#661));
#3050=EDGE_LOOP('',(#662));
#3051=EDGE_LOOP('',(#663));
#3052=EDGE_LOOP('',(#664));
#3053=EDGE_LOOP('',(#665));
#3054=EDGE_LOOP('',(#666));
#3055=EDGE_LOOP('',(#667,#668,#669,#670));
#3056=EDGE_LOOP('',(#671,#672,#673,#674));
#3057=EDGE_LOOP('',(#675));
#3058=EDGE_LOOP('',(#676,#677,#678,#679));
#3059=EDGE_LOOP('',(#680,#681,#682,#683));
#3060=EDGE_LOOP('',(#684,#685,#686,#687,#688,#689,#690,#691));
#3061=EDGE_LOOP('',(#692));
#3062=EDGE_LOOP('',(#693));
#3063=EDGE_LOOP('',(#694,#695,#696,#697));
#3064=EDGE_LOOP('',(#698,#699,#700,#701));
#3065=EDGE_LOOP('',(#702,#703,#704,#705));
#3066=EDGE_LOOP('',(#706,#707,#708,#709));
#3067=EDGE_LOOP('',(#710,#711,#712,#713));
#3068=EDGE_LOOP('',(#714,#715,#716,#717));
#3069=EDGE_LOOP('',(#718,#719,#720,#721));
#3070=EDGE_LOOP('',(#722,#723,#724,#725));
#3071=EDGE_LOOP('',(#726,#727,#728,#729));
#3072=EDGE_LOOP('',(#730,#731,#732,#733,#734));
#3073=EDGE_LOOP('',(#735,#736,#737,#738));
#3074=EDGE_LOOP('',(#739,#740,#741,#742));
#3075=EDGE_LOOP('',(#743,#744,#745,#746));
#3076=EDGE_LOOP('',(#747,#748,#749,#750));
#3077=EDGE_LOOP('',(#751,#752,#753,#754));
#3078=EDGE_LOOP('',(#755,#756,#757,#758,#759));
#3079=EDGE_LOOP('',(#760,#761,#762,#763));
#3080=EDGE_LOOP('',(#764,#765,#766,#767));
#3081=EDGE_LOOP('',(#768,#769,#770,#771));
#3082=EDGE_LOOP('',(#772,#773,#774,#775));
#3083=EDGE_LOOP('',(#776,#777,#778,#779));
#3084=EDGE_LOOP('',(#780,#781,#782,#783,#784));
#3085=EDGE_LOOP('',(#785,#786,#787,#788));
#3086=EDGE_LOOP('',(#789,#790,#791,#792,#793));
#3087=EDGE_LOOP('',(#794));
#3088=EDGE_LOOP('',(#795));
#3089=EDGE_LOOP('',(#796,#797,#798,#799));
#3090=EDGE_LOOP('',(#800,#801,#802,#803));
#3091=EDGE_LOOP('',(#804,#805,#806,#807));
#3092=EDGE_LOOP('',(#808,#809,#810,#811));
#3093=EDGE_LOOP('',(#812,#813,#814,#815));
#3094=EDGE_LOOP('',(#816,#817,#818,#819));
#3095=EDGE_LOOP('',(#820,#821,#822,#823));
#3096=EDGE_LOOP('',(#824,#825,#826,#827));
#3097=EDGE_LOOP('',(#828));
#3098=EDGE_LOOP('',(#829,#830,#831,#832));
#3099=EDGE_LOOP('',(#833,#834,#835,#836));
#3100=EDGE_LOOP('',(#837,#838,#839,#840));
#3101=EDGE_LOOP('',(#841,#842,#843,#844));
#3102=EDGE_LOOP('',(#845,#846,#847,#848));
#3103=EDGE_LOOP('',(#849,#850,#851,#852,#853,#854));
#3104=EDGE_LOOP('',(#855,#856,#857,#858));
#3105=EDGE_LOOP('',(#859,#860,#861,#862));
#3106=EDGE_LOOP('',(#863,#864,#865,#866,#867,#868));
#3107=EDGE_LOOP('',(#869,#870,#871,#872));
#3108=EDGE_LOOP('',(#873,#874,#875,#876));
#3109=EDGE_LOOP('',(#877,#878,#879,#880));
#3110=EDGE_LOOP('',(#881,#882,#883,#884));
#3111=EDGE_LOOP('',(#885,#886,#887,#888));
#3112=EDGE_LOOP('',(#889,#890,#891,#892));
#3113=EDGE_LOOP('',(#893,#894,#895,#896));
#3114=EDGE_LOOP('',(#897,#898,#899,#900));
#3115=EDGE_LOOP('',(#901));
#3116=EDGE_LOOP('',(#902));
#3117=EDGE_LOOP('',(#903,#904,#905,#906));
#3118=EDGE_LOOP('',(#907,#908,#909,#910));
#3119=EDGE_LOOP('',(#911,#912,#913,#914));
#3120=EDGE_LOOP('',(#915,#916,#917,#918));
#3121=EDGE_LOOP('',(#919,#920,#921,#922));
#3122=EDGE_LOOP('',(#923));
#3123=EDGE_LOOP('',(#924));
#3124=EDGE_LOOP('',(#925));
#3125=EDGE_LOOP('',(#926));
#3126=EDGE_LOOP('',(#927,#928,#929,#930));
#3127=EDGE_LOOP('',(#931));
#3128=EDGE_LOOP('',(#932));
#3129=EDGE_LOOP('',(#933,#934,#935,#936));
#3130=EDGE_LOOP('',(#937,#938,#939,#940));
#3131=EDGE_LOOP('',(#941,#942,#943,#944));
#3132=EDGE_LOOP('',(#945,#946,#947,#948));
#3133=EDGE_LOOP('',(#949,#950,#951,#952));
#3134=EDGE_LOOP('',(#953,#954,#955));
#3135=EDGE_LOOP('',(#956,#957,#958));
#3136=EDGE_LOOP('',(#959,#960,#961,#962));
#3137=EDGE_LOOP('',(#963,#964,#965,#966));
#3138=EDGE_LOOP('',(#967,#968,#969,#970));
#3139=EDGE_LOOP('',(#971,#972,#973,#974));
#3140=EDGE_LOOP('',(#975,#976,#977,#978));
#3141=EDGE_LOOP('',(#979,#980,#981,#982));
#3142=EDGE_LOOP('',(#983,#984,#985));
#3143=EDGE_LOOP('',(#986,#987,#988));
#3144=EDGE_LOOP('',(#989,#990,#991));
#3145=EDGE_LOOP('',(#992,#993,#994));
#3146=EDGE_LOOP('',(#995,#996,#997,#998));
#3147=EDGE_LOOP('',(#999,#1000,#1001,#1002));
#3148=EDGE_LOOP('',(#1003,#1004,#1005,#1006));
#3149=EDGE_LOOP('',(#1007,#1008,#1009,#1010));
#3150=EDGE_LOOP('',(#1011,#1012,#1013));
#3151=EDGE_LOOP('',(#1014,#1015,#1016));
#3152=EDGE_LOOP('',(#1017,#1018,#1019,#1020));
#3153=EDGE_LOOP('',(#1021));
#3154=EDGE_LOOP('',(#1022));
#3155=EDGE_LOOP('',(#1023));
#3156=EDGE_LOOP('',(#1024));
#3157=EDGE_LOOP('',(#1025,#1026,#1027,#1028));
#3158=EDGE_LOOP('',(#1029,#1030,#1031,#1032));
#3159=EDGE_LOOP('',(#1033,#1034,#1035,#1036));
#3160=EDGE_LOOP('',(#1037,#1038,#1039,#1040));
#3161=EDGE_LOOP('',(#1041,#1042,#1043,#1044,#1045,#1046));
#3162=EDGE_LOOP('',(#1047,#1048,#1049,#1050));
#3163=EDGE_LOOP('',(#1051,#1052,#1053,#1054));
#3164=EDGE_LOOP('',(#1055,#1056,#1057,#1058,#1059,#1060));
#3165=EDGE_LOOP('',(#1061,#1062,#1063,#1064));
#3166=EDGE_LOOP('',(#1065,#1066,#1067,#1068));
#3167=EDGE_LOOP('',(#1069,#1070,#1071,#1072));
#3168=EDGE_LOOP('',(#1073,#1074,#1075,#1076));
#3169=EDGE_LOOP('',(#1077,#1078,#1079,#1080));
#3170=EDGE_LOOP('',(#1081,#1082,#1083,#1084));
#3171=EDGE_LOOP('',(#1085,#1086,#1087,#1088));
#3172=EDGE_LOOP('',(#1089,#1090,#1091,#1092));
#3173=EDGE_LOOP('',(#1093));
#3174=EDGE_LOOP('',(#1094));
#3175=EDGE_LOOP('',(#1095,#1096,#1097,#1098));
#3176=EDGE_LOOP('',(#1099,#1100,#1101,#1102));
#3177=EDGE_LOOP('',(#1103,#1104,#1105,#1106));
#3178=EDGE_LOOP('',(#1107,#1108,#1109,#1110));
#3179=EDGE_LOOP('',(#1111,#1112,#1113,#1114));
#3180=EDGE_LOOP('',(#1115));
#3181=EDGE_LOOP('',(#1116));
#3182=EDGE_LOOP('',(#1117));
#3183=EDGE_LOOP('',(#1118));
#3184=EDGE_LOOP('',(#1119,#1120,#1121,#1122));
#3185=EDGE_LOOP('',(#1123));
#3186=EDGE_LOOP('',(#1124));
#3187=EDGE_LOOP('',(#1125,#1126,#1127,#1128));
#3188=EDGE_LOOP('',(#1129,#1130,#1131,#1132));
#3189=EDGE_LOOP('',(#1133,#1134,#1135,#1136));
#3190=EDGE_LOOP('',(#1137,#1138,#1139,#1140));
#3191=EDGE_LOOP('',(#1141,#1142,#1143,#1144));
#3192=EDGE_LOOP('',(#1145,#1146,#1147));
#3193=EDGE_LOOP('',(#1148,#1149,#1150));
#3194=EDGE_LOOP('',(#1151,#1152,#1153,#1154));
#3195=EDGE_LOOP('',(#1155,#1156,#1157,#1158));
#3196=EDGE_LOOP('',(#1159,#1160,#1161,#1162));
#3197=EDGE_LOOP('',(#1163,#1164,#1165,#1166));
#3198=EDGE_LOOP('',(#1167,#1168,#1169,#1170));
#3199=EDGE_LOOP('',(#1171,#1172,#1173,#1174));
#3200=EDGE_LOOP('',(#1175,#1176,#1177));
#3201=EDGE_LOOP('',(#1178,#1179,#1180));
#3202=EDGE_LOOP('',(#1181,#1182,#1183));
#3203=EDGE_LOOP('',(#1184,#1185,#1186));
#3204=EDGE_LOOP('',(#1187,#1188,#1189,#1190));
#3205=EDGE_LOOP('',(#1191,#1192,#1193,#1194));
#3206=EDGE_LOOP('',(#1195,#1196,#1197,#1198));
#3207=EDGE_LOOP('',(#1199,#1200,#1201,#1202));
#3208=EDGE_LOOP('',(#1203,#1204,#1205));
#3209=EDGE_LOOP('',(#1206,#1207,#1208));
#3210=EDGE_LOOP('',(#1209,#1210,#1211,#1212));
#3211=EDGE_LOOP('',(#1213));
#3212=EDGE_LOOP('',(#1214));
#3213=EDGE_LOOP('',(#1215));
#3214=EDGE_LOOP('',(#1216));
#3215=EDGE_LOOP('',(#1217));
#3216=EDGE_LOOP('',(#1218));
#3217=EDGE_LOOP('',(#1219));
#3218=EDGE_LOOP('',(#1220));
#3219=EDGE_LOOP('',(#1221));
#3220=EDGE_LOOP('',(#1222));
#3221=EDGE_LOOP('',(#1223));
#3222=EDGE_LOOP('',(#1224));
#3223=EDGE_LOOP('',(#1225));
#3224=EDGE_LOOP('',(#1226));
#3225=EDGE_LOOP('',(#1227));
#3226=EDGE_LOOP('',(#1228));
#3227=EDGE_LOOP('',(#1229));
#3228=EDGE_LOOP('',(#1230));
#3229=EDGE_LOOP('',(#1231));
#3230=EDGE_LOOP('',(#1232));
#3231=EDGE_LOOP('',(#1233));
#3232=EDGE_LOOP('',(#1234));
#3233=EDGE_LOOP('',(#1235));
#3234=EDGE_LOOP('',(#1236));
#3235=EDGE_LOOP('',(#1237));
#3236=EDGE_LOOP('',(#1238));
#3237=EDGE_LOOP('',(#1239));
#3238=EDGE_LOOP('',(#1240,#1241,#1242,#1243));
#3239=EDGE_LOOP('',(#1244,#1245,#1246,#1247));
#3240=EDGE_LOOP('',(#1248));
#3241=EDGE_LOOP('',(#1249,#1250,#1251,#1252));
#3242=EDGE_LOOP('',(#1253,#1254,#1255,#1256));
#3243=EDGE_LOOP('',(#1257,#1258,#1259,#1260,#1261,#1262,#1263,#1264));
#3244=EDGE_LOOP('',(#1265));
#3245=EDGE_LOOP('',(#1266));
#3246=EDGE_LOOP('',(#1267,#1268,#1269,#1270));
#3247=EDGE_LOOP('',(#1271,#1272,#1273,#1274));
#3248=EDGE_LOOP('',(#1275,#1276,#1277,#1278));
#3249=EDGE_LOOP('',(#1279,#1280,#1281,#1282));
#3250=EDGE_LOOP('',(#1283,#1284,#1285,#1286));
#3251=EDGE_LOOP('',(#1287,#1288,#1289,#1290));
#3252=EDGE_LOOP('',(#1291,#1292,#1293,#1294));
#3253=EDGE_LOOP('',(#1295,#1296,#1297,#1298));
#3254=EDGE_LOOP('',(#1299,#1300,#1301,#1302));
#3255=EDGE_LOOP('',(#1303,#1304,#1305,#1306,#1307));
#3256=EDGE_LOOP('',(#1308,#1309,#1310,#1311));
#3257=EDGE_LOOP('',(#1312,#1313,#1314,#1315));
#3258=EDGE_LOOP('',(#1316,#1317,#1318,#1319));
#3259=EDGE_LOOP('',(#1320,#1321,#1322,#1323));
#3260=EDGE_LOOP('',(#1324,#1325,#1326,#1327));
#3261=EDGE_LOOP('',(#1328,#1329,#1330,#1331,#1332));
#3262=EDGE_LOOP('',(#1333,#1334,#1335,#1336));
#3263=EDGE_LOOP('',(#1337,#1338,#1339,#1340));
#3264=EDGE_LOOP('',(#1341,#1342,#1343,#1344));
#3265=EDGE_LOOP('',(#1345,#1346,#1347,#1348));
#3266=EDGE_LOOP('',(#1349,#1350,#1351,#1352));
#3267=EDGE_LOOP('',(#1353,#1354,#1355,#1356,#1357));
#3268=EDGE_LOOP('',(#1358,#1359,#1360,#1361));
#3269=EDGE_LOOP('',(#1362,#1363,#1364,#1365,#1366));
#3270=EDGE_LOOP('',(#1367));
#3271=EDGE_LOOP('',(#1368));
#3272=EDGE_LOOP('',(#1369,#1370,#1371,#1372));
#3273=EDGE_LOOP('',(#1373,#1374,#1375,#1376));
#3274=EDGE_LOOP('',(#1377,#1378,#1379,#1380));
#3275=EDGE_LOOP('',(#1381,#1382,#1383,#1384));
#3276=EDGE_LOOP('',(#1385,#1386,#1387,#1388));
#3277=EDGE_LOOP('',(#1389,#1390,#1391,#1392));
#3278=EDGE_LOOP('',(#1393,#1394,#1395,#1396));
#3279=EDGE_LOOP('',(#1397,#1398,#1399,#1400));
#3280=EDGE_LOOP('',(#1401));
#3281=EDGE_LOOP('',(#1402,#1403,#1404,#1405));
#3282=EDGE_LOOP('',(#1406));
#3283=EDGE_LOOP('',(#1407));
#3284=EDGE_LOOP('',(#1408));
#3285=EDGE_LOOP('',(#1409));
#3286=EDGE_LOOP('',(#1410));
#3287=EDGE_LOOP('',(#1411));
#3288=EDGE_LOOP('',(#1412));
#3289=EDGE_LOOP('',(#1413));
#3290=EDGE_LOOP('',(#1414));
#3291=EDGE_LOOP('',(#1415));
#3292=EDGE_LOOP('',(#1416));
#3293=EDGE_LOOP('',(#1417));
#3294=EDGE_LOOP('',(#1418));
#3295=EDGE_LOOP('',(#1419));
#3296=EDGE_LOOP('',(#1420));
#3297=EDGE_LOOP('',(#1421));
#3298=EDGE_LOOP('',(#1422));
#3299=EDGE_LOOP('',(#1423));
#3300=EDGE_LOOP('',(#1424));
#3301=EDGE_LOOP('',(#1425));
#3302=EDGE_LOOP('',(#1426));
#3303=EDGE_LOOP('',(#1427));
#3304=EDGE_LOOP('',(#1428));
#3305=EDGE_LOOP('',(#1429));
#3306=EDGE_LOOP('',(#1430));
#3307=EDGE_LOOP('',(#1431));
#3308=EDGE_LOOP('',(#1432));
#3309=EDGE_LOOP('',(#1433));
#3310=EDGE_LOOP('',(#1434));
#3311=EDGE_LOOP('',(#1435));
#3312=EDGE_LOOP('',(#1436));
#3313=EDGE_LOOP('',(#1437));
#3314=EDGE_LOOP('',(#1438));
#3315=EDGE_LOOP('',(#1439));
#3316=EDGE_LOOP('',(#1440));
#3317=EDGE_LOOP('',(#1441));
#3318=EDGE_LOOP('',(#1442));
#3319=EDGE_LOOP('',(#1443));
#3320=EDGE_LOOP('',(#1444));
#3321=EDGE_LOOP('',(#1445));
#3322=EDGE_LOOP('',(#1446));
#3323=EDGE_LOOP('',(#1447));
#3324=EDGE_LOOP('',(#1448));
#3325=EDGE_LOOP('',(#1449));
#3326=EDGE_LOOP('',(#1450));
#3327=EDGE_LOOP('',(#1451));
#3328=EDGE_LOOP('',(#1452));
#3329=EDGE_LOOP('',(#1453));
#3330=EDGE_LOOP('',(#1454));
#3331=EDGE_LOOP('',(#1455));
#3332=EDGE_LOOP('',(#1456));
#3333=EDGE_LOOP('',(#1457));
#3334=EDGE_LOOP('',(#1458));
#3335=EDGE_LOOP('',(#1459));
#3336=EDGE_LOOP('',(#1460));
#3337=EDGE_LOOP('',(#1461));
#3338=EDGE_LOOP('',(#1462));
#3339=EDGE_LOOP('',(#1463));
#3340=EDGE_LOOP('',(#1464));
#3341=EDGE_LOOP('',(#1465));
#3342=EDGE_LOOP('',(#1466));
#3343=EDGE_LOOP('',(#1467));
#3344=EDGE_LOOP('',(#1468));
#3345=EDGE_LOOP('',(#1469));
#3346=EDGE_LOOP('',(#1470));
#3347=EDGE_LOOP('',(#1471));
#3348=EDGE_LOOP('',(#1472));
#3349=EDGE_LOOP('',(#1473));
#3350=EDGE_LOOP('',(#1474));
#3351=EDGE_LOOP('',(#1475));
#3352=EDGE_LOOP('',(#1476));
#3353=EDGE_LOOP('',(#1477));
#3354=EDGE_LOOP('',(#1478));
#3355=EDGE_LOOP('',(#1479));
#3356=EDGE_LOOP('',(#1480));
#3357=EDGE_LOOP('',(#1481));
#3358=EDGE_LOOP('',(#1482));
#3359=EDGE_LOOP('',(#1483));
#3360=EDGE_LOOP('',(#1484));
#3361=EDGE_LOOP('',(#1485));
#3362=EDGE_LOOP('',(#1486));
#3363=EDGE_LOOP('',(#1487));
#3364=EDGE_LOOP('',(#1488));
#3365=EDGE_LOOP('',(#1489));
#3366=EDGE_LOOP('',(#1490));
#3367=EDGE_LOOP('',(#1491));
#3368=EDGE_LOOP('',(#1492));
#3369=EDGE_LOOP('',(#1493));
#3370=EDGE_LOOP('',(#1494));
#3371=EDGE_LOOP('',(#1495));
#3372=EDGE_LOOP('',(#1496));
#3373=EDGE_LOOP('',(#1497));
#3374=EDGE_LOOP('',(#1498));
#3375=EDGE_LOOP('',(#1499));
#3376=EDGE_LOOP('',(#1500));
#3377=EDGE_LOOP('',(#1501));
#3378=EDGE_LOOP('',(#1502));
#3379=EDGE_LOOP('',(#1503));
#3380=EDGE_LOOP('',(#1504));
#3381=EDGE_LOOP('',(#1505));
#3382=EDGE_LOOP('',(#1506));
#3383=EDGE_LOOP('',(#1507));
#3384=EDGE_LOOP('',(#1508));
#3385=EDGE_LOOP('',(#1509));
#3386=EDGE_LOOP('',(#1510));
#3387=EDGE_LOOP('',(#1511));
#3388=EDGE_LOOP('',(#1512));
#3389=EDGE_LOOP('',(#1513));
#3390=EDGE_LOOP('',(#1514));
#3391=EDGE_LOOP('',(#1515));
#3392=EDGE_LOOP('',(#1516));
#3393=EDGE_LOOP('',(#1517));
#3394=EDGE_LOOP('',(#1518));
#3395=EDGE_LOOP('',(#1519));
#3396=EDGE_LOOP('',(#1520));
#3397=EDGE_LOOP('',(#1521));
#3398=EDGE_LOOP('',(#1522));
#3399=EDGE_LOOP('',(#1523));
#3400=EDGE_LOOP('',(#1524));
#3401=EDGE_LOOP('',(#1525));
#3402=EDGE_LOOP('',(#1526));
#3403=EDGE_LOOP('',(#1527));
#3404=EDGE_LOOP('',(#1528));
#3405=EDGE_LOOP('',(#1529));
#3406=EDGE_LOOP('',(#1530));
#3407=EDGE_LOOP('',(#1531));
#3408=EDGE_LOOP('',(#1532));
#3409=EDGE_LOOP('',(#1533));
#3410=EDGE_LOOP('',(#1534));
#3411=EDGE_LOOP('',(#1535));
#3412=EDGE_LOOP('',(#1536));
#3413=EDGE_LOOP('',(#1537));
#3414=EDGE_LOOP('',(#1538));
#3415=EDGE_LOOP('',(#1539));
#3416=EDGE_LOOP('',(#1540));
#3417=EDGE_LOOP('',(#1541));
#3418=EDGE_LOOP('',(#1542));
#3419=EDGE_LOOP('',(#1543));
#3420=EDGE_LOOP('',(#1544));
#3421=EDGE_LOOP('',(#1545));
#3422=EDGE_LOOP('',(#1546));
#3423=EDGE_LOOP('',(#1547));
#3424=EDGE_LOOP('',(#1548));
#3425=EDGE_LOOP('',(#1549));
#3426=EDGE_LOOP('',(#1550));
#3427=EDGE_LOOP('',(#1551));
#3428=EDGE_LOOP('',(#1552));
#3429=EDGE_LOOP('',(#1553));
#3430=EDGE_LOOP('',(#1554));
#3431=EDGE_LOOP('',(#1555));
#3432=EDGE_LOOP('',(#1556));
#3433=EDGE_LOOP('',(#1557));
#3434=EDGE_LOOP('',(#1558));
#3435=EDGE_LOOP('',(#1559));
#3436=EDGE_LOOP('',(#1560));
#3437=EDGE_LOOP('',(#1561));
#3438=EDGE_LOOP('',(#1562));
#3439=EDGE_LOOP('',(#1563));
#3440=EDGE_LOOP('',(#1564));
#3441=EDGE_LOOP('',(#1565));
#3442=EDGE_LOOP('',(#1566));
#3443=EDGE_LOOP('',(#1567));
#3444=EDGE_LOOP('',(#1568));
#3445=EDGE_LOOP('',(#1569));
#3446=EDGE_LOOP('',(#1570));
#3447=EDGE_LOOP('',(#1571));
#3448=EDGE_LOOP('',(#1572));
#3449=EDGE_LOOP('',(#1573));
#3450=EDGE_LOOP('',(#1574));
#3451=EDGE_LOOP('',(#1575));
#3452=EDGE_LOOP('',(#1576));
#3453=FACE_BOUND('',#3007,.T.);
#3454=FACE_BOUND('',#3008,.T.);
#3455=FACE_BOUND('',#3009,.T.);
#3456=FACE_BOUND('',#3010,.T.);
#3457=FACE_BOUND('',#3011,.T.);
#3458=FACE_BOUND('',#3012,.T.);
#3459=FACE_BOUND('',#3013,.T.);
#3460=FACE_BOUND('',#3014,.T.);
#3461=FACE_BOUND('',#3015,.T.);
#3462=FACE_BOUND('',#3016,.T.);
#3463=FACE_BOUND('',#3017,.T.);
#3464=FACE_BOUND('',#3018,.T.);
#3465=FACE_BOUND('',#3019,.T.);
#3466=FACE_BOUND('',#3020,.T.);
#3467=FACE_BOUND('',#3021,.T.);
#3468=FACE_BOUND('',#3022,.T.);
#3469=FACE_BOUND('',#3023,.T.);
#3470=FACE_BOUND('',#3024,.T.);
#3471=FACE_BOUND('',#3025,.T.);
#3472=FACE_BOUND('',#3026,.T.);
#3473=FACE_BOUND('',#3027,.T.);
#3474=FACE_BOUND('',#3028,.T.);
#3475=FACE_BOUND('',#3029,.T.);
#3476=FACE_BOUND('',#3030,.T.);
#3477=FACE_BOUND('',#3031,.T.);
#3478=FACE_BOUND('',#3032,.T.);
#3479=FACE_BOUND('',#3033,.T.);
#3480=FACE_BOUND('',#3034,.T.);
#3481=FACE_BOUND('',#3035,.T.);
#3482=FACE_BOUND('',#3036,.T.);
#3483=FACE_BOUND('',#3037,.T.);
#3484=FACE_BOUND('',#3038,.T.);
#3485=FACE_BOUND('',#3039,.T.);
#3486=FACE_BOUND('',#3040,.T.);
#3487=FACE_BOUND('',#3041,.T.);
#3488=FACE_BOUND('',#3042,.T.);
#3489=FACE_BOUND('',#3043,.T.);
#3490=FACE_BOUND('',#3044,.T.);
#3491=FACE_BOUND('',#3045,.T.);
#3492=FACE_BOUND('',#3046,.T.);
#3493=FACE_BOUND('',#3047,.T.);
#3494=FACE_BOUND('',#3048,.T.);
#3495=FACE_BOUND('',#3049,.T.);
#3496=FACE_BOUND('',#3050,.T.);
#3497=FACE_BOUND('',#3051,.T.);
#3498=FACE_BOUND('',#3052,.T.);
#3499=FACE_BOUND('',#3053,.T.);
#3500=FACE_BOUND('',#3054,.T.);
#3501=FACE_BOUND('',#3055,.T.);
#3502=FACE_BOUND('',#3056,.T.);
#3503=FACE_BOUND('',#3057,.T.);
#3504=FACE_BOUND('',#3058,.T.);
#3505=FACE_BOUND('',#3059,.T.);
#3506=FACE_BOUND('',#3060,.T.);
#3507=FACE_BOUND('',#3061,.T.);
#3508=FACE_BOUND('',#3062,.T.);
#3509=FACE_BOUND('',#3063,.T.);
#3510=FACE_BOUND('',#3064,.T.);
#3511=FACE_BOUND('',#3065,.T.);
#3512=FACE_BOUND('',#3066,.T.);
#3513=FACE_BOUND('',#3067,.T.);
#3514=FACE_BOUND('',#3068,.T.);
#3515=FACE_BOUND('',#3069,.T.);
#3516=FACE_BOUND('',#3070,.T.);
#3517=FACE_BOUND('',#3071,.T.);
#3518=FACE_BOUND('',#3072,.T.);
#3519=FACE_BOUND('',#3073,.T.);
#3520=FACE_BOUND('',#3074,.T.);
#3521=FACE_BOUND('',#3075,.T.);
#3522=FACE_BOUND('',#3076,.T.);
#3523=FACE_BOUND('',#3077,.T.);
#3524=FACE_BOUND('',#3078,.T.);
#3525=FACE_BOUND('',#3079,.T.);
#3526=FACE_BOUND('',#3080,.T.);
#3527=FACE_BOUND('',#3081,.T.);
#3528=FACE_BOUND('',#3082,.T.);
#3529=FACE_BOUND('',#3083,.T.);
#3530=FACE_BOUND('',#3084,.T.);
#3531=FACE_BOUND('',#3085,.T.);
#3532=FACE_BOUND('',#3086,.T.);
#3533=FACE_BOUND('',#3087,.T.);
#3534=FACE_BOUND('',#3088,.T.);
#3535=FACE_BOUND('',#3089,.T.);
#3536=FACE_BOUND('',#3090,.T.);
#3537=FACE_BOUND('',#3091,.T.);
#3538=FACE_BOUND('',#3092,.T.);
#3539=FACE_BOUND('',#3093,.T.);
#3540=FACE_BOUND('',#3094,.T.);
#3541=FACE_BOUND('',#3095,.T.);
#3542=FACE_BOUND('',#3096,.T.);
#3543=FACE_BOUND('',#3097,.T.);
#3544=FACE_BOUND('',#3098,.T.);
#3545=FACE_BOUND('',#3099,.T.);
#3546=FACE_BOUND('',#3100,.T.);
#3547=FACE_BOUND('',#3101,.T.);
#3548=FACE_BOUND('',#3102,.T.);
#3549=FACE_BOUND('',#3103,.T.);
#3550=FACE_BOUND('',#3104,.T.);
#3551=FACE_BOUND('',#3105,.T.);
#3552=FACE_BOUND('',#3106,.T.);
#3553=FACE_BOUND('',#3107,.T.);
#3554=FACE_BOUND('',#3108,.T.);
#3555=FACE_BOUND('',#3109,.T.);
#3556=FACE_BOUND('',#3110,.T.);
#3557=FACE_BOUND('',#3111,.T.);
#3558=FACE_BOUND('',#3112,.T.);
#3559=FACE_BOUND('',#3113,.T.);
#3560=FACE_BOUND('',#3114,.T.);
#3561=FACE_BOUND('',#3115,.T.);
#3562=FACE_BOUND('',#3116,.T.);
#3563=FACE_BOUND('',#3117,.T.);
#3564=FACE_BOUND('',#3118,.T.);
#3565=FACE_BOUND('',#3119,.T.);
#3566=FACE_BOUND('',#3120,.T.);
#3567=FACE_BOUND('',#3121,.T.);
#3568=FACE_BOUND('',#3122,.T.);
#3569=FACE_BOUND('',#3123,.T.);
#3570=FACE_BOUND('',#3124,.T.);
#3571=FACE_BOUND('',#3125,.T.);
#3572=FACE_BOUND('',#3126,.T.);
#3573=FACE_BOUND('',#3127,.T.);
#3574=FACE_BOUND('',#3128,.T.);
#3575=FACE_BOUND('',#3129,.T.);
#3576=FACE_BOUND('',#3130,.T.);
#3577=FACE_BOUND('',#3131,.T.);
#3578=FACE_BOUND('',#3132,.T.);
#3579=FACE_BOUND('',#3133,.T.);
#3580=FACE_BOUND('',#3134,.T.);
#3581=FACE_BOUND('',#3135,.T.);
#3582=FACE_BOUND('',#3136,.T.);
#3583=FACE_BOUND('',#3137,.T.);
#3584=FACE_BOUND('',#3138,.T.);
#3585=FACE_BOUND('',#3139,.T.);
#3586=FACE_BOUND('',#3140,.T.);
#3587=FACE_BOUND('',#3141,.T.);
#3588=FACE_BOUND('',#3142,.T.);
#3589=FACE_BOUND('',#3143,.T.);
#3590=FACE_BOUND('',#3144,.T.);
#3591=FACE_BOUND('',#3145,.T.);
#3592=FACE_BOUND('',#3146,.T.);
#3593=FACE_BOUND('',#3147,.T.);
#3594=FACE_BOUND('',#3148,.T.);
#3595=FACE_BOUND('',#3149,.T.);
#3596=FACE_BOUND('',#3150,.T.);
#3597=FACE_BOUND('',#3151,.T.);
#3598=FACE_BOUND('',#3152,.T.);
#3599=FACE_BOUND('',#3153,.T.);
#3600=FACE_BOUND('',#3154,.T.);
#3601=FACE_BOUND('',#3155,.T.);
#3602=FACE_BOUND('',#3156,.T.);
#3603=FACE_BOUND('',#3157,.T.);
#3604=FACE_BOUND('',#3158,.T.);
#3605=FACE_BOUND('',#3159,.T.);
#3606=FACE_BOUND('',#3160,.T.);
#3607=FACE_BOUND('',#3161,.T.);
#3608=FACE_BOUND('',#3162,.T.);
#3609=FACE_BOUND('',#3163,.T.);
#3610=FACE_BOUND('',#3164,.T.);
#3611=FACE_BOUND('',#3165,.T.);
#3612=FACE_BOUND('',#3166,.T.);
#3613=FACE_BOUND('',#3167,.T.);
#3614=FACE_BOUND('',#3168,.T.);
#3615=FACE_BOUND('',#3169,.T.);
#3616=FACE_BOUND('',#3170,.T.);
#3617=FACE_BOUND('',#3171,.T.);
#3618=FACE_BOUND('',#3172,.T.);
#3619=FACE_BOUND('',#3173,.T.);
#3620=FACE_BOUND('',#3174,.T.);
#3621=FACE_BOUND('',#3175,.T.);
#3622=FACE_BOUND('',#3176,.T.);
#3623=FACE_BOUND('',#3177,.T.);
#3624=FACE_BOUND('',#3178,.T.);
#3625=FACE_BOUND('',#3179,.T.);
#3626=FACE_BOUND('',#3180,.T.);
#3627=FACE_BOUND('',#3181,.T.);
#3628=FACE_BOUND('',#3182,.T.);
#3629=FACE_BOUND('',#3183,.T.);
#3630=FACE_BOUND('',#3184,.T.);
#3631=FACE_BOUND('',#3185,.T.);
#3632=FACE_BOUND('',#3186,.T.);
#3633=FACE_BOUND('',#3187,.T.);
#3634=FACE_BOUND('',#3188,.T.);
#3635=FACE_BOUND('',#3189,.T.);
#3636=FACE_BOUND('',#3190,.T.);
#3637=FACE_BOUND('',#3191,.T.);
#3638=FACE_BOUND('',#3192,.T.);
#3639=FACE_BOUND('',#3193,.T.);
#3640=FACE_BOUND('',#3194,.T.);
#3641=FACE_BOUND('',#3195,.T.);
#3642=FACE_BOUND('',#3196,.T.);
#3643=FACE_BOUND('',#3197,.T.);
#3644=FACE_BOUND('',#3198,.T.);
#3645=FACE_BOUND('',#3199,.T.);
#3646=FACE_BOUND('',#3200,.T.);
#3647=FACE_BOUND('',#3201,.T.);
#3648=FACE_BOUND('',#3202,.T.);
#3649=FACE_BOUND('',#3203,.T.);
#3650=FACE_BOUND('',#3204,.T.);
#3651=FACE_BOUND('',#3205,.T.);
#3652=FACE_BOUND('',#3206,.T.);
#3653=FACE_BOUND('',#3207,.T.);
#3654=FACE_BOUND('',#3208,.T.);
#3655=FACE_BOUND('',#3209,.T.);
#3656=FACE_BOUND('',#3210,.T.);
#3657=FACE_BOUND('',#3211,.T.);
#3658=FACE_BOUND('',#3212,.T.);
#3659=FACE_BOUND('',#3213,.T.);
#3660=FACE_BOUND('',#3214,.T.);
#3661=FACE_BOUND('',#3215,.T.);
#3662=FACE_BOUND('',#3216,.T.);
#3663=FACE_BOUND('',#12,.T.);
#3664=FACE_BOUND('',#3217,.T.);
#3665=FACE_BOUND('',#3218,.T.);
#3666=FACE_BOUND('',#3219,.T.);
#3667=FACE_BOUND('',#3220,.T.);
#3668=FACE_BOUND('',#3221,.T.);
#3669=FACE_BOUND('',#3222,.T.);
#3670=FACE_BOUND('',#3223,.T.);
#3671=FACE_BOUND('',#3224,.T.);
#3672=FACE_BOUND('',#3225,.T.);
#3673=FACE_BOUND('',#3226,.T.);
#3674=FACE_BOUND('',#3227,.T.);
#3675=FACE_BOUND('',#3228,.T.);
#3676=FACE_BOUND('',#3229,.T.);
#3677=FACE_BOUND('',#3230,.T.);
#3678=FACE_BOUND('',#3231,.T.);
#3679=FACE_BOUND('',#3232,.T.);
#3680=FACE_BOUND('',#3233,.T.);
#3681=FACE_BOUND('',#3234,.T.);
#3682=FACE_BOUND('',#3235,.T.);
#3683=FACE_BOUND('',#3236,.T.);
#3684=FACE_BOUND('',#3237,.T.);
#3685=FACE_BOUND('',#3238,.T.);
#3686=FACE_BOUND('',#3239,.T.);
#3687=FACE_BOUND('',#3240,.T.);
#3688=FACE_BOUND('',#3241,.T.);
#3689=FACE_BOUND('',#3242,.T.);
#3690=FACE_BOUND('',#3243,.T.);
#3691=FACE_BOUND('',#3244,.T.);
#3692=FACE_BOUND('',#3245,.T.);
#3693=FACE_BOUND('',#3246,.T.);
#3694=FACE_BOUND('',#3247,.T.);
#3695=FACE_BOUND('',#3248,.T.);
#3696=FACE_BOUND('',#3249,.T.);
#3697=FACE_BOUND('',#3250,.T.);
#3698=FACE_BOUND('',#3251,.T.);
#3699=FACE_BOUND('',#3252,.T.);
#3700=FACE_BOUND('',#3253,.T.);
#3701=FACE_BOUND('',#3254,.T.);
#3702=FACE_BOUND('',#3255,.T.);
#3703=FACE_BOUND('',#3256,.T.);
#3704=FACE_BOUND('',#3257,.T.);
#3705=FACE_BOUND('',#3258,.T.);
#3706=FACE_BOUND('',#3259,.T.);
#3707=FACE_BOUND('',#3260,.T.);
#3708=FACE_BOUND('',#3261,.T.);
#3709=FACE_BOUND('',#3262,.T.);
#3710=FACE_BOUND('',#3263,.T.);
#3711=FACE_BOUND('',#3264,.T.);
#3712=FACE_BOUND('',#3265,.T.);
#3713=FACE_BOUND('',#3266,.T.);
#3714=FACE_BOUND('',#3267,.T.);
#3715=FACE_BOUND('',#3268,.T.);
#3716=FACE_BOUND('',#3269,.T.);
#3717=FACE_BOUND('',#3270,.T.);
#3718=FACE_BOUND('',#3271,.T.);
#3719=FACE_BOUND('',#3272,.T.);
#3720=FACE_BOUND('',#3273,.T.);
#3721=FACE_BOUND('',#3274,.T.);
#3722=FACE_BOUND('',#3275,.T.);
#3723=FACE_BOUND('',#3276,.T.);
#3724=FACE_BOUND('',#3277,.T.);
#3725=FACE_BOUND('',#3278,.T.);
#3726=FACE_BOUND('',#3279,.T.);
#3727=FACE_BOUND('',#3280,.T.);
#3728=FACE_BOUND('',#3281,.T.);
#3729=FACE_BOUND('',#3282,.T.);
#3730=FACE_BOUND('',#3283,.T.);
#3731=FACE_BOUND('',#13,.T.);
#3732=FACE_BOUND('',#3284,.T.);
#3733=FACE_BOUND('',#3285,.T.);
#3734=FACE_BOUND('',#3286,.T.);
#3735=FACE_BOUND('',#3287,.T.);
#3736=FACE_BOUND('',#3288,.T.);
#3737=FACE_BOUND('',#3289,.T.);
#3738=FACE_BOUND('',#3290,.T.);
#3739=FACE_BOUND('',#3291,.T.);
#3740=FACE_BOUND('',#3292,.T.);
#3741=FACE_BOUND('',#3293,.T.);
#3742=FACE_BOUND('',#3294,.T.);
#3743=FACE_BOUND('',#3295,.T.);
#3744=FACE_BOUND('',#3296,.T.);
#3745=FACE_BOUND('',#3297,.T.);
#3746=FACE_BOUND('',#3298,.T.);
#3747=FACE_BOUND('',#3299,.T.);
#3748=FACE_BOUND('',#3300,.T.);
#3749=FACE_BOUND('',#3301,.T.);
#3750=FACE_BOUND('',#3302,.T.);
#3751=FACE_BOUND('',#3303,.T.);
#3752=FACE_BOUND('',#3304,.T.);
#3753=FACE_BOUND('',#3305,.T.);
#3754=FACE_BOUND('',#3306,.T.);
#3755=FACE_BOUND('',#3307,.T.);
#3756=FACE_BOUND('',#3308,.T.);
#3757=FACE_BOUND('',#3309,.T.);
#3758=FACE_BOUND('',#3310,.T.);
#3759=FACE_BOUND('',#3311,.T.);
#3760=FACE_BOUND('',#3312,.T.);
#3761=FACE_BOUND('',#3313,.T.);
#3762=FACE_BOUND('',#3314,.T.);
#3763=FACE_BOUND('',#3315,.T.);
#3764=FACE_BOUND('',#3316,.T.);
#3765=FACE_BOUND('',#3317,.T.);
#3766=FACE_BOUND('',#3318,.T.);
#3767=FACE_BOUND('',#3319,.T.);
#3768=FACE_BOUND('',#3320,.T.);
#3769=FACE_BOUND('',#3321,.T.);
#3770=FACE_BOUND('',#3322,.T.);
#3771=FACE_BOUND('',#3323,.T.);
#3772=FACE_BOUND('',#3324,.T.);
#3773=FACE_BOUND('',#3325,.T.);
#3774=FACE_BOUND('',#3326,.T.);
#3775=FACE_BOUND('',#3327,.T.);
#3776=FACE_BOUND('',#3328,.T.);
#3777=FACE_BOUND('',#3329,.T.);
#3778=FACE_BOUND('',#3330,.T.);
#3779=FACE_BOUND('',#3331,.T.);
#3780=FACE_BOUND('',#3332,.T.);
#3781=FACE_BOUND('',#3333,.T.);
#3782=FACE_BOUND('',#3334,.T.);
#3783=FACE_BOUND('',#3335,.T.);
#3784=FACE_BOUND('',#3336,.T.);
#3785=FACE_BOUND('',#3337,.T.);
#3786=FACE_BOUND('',#3338,.T.);
#3787=FACE_BOUND('',#3339,.T.);
#3788=FACE_BOUND('',#3340,.T.);
#3789=FACE_BOUND('',#3341,.T.);
#3790=FACE_BOUND('',#3342,.T.);
#3791=FACE_BOUND('',#3343,.T.);
#3792=FACE_BOUND('',#3344,.T.);
#3793=FACE_BOUND('',#3345,.T.);
#3794=FACE_BOUND('',#3346,.T.);
#3795=FACE_BOUND('',#3347,.T.);
#3796=FACE_BOUND('',#3348,.T.);
#3797=FACE_BOUND('',#3349,.T.);
#3798=FACE_BOUND('',#3350,.T.);
#3799=FACE_BOUND('',#3351,.T.);
#3800=FACE_BOUND('',#3352,.T.);
#3801=FACE_BOUND('',#3353,.T.);
#3802=FACE_BOUND('',#3354,.T.);
#3803=FACE_BOUND('',#3355,.T.);
#3804=FACE_BOUND('',#3356,.T.);
#3805=FACE_BOUND('',#3357,.T.);
#3806=FACE_BOUND('',#3358,.T.);
#3807=FACE_BOUND('',#3359,.T.);
#3808=FACE_BOUND('',#3360,.T.);
#3809=FACE_BOUND('',#3361,.T.);
#3810=FACE_BOUND('',#3362,.T.);
#3811=FACE_BOUND('',#3363,.T.);
#3812=FACE_BOUND('',#3364,.T.);
#3813=FACE_BOUND('',#3365,.T.);
#3814=FACE_BOUND('',#3366,.T.);
#3815=FACE_BOUND('',#3367,.T.);
#3816=FACE_BOUND('',#3368,.T.);
#3817=FACE_BOUND('',#3369,.T.);
#3818=FACE_BOUND('',#3370,.T.);
#3819=FACE_BOUND('',#3371,.T.);
#3820=FACE_BOUND('',#3372,.T.);
#3821=FACE_BOUND('',#3373,.T.);
#3822=FACE_BOUND('',#3374,.T.);
#3823=FACE_BOUND('',#3375,.T.);
#3824=FACE_BOUND('',#3376,.T.);
#3825=FACE_BOUND('',#3377,.T.);
#3826=FACE_BOUND('',#3378,.T.);
#3827=FACE_BOUND('',#3379,.T.);
#3828=FACE_BOUND('',#3380,.T.);
#3829=FACE_BOUND('',#3381,.T.);
#3830=FACE_BOUND('',#3382,.T.);
#3831=FACE_BOUND('',#3383,.T.);
#3832=FACE_BOUND('',#3384,.T.);
#3833=FACE_BOUND('',#3385,.T.);
#3834=FACE_BOUND('',#3386,.T.);
#3835=FACE_BOUND('',#3387,.T.);
#3836=FACE_BOUND('',#3388,.T.);
#3837=FACE_BOUND('',#3389,.T.);
#3838=FACE_BOUND('',#3390,.T.);
#3839=FACE_BOUND('',#3391,.T.);
#3840=FACE_BOUND('',#3392,.T.);
#3841=FACE_BOUND('',#3393,.T.);
#3842=FACE_BOUND('',#3394,.T.);
#3843=FACE_BOUND('',#3395,.T.);
#3844=FACE_BOUND('',#3396,.T.);
#3845=FACE_BOUND('',#3397,.T.);
#3846=FACE_BOUND('',#3398,.T.);
#3847=FACE_BOUND('',#3399,.T.);
#3848=FACE_BOUND('',#3400,.T.);
#3849=FACE_BOUND('',#3401,.T.);
#3850=FACE_BOUND('',#3402,.T.);
#3851=FACE_BOUND('',#3403,.T.);
#3852=FACE_BOUND('',#3404,.T.);
#3853=FACE_BOUND('',#3405,.T.);
#3854=FACE_BOUND('',#3406,.T.);
#3855=FACE_BOUND('',#3407,.T.);
#3856=FACE_BOUND('',#3408,.T.);
#3857=FACE_BOUND('',#3409,.T.);
#3858=FACE_BOUND('',#3410,.T.);
#3859=FACE_BOUND('',#3411,.T.);
#3860=FACE_BOUND('',#3412,.T.);
#3861=FACE_BOUND('',#3413,.T.);
#3862=FACE_BOUND('',#3414,.T.);
#3863=FACE_BOUND('',#3415,.T.);
#3864=FACE_BOUND('',#3416,.T.);
#3865=FACE_BOUND('',#3417,.T.);
#3866=FACE_BOUND('',#3418,.T.);
#3867=FACE_BOUND('',#3419,.T.);
#3868=FACE_BOUND('',#3420,.T.);
#3869=FACE_BOUND('',#3421,.T.);
#3870=FACE_BOUND('',#3422,.T.);
#3871=FACE_BOUND('',#3423,.T.);
#3872=FACE_BOUND('',#3424,.T.);
#3873=FACE_BOUND('',#3425,.T.);
#3874=FACE_BOUND('',#3426,.T.);
#3875=FACE_BOUND('',#3427,.T.);
#3876=FACE_BOUND('',#3428,.T.);
#3877=FACE_BOUND('',#3429,.T.);
#3878=FACE_BOUND('',#3430,.T.);
#3879=FACE_BOUND('',#3431,.T.);
#3880=FACE_BOUND('',#3432,.T.);
#3881=FACE_BOUND('',#3433,.T.);
#3882=FACE_BOUND('',#3434,.T.);
#3883=FACE_BOUND('',#3435,.T.);
#3884=FACE_BOUND('',#3436,.T.);
#3885=FACE_BOUND('',#3437,.T.);
#3886=FACE_BOUND('',#3438,.T.);
#3887=FACE_BOUND('',#3439,.T.);
#3888=FACE_BOUND('',#3440,.T.);
#3889=FACE_BOUND('',#3441,.T.);
#3890=FACE_BOUND('',#3442,.T.);
#3891=FACE_BOUND('',#3443,.T.);
#3892=FACE_BOUND('',#3444,.T.);
#3893=FACE_BOUND('',#3445,.T.);
#3894=FACE_BOUND('',#3446,.T.);
#3895=FACE_BOUND('',#3447,.T.);
#3896=FACE_BOUND('',#3448,.T.);
#3897=FACE_BOUND('',#3449,.T.);
#3898=FACE_BOUND('',#3450,.T.);
#3899=FACE_BOUND('',#3451,.T.);
#3900=FACE_BOUND('',#3452,.T.);
#3901=PLANE('',#4884);
#3902=PLANE('',#4885);
#3903=PLANE('',#4886);
#3904=PLANE('',#4887);
#3905=PLANE('',#4892);
#3906=PLANE('',#4894);
#3907=PLANE('',#4896);
#3908=PLANE('',#4897);
#3909=PLANE('',#4898);
#3910=PLANE('',#4899);
#3911=PLANE('',#4901);
#3912=PLANE('',#4902);
#3913=PLANE('',#4903);
#3914=PLANE('',#4904);
#3915=PLANE('',#4909);
#3916=PLANE('',#4911);
#3917=PLANE('',#4913);
#3918=PLANE('',#4914);
#3919=PLANE('',#4915);
#3920=PLANE('',#4916);
#3921=PLANE('',#4918);
#3922=PLANE('',#4926);
#3923=PLANE('',#4932);
#3924=PLANE('',#4934);
#3925=PLANE('',#4940);
#3926=PLANE('',#4957);
#3927=PLANE('',#4958);
#3928=PLANE('',#4965);
#3929=PLANE('',#4966);
#3930=PLANE('',#4969);
#3931=PLANE('',#4974);
#3932=PLANE('',#4975);
#3933=PLANE('',#4978);
#3934=PLANE('',#4983);
#3935=PLANE('',#4984);
#3936=PLANE('',#4987);
#3937=PLANE('',#4990);
#3938=PLANE('',#4991);
#3939=PLANE('',#4993);
#3940=PLANE('',#4995);
#3941=PLANE('',#4997);
#3942=PLANE('',#4999);
#3943=PLANE('',#5003);
#3944=PLANE('',#5004);
#3945=PLANE('',#5005);
#3946=PLANE('',#5006);
#3947=PLANE('',#5011);
#3948=PLANE('',#5013);
#3949=PLANE('',#5015);
#3950=PLANE('',#5016);
#3951=PLANE('',#5017);
#3952=PLANE('',#5018);
#3953=PLANE('',#5020);
#3954=PLANE('',#5021);
#3955=PLANE('',#5022);
#3956=PLANE('',#5025);
#3957=PLANE('',#5026);
#3958=PLANE('',#5027);
#3959=PLANE('',#5028);
#3960=PLANE('',#5033);
#3961=PLANE('',#5034);
#3962=PLANE('',#5037);
#3963=PLANE('',#5038);
#3964=PLANE('',#5039);
#3965=PLANE('',#5087);
#3966=PLANE('',#5088);
#3967=PLANE('',#5089);
#3968=PLANE('',#5090);
#3969=PLANE('',#5095);
#3970=PLANE('',#5097);
#3971=PLANE('',#5099);
#3972=PLANE('',#5100);
#3973=PLANE('',#5101);
#3974=PLANE('',#5102);
#3975=PLANE('',#5104);
#3976=PLANE('',#5105);
#3977=PLANE('',#5106);
#3978=PLANE('',#5109);
#3979=PLANE('',#5110);
#3980=PLANE('',#5111);
#3981=PLANE('',#5112);
#3982=PLANE('',#5117);
#3983=PLANE('',#5118);
#3984=PLANE('',#5121);
#3985=PLANE('',#5122);
#3986=PLANE('',#5123);
#3987=PLANE('',#5174);
#3988=PLANE('',#5182);
#3989=PLANE('',#5188);
#3990=PLANE('',#5190);
#3991=PLANE('',#5196);
#3992=PLANE('',#5213);
#3993=PLANE('',#5214);
#3994=PLANE('',#5221);
#3995=PLANE('',#5222);
#3996=PLANE('',#5225);
#3997=PLANE('',#5230);
#3998=PLANE('',#5231);
#3999=PLANE('',#5234);
#4000=PLANE('',#5239);
#4001=PLANE('',#5240);
#4002=PLANE('',#5243);
#4003=PLANE('',#5246);
#4004=PLANE('',#5247);
#4005=PLANE('',#5249);
#4006=PLANE('',#5251);
#4007=PLANE('',#5253);
#4008=PLANE('',#5255);
#4009=PLANE('',#5262);
#4010=PLANE('',#5271);
#4011=PLANE('',#5275);
#4012=PLANE('',#5282);
#4013=PLANE('',#5286);
#4014=PLANE('',#5294);
#4015=PLANE('',#5302);
#4016=PLANE('',#5310);
#4017=PLANE('',#5318);
#4018=PLANE('',#5326);
#4019=PLANE('',#5332);
#4020=PLANE('',#5337);
#4021=PLANE('',#5341);
#4022=PLANE('',#5350);
#4023=PLANE('',#5354);
#4024=PLANE('',#5361);
#4025=PLANE('',#5365);
#4026=PLANE('',#5373);
#4027=PLANE('',#5381);
#4028=PLANE('',#5389);
#4029=PLANE('',#5397);
#4030=PLANE('',#5405);
#4031=PLANE('',#5411);
#4032=PLANE('',#5416);
#4033=ADVANCED_FACE('',(#3453),#3901,.F.);
#4034=ADVANCED_FACE('',(#3454),#3902,.T.);
#4035=ADVANCED_FACE('',(#3455),#3903,.T.);
#4036=ADVANCED_FACE('',(#3456,#3457),#3904,.T.);
#4037=ADVANCED_FACE('',(#3458),#111,.T.);
#4038=ADVANCED_FACE('',(#3459,#3460),#3905,.T.);
#4039=ADVANCED_FACE('',(#3461),#3906,.T.);
#4040=ADVANCED_FACE('',(#3462),#112,.T.);
#4041=ADVANCED_FACE('',(#3463),#3907,.F.);
#4042=ADVANCED_FACE('',(#3464),#3908,.F.);
#4043=ADVANCED_FACE('',(#3465),#3909,.F.);
#4044=ADVANCED_FACE('',(#3466),#3910,.F.);
#4045=ADVANCED_FACE('',(#3467),#3911,.F.);
#4046=ADVANCED_FACE('',(#3468),#3912,.T.);
#4047=ADVANCED_FACE('',(#3469),#3913,.T.);
#4048=ADVANCED_FACE('',(#3470,#3471),#3914,.T.);
#4049=ADVANCED_FACE('',(#3472),#113,.T.);
#4050=ADVANCED_FACE('',(#3473,#3474),#3915,.T.);
#4051=ADVANCED_FACE('',(#3475),#3916,.T.);
#4052=ADVANCED_FACE('',(#3476),#114,.T.);
#4053=ADVANCED_FACE('',(#3477),#3917,.F.);
#4054=ADVANCED_FACE('',(#3478),#3918,.F.);
#4055=ADVANCED_FACE('',(#3479),#3919,.F.);
#4056=ADVANCED_FACE('',(#3480),#3920,.F.);
#4057=ADVANCED_FACE('',(#3481),#3921,.F.);
#4058=ADVANCED_FACE('',(#3482),#71,.T.);
#4059=ADVANCED_FACE('',(#3483,#3484),#115,.T.);
#4060=ADVANCED_FACE('',(#3485,#3486),#61,.F.);
#4061=ADVANCED_FACE('',(#3487,#3488),#3922,.T.);
#4062=ADVANCED_FACE('',(#3489,#3490),#62,.F.);
#4063=ADVANCED_FACE('',(#3491,#3492),#63,.T.);
#4064=ADVANCED_FACE('',(#3493,#3494),#3923,.T.);
#4065=ADVANCED_FACE('',(#3495,#3496),#3924,.F.);
#4066=ADVANCED_FACE('',(#3497,#3498),#116,.T.);
#4067=ADVANCED_FACE('',(#3499,#3500),#64,.T.);
#4068=ADVANCED_FACE('',(#3501,#3502,#3503,#3504,#3505,#3506),#3925,.T.);
#4069=ADVANCED_FACE('',(#3507,#3508),#117,.T.);
#4070=ADVANCED_FACE('',(#3509),#118,.F.);
#4071=ADVANCED_FACE('',(#3510),#3926,.T.);
#4072=ADVANCED_FACE('',(#3511),#3927,.F.);
#4073=ADVANCED_FACE('',(#3512),#119,.F.);
#4074=ADVANCED_FACE('',(#3513),#120,.T.);
#4075=ADVANCED_FACE('',(#3514),#121,.F.);
#4076=ADVANCED_FACE('',(#3515),#3928,.T.);
#4077=ADVANCED_FACE('',(#3516),#3929,.F.);
#4078=ADVANCED_FACE('',(#3517),#122,.F.);
#4079=ADVANCED_FACE('',(#3518),#3930,.T.);
#4080=ADVANCED_FACE('',(#3519),#123,.T.);
#4081=ADVANCED_FACE('',(#3520),#124,.F.);
#4082=ADVANCED_FACE('',(#3521),#3931,.T.);
#4083=ADVANCED_FACE('',(#3522),#3932,.F.);
#4084=ADVANCED_FACE('',(#3523),#125,.F.);
#4085=ADVANCED_FACE('',(#3524),#3933,.T.);
#4086=ADVANCED_FACE('',(#3525),#126,.T.);
#4087=ADVANCED_FACE('',(#3526),#127,.F.);
#4088=ADVANCED_FACE('',(#3527),#3934,.T.);
#4089=ADVANCED_FACE('',(#3528),#3935,.F.);
#4090=ADVANCED_FACE('',(#3529),#128,.F.);
#4091=ADVANCED_FACE('',(#3530),#3936,.T.);
#4092=ADVANCED_FACE('',(#3531),#129,.T.);
#4093=ADVANCED_FACE('',(#3532),#3937,.T.);
#4094=ADVANCED_FACE('',(#3533,#3534),#3938,.F.);
#4095=ADVANCED_FACE('',(#3535,#3536),#3939,.F.);
#4096=ADVANCED_FACE('',(#3537,#3538),#3940,.F.);
#4097=ADVANCED_FACE('',(#3539,#3540),#3941,.F.);
#4098=ADVANCED_FACE('',(#3541,#3542),#3942,.F.);
#4099=ADVANCED_FACE('',(#3543,#3544),#130,.T.);
#4100=ADVANCED_FACE('',(#3545),#3943,.F.);
#4101=ADVANCED_FACE('',(#3546),#3944,.T.);
#4102=ADVANCED_FACE('',(#3547),#3945,.T.);
#4103=ADVANCED_FACE('',(#3548,#3549),#3946,.T.);
#4104=ADVANCED_FACE('',(#3550),#131,.T.);
#4105=ADVANCED_FACE('',(#3551,#3552),#3947,.T.);
#4106=ADVANCED_FACE('',(#3553),#3948,.T.);
#4107=ADVANCED_FACE('',(#3554),#132,.T.);
#4108=ADVANCED_FACE('',(#3555),#3949,.F.);
#4109=ADVANCED_FACE('',(#3556),#3950,.F.);
#4110=ADVANCED_FACE('',(#3557),#3951,.F.);
#4111=ADVANCED_FACE('',(#3558),#3952,.F.);
#4112=ADVANCED_FACE('',(#3559),#3953,.F.);
#4113=ADVANCED_FACE('',(#3560),#3954,.F.);
#4114=ADVANCED_FACE('',(#3561,#3562,#3563),#3955,.F.);
#4115=ADVANCED_FACE('',(#3564),#3956,.F.);
#4116=ADVANCED_FACE('',(#3565),#3957,.F.);
#4117=ADVANCED_FACE('',(#3566),#3958,.T.);
#4118=ADVANCED_FACE('',(#3567),#3959,.T.);
#4119=ADVANCED_FACE('',(#3568,#3569),#133,.F.);
#4120=ADVANCED_FACE('',(#3570,#3571),#134,.F.);
#4121=ADVANCED_FACE('',(#3572),#3960,.F.);
#4122=ADVANCED_FACE('',(#3573,#3574,#3575),#3961,.T.);
#4123=ADVANCED_FACE('',(#3576),#3962,.F.);
#4124=ADVANCED_FACE('',(#3577),#3963,.F.);
#4125=ADVANCED_FACE('',(#3578),#3964,.F.);
#4126=ADVANCED_FACE('',(#3579),#135,.T.);
#4127=ADVANCED_FACE('',(#3580),#72,.T.);
#4128=ADVANCED_FACE('',(#3581),#73,.T.);
#4129=ADVANCED_FACE('',(#3582),#136,.T.);
#4130=ADVANCED_FACE('',(#3583),#137,.T.);
#4131=ADVANCED_FACE('',(#3584),#138,.T.);
#4132=ADVANCED_FACE('',(#3585),#139,.T.);
#4133=ADVANCED_FACE('',(#3586),#140,.T.);
#4134=ADVANCED_FACE('',(#3587),#141,.T.);
#4135=ADVANCED_FACE('',(#3588),#74,.T.);
#4136=ADVANCED_FACE('',(#3589),#75,.T.);
#4137=ADVANCED_FACE('',(#3590),#76,.T.);
#4138=ADVANCED_FACE('',(#3591),#77,.T.);
#4139=ADVANCED_FACE('',(#3592),#142,.T.);
#4140=ADVANCED_FACE('',(#3593),#143,.T.);
#4141=ADVANCED_FACE('',(#3594),#144,.T.);
#4142=ADVANCED_FACE('',(#3595),#145,.T.);
#4143=ADVANCED_FACE('',(#3596),#78,.T.);
#4144=ADVANCED_FACE('',(#3597),#79,.T.);
#4145=ADVANCED_FACE('',(#3598),#146,.T.);
#4146=ADVANCED_FACE('',(#3599,#3600),#25,.T.);
#4147=ADVANCED_FACE('',(#3601,#3602),#26,.T.);
#4148=ADVANCED_FACE('',(#3603),#3965,.F.);
#4149=ADVANCED_FACE('',(#3604),#3966,.T.);
#4150=ADVANCED_FACE('',(#3605),#3967,.T.);
#4151=ADVANCED_FACE('',(#3606,#3607),#3968,.T.);
#4152=ADVANCED_FACE('',(#3608),#147,.T.);
#4153=ADVANCED_FACE('',(#3609,#3610),#3969,.T.);
#4154=ADVANCED_FACE('',(#3611),#3970,.T.);
#4155=ADVANCED_FACE('',(#3612),#148,.T.);
#4156=ADVANCED_FACE('',(#3613),#3971,.F.);
#4157=ADVANCED_FACE('',(#3614),#3972,.F.);
#4158=ADVANCED_FACE('',(#3615),#3973,.F.);
#4159=ADVANCED_FACE('',(#3616),#3974,.F.);
#4160=ADVANCED_FACE('',(#3617),#3975,.F.);
#4161=ADVANCED_FACE('',(#3618),#3976,.F.);
#4162=ADVANCED_FACE('',(#3619,#3620,#3621),#3977,.F.);
#4163=ADVANCED_FACE('',(#3622),#3978,.F.);
#4164=ADVANCED_FACE('',(#3623),#3979,.F.);
#4165=ADVANCED_FACE('',(#3624),#3980,.T.);
#4166=ADVANCED_FACE('',(#3625),#3981,.T.);
#4167=ADVANCED_FACE('',(#3626,#3627),#149,.F.);
#4168=ADVANCED_FACE('',(#3628,#3629),#150,.F.);
#4169=ADVANCED_FACE('',(#3630),#3982,.F.);
#4170=ADVANCED_FACE('',(#3631,#3632,#3633),#3983,.T.);
#4171=ADVANCED_FACE('',(#3634),#3984,.F.);
#4172=ADVANCED_FACE('',(#3635),#3985,.F.);
#4173=ADVANCED_FACE('',(#3636),#3986,.F.);
#4174=ADVANCED_FACE('',(#3637),#151,.T.);
#4175=ADVANCED_FACE('',(#3638),#80,.T.);
#4176=ADVANCED_FACE('',(#3639),#81,.T.);
#4177=ADVANCED_FACE('',(#3640),#152,.T.);
#4178=ADVANCED_FACE('',(#3641),#153,.T.);
#4179=ADVANCED_FACE('',(#3642),#154,.T.);
#4180=ADVANCED_FACE('',(#3643),#155,.T.);
#4181=ADVANCED_FACE('',(#3644),#156,.T.);
#4182=ADVANCED_FACE('',(#3645),#157,.T.);
#4183=ADVANCED_FACE('',(#3646),#82,.T.);
#4184=ADVANCED_FACE('',(#3647),#83,.T.);
#4185=ADVANCED_FACE('',(#3648),#84,.T.);
#4186=ADVANCED_FACE('',(#3649),#85,.T.);
#4187=ADVANCED_FACE('',(#3650),#158,.T.);
#4188=ADVANCED_FACE('',(#3651),#159,.T.);
#4189=ADVANCED_FACE('',(#3652),#160,.T.);
#4190=ADVANCED_FACE('',(#3653),#161,.T.);
#4191=ADVANCED_FACE('',(#3654),#86,.T.);
#4192=ADVANCED_FACE('',(#3655),#87,.T.);
#4193=ADVANCED_FACE('',(#3656),#162,.T.);
#4194=ADVANCED_FACE('',(#3657,#3658),#27,.T.);
#4195=ADVANCED_FACE('',(#3659,#3660),#28,.T.);
#4196=ADVANCED_FACE('',(#3661,#3662),#16,.F.);
#4197=ADVANCED_FACE('',(#3663,#3664),#14,.T.);
#4198=ADVANCED_FACE('',(#3665),#3987,.F.);
#4199=ADVANCED_FACE('',(#3666),#88,.T.);
#4200=ADVANCED_FACE('',(#3667,#3668),#163,.T.);
#4201=ADVANCED_FACE('',(#3669,#3670),#65,.F.);
#4202=ADVANCED_FACE('',(#3671,#3672),#3988,.T.);
#4203=ADVANCED_FACE('',(#3673,#3674),#66,.F.);
#4204=ADVANCED_FACE('',(#3675,#3676),#67,.T.);
#4205=ADVANCED_FACE('',(#3677,#3678),#3989,.T.);
#4206=ADVANCED_FACE('',(#3679,#3680),#3990,.F.);
#4207=ADVANCED_FACE('',(#3681,#3682),#164,.T.);
#4208=ADVANCED_FACE('',(#3683,#3684),#68,.T.);
#4209=ADVANCED_FACE('',(#3685,#3686,#3687,#3688,#3689,#3690),#3991,.T.);
#4210=ADVANCED_FACE('',(#3691,#3692),#165,.T.);
#4211=ADVANCED_FACE('',(#3693),#166,.F.);
#4212=ADVANCED_FACE('',(#3694),#3992,.T.);
#4213=ADVANCED_FACE('',(#3695),#3993,.F.);
#4214=ADVANCED_FACE('',(#3696),#167,.F.);
#4215=ADVANCED_FACE('',(#3697),#168,.T.);
#4216=ADVANCED_FACE('',(#3698),#169,.F.);
#4217=ADVANCED_FACE('',(#3699),#3994,.T.);
#4218=ADVANCED_FACE('',(#3700),#3995,.F.);
#4219=ADVANCED_FACE('',(#3701),#170,.F.);
#4220=ADVANCED_FACE('',(#3702),#3996,.T.);
#4221=ADVANCED_FACE('',(#3703),#171,.T.);
#4222=ADVANCED_FACE('',(#3704),#172,.F.);
#4223=ADVANCED_FACE('',(#3705),#3997,.T.);
#4224=ADVANCED_FACE('',(#3706),#3998,.F.);
#4225=ADVANCED_FACE('',(#3707),#173,.F.);
#4226=ADVANCED_FACE('',(#3708),#3999,.T.);
#4227=ADVANCED_FACE('',(#3709),#174,.T.);
#4228=ADVANCED_FACE('',(#3710),#175,.F.);
#4229=ADVANCED_FACE('',(#3711),#4000,.T.);
#4230=ADVANCED_FACE('',(#3712),#4001,.F.);
#4231=ADVANCED_FACE('',(#3713),#176,.F.);
#4232=ADVANCED_FACE('',(#3714),#4002,.T.);
#4233=ADVANCED_FACE('',(#3715),#177,.T.);
#4234=ADVANCED_FACE('',(#3716),#4003,.T.);
#4235=ADVANCED_FACE('',(#3717,#3718),#4004,.F.);
#4236=ADVANCED_FACE('',(#3719,#3720),#4005,.F.);
#4237=ADVANCED_FACE('',(#3721,#3722),#4006,.F.);
#4238=ADVANCED_FACE('',(#3723,#3724),#4007,.F.);
#4239=ADVANCED_FACE('',(#3725,#3726),#4008,.F.);
#4240=ADVANCED_FACE('',(#3727,#3728),#178,.T.);
#4241=ADVANCED_FACE('',(#3729,#3730),#17,.F.);
#4242=ADVANCED_FACE('',(#3731,#3732),#15,.T.);
#4243=ADVANCED_FACE('',(#3733,#3734,#3735,#3736,#3737,#3738,#3739,#3740),
#4009,.F.);
#4244=ADVANCED_FACE('',(#3741,#3742),#4010,.T.);
#4245=ADVANCED_FACE('',(#3743,#3744),#179,.T.);
#4246=ADVANCED_FACE('',(#3745,#3746),#4011,.T.);
#4247=ADVANCED_FACE('',(#3747,#3748),#180,.T.);
#4248=ADVANCED_FACE('',(#3749,#3750),#29,.T.);
#4249=ADVANCED_FACE('',(#3751),#4012,.T.);
#4250=ADVANCED_FACE('',(#3752,#3753),#181,.T.);
#4251=ADVANCED_FACE('',(#3754,#3755),#182,.F.);
#4252=ADVANCED_FACE('',(#3756,#3757),#4013,.T.);
#4253=ADVANCED_FACE('',(#3758,#3759),#183,.F.);
#4254=ADVANCED_FACE('',(#3760,#3761),#30,.T.);
#4255=ADVANCED_FACE('',(#3762,#3763),#184,.F.);
#4256=ADVANCED_FACE('',(#3764,#3765),#4014,.T.);
#4257=ADVANCED_FACE('',(#3766,#3767),#185,.F.);
#4258=ADVANCED_FACE('',(#3768,#3769),#31,.T.);
#4259=ADVANCED_FACE('',(#3770,#3771),#186,.F.);
#4260=ADVANCED_FACE('',(#3772,#3773),#4015,.T.);
#4261=ADVANCED_FACE('',(#3774,#3775),#187,.F.);
#4262=ADVANCED_FACE('',(#3776,#3777),#32,.T.);
#4263=ADVANCED_FACE('',(#3778,#3779),#188,.F.);
#4264=ADVANCED_FACE('',(#3780,#3781),#4016,.T.);
#4265=ADVANCED_FACE('',(#3782,#3783),#189,.F.);
#4266=ADVANCED_FACE('',(#3784,#3785),#33,.T.);
#4267=ADVANCED_FACE('',(#3786,#3787),#190,.F.);
#4268=ADVANCED_FACE('',(#3788,#3789),#4017,.T.);
#4269=ADVANCED_FACE('',(#3790,#3791),#191,.F.);
#4270=ADVANCED_FACE('',(#3792,#3793),#34,.T.);
#4271=ADVANCED_FACE('',(#3794,#3795),#192,.F.);
#4272=ADVANCED_FACE('',(#3796,#3797),#4018,.T.);
#4273=ADVANCED_FACE('',(#3798,#3799),#193,.F.);
#4274=ADVANCED_FACE('',(#3800,#3801),#35,.T.);
#4275=ADVANCED_FACE('',(#3802),#4019,.T.);
#4276=ADVANCED_FACE('',(#3803,#3804),#18,.T.);
#4277=ADVANCED_FACE('',(#3805,#3806),#194,.T.);
#4278=ADVANCED_FACE('',(#3807,#3808,#3809,#3810,#3811,#3812,#3813,#3814),
#4020,.T.);
#4279=ADVANCED_FACE('',(#3815,#3816),#69,.T.);
#4280=ADVANCED_FACE('',(#3817,#3818,#3819,#3820,#3821,#3822,#3823,#3824),
#4021,.F.);
#4281=ADVANCED_FACE('',(#3825,#3826),#4022,.T.);
#4282=ADVANCED_FACE('',(#3827,#3828),#195,.T.);
#4283=ADVANCED_FACE('',(#3829,#3830),#4023,.T.);
#4284=ADVANCED_FACE('',(#3831,#3832),#196,.T.);
#4285=ADVANCED_FACE('',(#3833,#3834),#36,.T.);
#4286=ADVANCED_FACE('',(#3835),#4024,.T.);
#4287=ADVANCED_FACE('',(#3836,#3837),#197,.T.);
#4288=ADVANCED_FACE('',(#3838,#3839),#198,.F.);
#4289=ADVANCED_FACE('',(#3840,#3841),#4025,.T.);
#4290=ADVANCED_FACE('',(#3842,#3843),#199,.F.);
#4291=ADVANCED_FACE('',(#3844,#3845),#37,.T.);
#4292=ADVANCED_FACE('',(#3846,#3847),#200,.F.);
#4293=ADVANCED_FACE('',(#3848,#3849),#4026,.T.);
#4294=ADVANCED_FACE('',(#3850,#3851),#201,.F.);
#4295=ADVANCED_FACE('',(#3852,#3853),#38,.T.);
#4296=ADVANCED_FACE('',(#3854,#3855),#202,.F.);
#4297=ADVANCED_FACE('',(#3856,#3857),#4027,.T.);
#4298=ADVANCED_FACE('',(#3858,#3859),#203,.F.);
#4299=ADVANCED_FACE('',(#3860,#3861),#39,.T.);
#4300=ADVANCED_FACE('',(#3862,#3863),#204,.F.);
#4301=ADVANCED_FACE('',(#3864,#3865),#4028,.T.);
#4302=ADVANCED_FACE('',(#3866,#3867),#205,.F.);
#4303=ADVANCED_FACE('',(#3868,#3869),#40,.T.);
#4304=ADVANCED_FACE('',(#3870,#3871),#206,.F.);
#4305=ADVANCED_FACE('',(#3872,#3873),#4029,.T.);
#4306=ADVANCED_FACE('',(#3874,#3875),#207,.F.);
#4307=ADVANCED_FACE('',(#3876,#3877),#41,.T.);
#4308=ADVANCED_FACE('',(#3878,#3879),#208,.F.);
#4309=ADVANCED_FACE('',(#3880,#3881),#4030,.T.);
#4310=ADVANCED_FACE('',(#3882,#3883),#209,.F.);
#4311=ADVANCED_FACE('',(#3884,#3885),#42,.T.);
#4312=ADVANCED_FACE('',(#3886),#4031,.T.);
#4313=ADVANCED_FACE('',(#3887,#3888),#19,.T.);
#4314=ADVANCED_FACE('',(#3889,#3890),#210,.T.);
#4315=ADVANCED_FACE('',(#3891,#3892,#3893,#3894,#3895,#3896,#3897,#3898),
#4032,.T.);
#4316=ADVANCED_FACE('',(#3899,#3900),#70,.T.);
#4317=CLOSED_SHELL('',(#4033,#4034,#4035,#4036,#4037,#4038,#4039,#4040,
#4041,#4042,#4043,#4044));
#4318=CLOSED_SHELL('',(#4045,#4046,#4047,#4048,#4049,#4050,#4051,#4052,
#4053,#4054,#4055,#4056));
#4319=CLOSED_SHELL('',(#4057,#4058,#4059,#4060,#4061,#4062,#4063,#4064,
#4065,#4066,#4067,#4068,#4069,#4070,#4071,#4072,#4073,#4074,#4075,#4076,
#4077,#4078,#4079,#4080,#4081,#4082,#4083,#4084,#4085,#4086,#4087,#4088,
#4089,#4090,#4091,#4092,#4093,#4094,#4095,#4096,#4097,#4098,#4099));
#4320=CLOSED_SHELL('',(#4100,#4101,#4102,#4103,#4104,#4105,#4106,#4107,
#4108,#4109,#4110,#4111));
#4321=CLOSED_SHELL('',(#4112,#4113,#4114,#4115,#4116,#4117,#4118,#4119,
#4120,#4121,#4122,#4123,#4124,#4125,#4126,#4127,#4128,#4129,#4130,#4131,
#4132,#4133,#4134,#4135,#4136,#4137,#4138,#4139,#4140,#4141,#4142,#4143,
#4144,#4145,#4146,#4147));
#4322=CLOSED_SHELL('',(#4148,#4149,#4150,#4151,#4152,#4153,#4154,#4155,
#4156,#4157,#4158,#4159));
#4323=CLOSED_SHELL('',(#4160,#4161,#4162,#4163,#4164,#4165,#4166,#4167,
#4168,#4169,#4170,#4171,#4172,#4173,#4174,#4175,#4176,#4177,#4178,#4179,
#4180,#4181,#4182,#4183,#4184,#4185,#4186,#4187,#4188,#4189,#4190,#4191,
#4192,#4193,#4194,#4195));
#4324=CLOSED_SHELL('',(#4198,#4199,#4200,#4201,#4202,#4203,#4204,#4205,
#4206,#4207,#4208,#4209,#4210,#4211,#4212,#4213,#4214,#4215,#4216,#4217,
#4218,#4219,#4220,#4221,#4222,#4223,#4224,#4225,#4226,#4227,#4228,#4229,
#4230,#4231,#4232,#4233,#4234,#4235,#4236,#4237,#4238,#4239,#4240));
#4325=CLOSED_SHELL('',(#4243,#4244,#4245,#4246,#4247,#4248,#4249,#4250,
#4251,#4252,#4253,#4254,#4255,#4256,#4257,#4258,#4259,#4260,#4261,#4262,
#4263,#4264,#4265,#4266,#4267,#4268,#4269,#4270,#4271,#4272,#4273,#4274,
#4275,#4276,#4277,#4278,#4279));
#4326=CLOSED_SHELL('',(#4280,#4281,#4282,#4283,#4284,#4285,#4286,#4287,
#4288,#4289,#4290,#4291,#4292,#4293,#4294,#4295,#4296,#4297,#4298,#4299,
#4300,#4301,#4302,#4303,#4304,#4305,#4306,#4307,#4308,#4309,#4310,#4311,
#4312,#4313,#4314,#4315,#4316));
#4327=STYLED_ITEM('',(#4339),#4849);
#4328=STYLED_ITEM('',(#4350),#4850);
#4329=STYLED_ITEM('',(#4361),#4851);
#4330=STYLED_ITEM('',(#4376),#4852);
#4331=STYLED_ITEM('',(#4387),#4853);
#4332=STYLED_ITEM('',(#4388),#4854);
#4333=STYLED_ITEM('',(#4399),#4855);
#4334=STYLED_ITEM('',(#4400),#23);
#4335=STYLED_ITEM('',(#4403),#4856);
#4336=STYLED_ITEM('',(#4418),#24);
#4337=STYLED_ITEM('',(#4421),#4857);
#4338=STYLED_ITEM('',(#4422),#4858);
#4339=PRESENTATION_STYLE_ASSIGNMENT((#4423));
#4340=PRESENTATION_STYLE_ASSIGNMENT((#4424));
#4341=PRESENTATION_STYLE_ASSIGNMENT((#4425));
#4342=PRESENTATION_STYLE_ASSIGNMENT((#4426));
#4343=PRESENTATION_STYLE_ASSIGNMENT((#4427));
#4344=PRESENTATION_STYLE_ASSIGNMENT((#4428));
#4345=PRESENTATION_STYLE_ASSIGNMENT((#4429));
#4346=PRESENTATION_STYLE_ASSIGNMENT((#4430));
#4347=PRESENTATION_STYLE_ASSIGNMENT((#4431));
#4348=PRESENTATION_STYLE_ASSIGNMENT((#4432));
#4349=PRESENTATION_STYLE_ASSIGNMENT((#4433));
#4350=PRESENTATION_STYLE_ASSIGNMENT((#4434));
#4351=PRESENTATION_STYLE_ASSIGNMENT((#4435));
#4352=PRESENTATION_STYLE_ASSIGNMENT((#4436));
#4353=PRESENTATION_STYLE_ASSIGNMENT((#4437));
#4354=PRESENTATION_STYLE_ASSIGNMENT((#4438));
#4355=PRESENTATION_STYLE_ASSIGNMENT((#4439));
#4356=PRESENTATION_STYLE_ASSIGNMENT((#4440));
#4357=PRESENTATION_STYLE_ASSIGNMENT((#4441));
#4358=PRESENTATION_STYLE_ASSIGNMENT((#4442));
#4359=PRESENTATION_STYLE_ASSIGNMENT((#4443));
#4360=PRESENTATION_STYLE_ASSIGNMENT((#4444));
#4361=PRESENTATION_STYLE_ASSIGNMENT((#4445));
#4362=PRESENTATION_STYLE_ASSIGNMENT((#4446));
#4363=PRESENTATION_STYLE_ASSIGNMENT((#4447));
#4364=PRESENTATION_STYLE_ASSIGNMENT((#4448));
#4365=PRESENTATION_STYLE_ASSIGNMENT((#4449));
#4366=PRESENTATION_STYLE_ASSIGNMENT((#4450));
#4367=PRESENTATION_STYLE_ASSIGNMENT((#4451));
#4368=PRESENTATION_STYLE_ASSIGNMENT((#4452));
#4369=PRESENTATION_STYLE_ASSIGNMENT((#4453));
#4370=PRESENTATION_STYLE_ASSIGNMENT((#4454));
#4371=PRESENTATION_STYLE_ASSIGNMENT((#4455));
#4372=PRESENTATION_STYLE_ASSIGNMENT((#4456));
#4373=PRESENTATION_STYLE_ASSIGNMENT((#4457));
#4374=PRESENTATION_STYLE_ASSIGNMENT((#4458));
#4375=PRESENTATION_STYLE_ASSIGNMENT((#4459));
#4376=PRESENTATION_STYLE_ASSIGNMENT((#4460));
#4377=PRESENTATION_STYLE_ASSIGNMENT((#4461));
#4378=PRESENTATION_STYLE_ASSIGNMENT((#4462));
#4379=PRESENTATION_STYLE_ASSIGNMENT((#4463));
#4380=PRESENTATION_STYLE_ASSIGNMENT((#4464));
#4381=PRESENTATION_STYLE_ASSIGNMENT((#4465));
#4382=PRESENTATION_STYLE_ASSIGNMENT((#4466));
#4383=PRESENTATION_STYLE_ASSIGNMENT((#4467));
#4384=PRESENTATION_STYLE_ASSIGNMENT((#4468));
#4385=PRESENTATION_STYLE_ASSIGNMENT((#4469));
#4386=PRESENTATION_STYLE_ASSIGNMENT((#4470));
#4387=PRESENTATION_STYLE_ASSIGNMENT((#4471));
#4388=PRESENTATION_STYLE_ASSIGNMENT((#4472));
#4389=PRESENTATION_STYLE_ASSIGNMENT((#4473));
#4390=PRESENTATION_STYLE_ASSIGNMENT((#4474));
#4391=PRESENTATION_STYLE_ASSIGNMENT((#4475));
#4392=PRESENTATION_STYLE_ASSIGNMENT((#4476));
#4393=PRESENTATION_STYLE_ASSIGNMENT((#4477));
#4394=PRESENTATION_STYLE_ASSIGNMENT((#4478));
#4395=PRESENTATION_STYLE_ASSIGNMENT((#4479));
#4396=PRESENTATION_STYLE_ASSIGNMENT((#4480));
#4397=PRESENTATION_STYLE_ASSIGNMENT((#4481));
#4398=PRESENTATION_STYLE_ASSIGNMENT((#4482));
#4399=PRESENTATION_STYLE_ASSIGNMENT((#4483));
#4400=PRESENTATION_STYLE_ASSIGNMENT((#4484));
#4401=PRESENTATION_STYLE_ASSIGNMENT((#4485));
#4402=PRESENTATION_STYLE_ASSIGNMENT((#4486));
#4403=PRESENTATION_STYLE_ASSIGNMENT((#4487));
#4404=PRESENTATION_STYLE_ASSIGNMENT((#4488));
#4405=PRESENTATION_STYLE_ASSIGNMENT((#4489));
#4406=PRESENTATION_STYLE_ASSIGNMENT((#4490));
#4407=PRESENTATION_STYLE_ASSIGNMENT((#4491));
#4408=PRESENTATION_STYLE_ASSIGNMENT((#4492));
#4409=PRESENTATION_STYLE_ASSIGNMENT((#4493));
#4410=PRESENTATION_STYLE_ASSIGNMENT((#4494));
#4411=PRESENTATION_STYLE_ASSIGNMENT((#4495));
#4412=PRESENTATION_STYLE_ASSIGNMENT((#4496));
#4413=PRESENTATION_STYLE_ASSIGNMENT((#4497));
#4414=PRESENTATION_STYLE_ASSIGNMENT((#4498));
#4415=PRESENTATION_STYLE_ASSIGNMENT((#4499));
#4416=PRESENTATION_STYLE_ASSIGNMENT((#4500));
#4417=PRESENTATION_STYLE_ASSIGNMENT((#4501));
#4418=PRESENTATION_STYLE_ASSIGNMENT((#4502));
#4419=PRESENTATION_STYLE_ASSIGNMENT((#4503));
#4420=PRESENTATION_STYLE_ASSIGNMENT((#4504));
#4421=PRESENTATION_STYLE_ASSIGNMENT((#4505));
#4422=PRESENTATION_STYLE_ASSIGNMENT((#4506));
#4423=SURFACE_STYLE_USAGE(.BOTH.,#4507);
#4424=SURFACE_STYLE_USAGE(.BOTH.,#4508);
#4425=SURFACE_STYLE_USAGE(.BOTH.,#4509);
#4426=SURFACE_STYLE_USAGE(.BOTH.,#4510);
#4427=SURFACE_STYLE_USAGE(.BOTH.,#4511);
#4428=SURFACE_STYLE_USAGE(.BOTH.,#4512);
#4429=SURFACE_STYLE_USAGE(.BOTH.,#4513);
#4430=SURFACE_STYLE_USAGE(.BOTH.,#4514);
#4431=SURFACE_STYLE_USAGE(.BOTH.,#4515);
#4432=SURFACE_STYLE_USAGE(.BOTH.,#4516);
#4433=SURFACE_STYLE_USAGE(.BOTH.,#4517);
#4434=SURFACE_STYLE_USAGE(.BOTH.,#4518);
#4435=SURFACE_STYLE_USAGE(.BOTH.,#4519);
#4436=SURFACE_STYLE_USAGE(.BOTH.,#4520);
#4437=SURFACE_STYLE_USAGE(.BOTH.,#4521);
#4438=SURFACE_STYLE_USAGE(.BOTH.,#4522);
#4439=SURFACE_STYLE_USAGE(.BOTH.,#4523);
#4440=SURFACE_STYLE_USAGE(.BOTH.,#4524);
#4441=SURFACE_STYLE_USAGE(.BOTH.,#4525);
#4442=SURFACE_STYLE_USAGE(.BOTH.,#4526);
#4443=SURFACE_STYLE_USAGE(.BOTH.,#4527);
#4444=SURFACE_STYLE_USAGE(.BOTH.,#4528);
#4445=SURFACE_STYLE_USAGE(.BOTH.,#4529);
#4446=SURFACE_STYLE_USAGE(.BOTH.,#4530);
#4447=SURFACE_STYLE_USAGE(.BOTH.,#4531);
#4448=SURFACE_STYLE_USAGE(.BOTH.,#4532);
#4449=SURFACE_STYLE_USAGE(.BOTH.,#4533);
#4450=SURFACE_STYLE_USAGE(.BOTH.,#4534);
#4451=SURFACE_STYLE_USAGE(.BOTH.,#4535);
#4452=SURFACE_STYLE_USAGE(.BOTH.,#4536);
#4453=SURFACE_STYLE_USAGE(.BOTH.,#4537);
#4454=SURFACE_STYLE_USAGE(.BOTH.,#4538);
#4455=SURFACE_STYLE_USAGE(.BOTH.,#4539);
#4456=SURFACE_STYLE_USAGE(.BOTH.,#4540);
#4457=SURFACE_STYLE_USAGE(.BOTH.,#4541);
#4458=SURFACE_STYLE_USAGE(.BOTH.,#4542);
#4459=SURFACE_STYLE_USAGE(.BOTH.,#4543);
#4460=SURFACE_STYLE_USAGE(.BOTH.,#4544);
#4461=SURFACE_STYLE_USAGE(.BOTH.,#4545);
#4462=SURFACE_STYLE_USAGE(.BOTH.,#4546);
#4463=SURFACE_STYLE_USAGE(.BOTH.,#4547);
#4464=SURFACE_STYLE_USAGE(.BOTH.,#4548);
#4465=SURFACE_STYLE_USAGE(.BOTH.,#4549);
#4466=SURFACE_STYLE_USAGE(.BOTH.,#4550);
#4467=SURFACE_STYLE_USAGE(.BOTH.,#4551);
#4468=SURFACE_STYLE_USAGE(.BOTH.,#4552);
#4469=SURFACE_STYLE_USAGE(.BOTH.,#4553);
#4470=SURFACE_STYLE_USAGE(.BOTH.,#4554);
#4471=SURFACE_STYLE_USAGE(.BOTH.,#4555);
#4472=SURFACE_STYLE_USAGE(.BOTH.,#4556);
#4473=SURFACE_STYLE_USAGE(.BOTH.,#4557);
#4474=SURFACE_STYLE_USAGE(.BOTH.,#4558);
#4475=SURFACE_STYLE_USAGE(.BOTH.,#4559);
#4476=SURFACE_STYLE_USAGE(.BOTH.,#4560);
#4477=SURFACE_STYLE_USAGE(.BOTH.,#4561);
#4478=SURFACE_STYLE_USAGE(.BOTH.,#4562);
#4479=SURFACE_STYLE_USAGE(.BOTH.,#4563);
#4480=SURFACE_STYLE_USAGE(.BOTH.,#4564);
#4481=SURFACE_STYLE_USAGE(.BOTH.,#4565);
#4482=SURFACE_STYLE_USAGE(.BOTH.,#4566);
#4483=SURFACE_STYLE_USAGE(.BOTH.,#4567);
#4484=SURFACE_STYLE_USAGE(.BOTH.,#4568);
#4485=SURFACE_STYLE_USAGE(.BOTH.,#4569);
#4486=SURFACE_STYLE_USAGE(.BOTH.,#4570);
#4487=SURFACE_STYLE_USAGE(.BOTH.,#4571);
#4488=SURFACE_STYLE_USAGE(.BOTH.,#4572);
#4489=SURFACE_STYLE_USAGE(.BOTH.,#4573);
#4490=SURFACE_STYLE_USAGE(.BOTH.,#4574);
#4491=SURFACE_STYLE_USAGE(.BOTH.,#4575);
#4492=SURFACE_STYLE_USAGE(.BOTH.,#4576);
#4493=SURFACE_STYLE_USAGE(.BOTH.,#4577);
#4494=SURFACE_STYLE_USAGE(.BOTH.,#4578);
#4495=SURFACE_STYLE_USAGE(.BOTH.,#4579);
#4496=SURFACE_STYLE_USAGE(.BOTH.,#4580);
#4497=SURFACE_STYLE_USAGE(.BOTH.,#4581);
#4498=SURFACE_STYLE_USAGE(.BOTH.,#4582);
#4499=SURFACE_STYLE_USAGE(.BOTH.,#4583);
#4500=SURFACE_STYLE_USAGE(.BOTH.,#4584);
#4501=SURFACE_STYLE_USAGE(.BOTH.,#4585);
#4502=SURFACE_STYLE_USAGE(.BOTH.,#4586);
#4503=SURFACE_STYLE_USAGE(.BOTH.,#4587);
#4504=SURFACE_STYLE_USAGE(.BOTH.,#4588);
#4505=SURFACE_STYLE_USAGE(.BOTH.,#4589);
#4506=SURFACE_STYLE_USAGE(.BOTH.,#4590);
#4507=SURFACE_SIDE_STYLE('',(#4591));
#4508=SURFACE_SIDE_STYLE('',(#4592));
#4509=SURFACE_SIDE_STYLE('',(#4593));
#4510=SURFACE_SIDE_STYLE('',(#4594));
#4511=SURFACE_SIDE_STYLE('',(#4595));
#4512=SURFACE_SIDE_STYLE('',(#4596));
#4513=SURFACE_SIDE_STYLE('',(#4597));
#4514=SURFACE_SIDE_STYLE('',(#4598));
#4515=SURFACE_SIDE_STYLE('',(#4599));
#4516=SURFACE_SIDE_STYLE('',(#4600));
#4517=SURFACE_SIDE_STYLE('',(#4601));
#4518=SURFACE_SIDE_STYLE('',(#4602));
#4519=SURFACE_SIDE_STYLE('',(#4603));
#4520=SURFACE_SIDE_STYLE('',(#4604));
#4521=SURFACE_SIDE_STYLE('',(#4605));
#4522=SURFACE_SIDE_STYLE('',(#4606));
#4523=SURFACE_SIDE_STYLE('',(#4607));
#4524=SURFACE_SIDE_STYLE('',(#4608));
#4525=SURFACE_SIDE_STYLE('',(#4609));
#4526=SURFACE_SIDE_STYLE('',(#4610));
#4527=SURFACE_SIDE_STYLE('',(#4611));
#4528=SURFACE_SIDE_STYLE('',(#4612));
#4529=SURFACE_SIDE_STYLE('',(#4613));
#4530=SURFACE_SIDE_STYLE('',(#4614));
#4531=SURFACE_SIDE_STYLE('',(#4615));
#4532=SURFACE_SIDE_STYLE('',(#4616));
#4533=SURFACE_SIDE_STYLE('',(#4617));
#4534=SURFACE_SIDE_STYLE('',(#4618));
#4535=SURFACE_SIDE_STYLE('',(#4619));
#4536=SURFACE_SIDE_STYLE('',(#4620));
#4537=SURFACE_SIDE_STYLE('',(#4621));
#4538=SURFACE_SIDE_STYLE('',(#4622));
#4539=SURFACE_SIDE_STYLE('',(#4623));
#4540=SURFACE_SIDE_STYLE('',(#4624));
#4541=SURFACE_SIDE_STYLE('',(#4625));
#4542=SURFACE_SIDE_STYLE('',(#4626));
#4543=SURFACE_SIDE_STYLE('',(#4627));
#4544=SURFACE_SIDE_STYLE('',(#4628));
#4545=SURFACE_SIDE_STYLE('',(#4629));
#4546=SURFACE_SIDE_STYLE('',(#4630));
#4547=SURFACE_SIDE_STYLE('',(#4631));
#4548=SURFACE_SIDE_STYLE('',(#4632));
#4549=SURFACE_SIDE_STYLE('',(#4633));
#4550=SURFACE_SIDE_STYLE('',(#4634));
#4551=SURFACE_SIDE_STYLE('',(#4635));
#4552=SURFACE_SIDE_STYLE('',(#4636));
#4553=SURFACE_SIDE_STYLE('',(#4637));
#4554=SURFACE_SIDE_STYLE('',(#4638));
#4555=SURFACE_SIDE_STYLE('',(#4639));
#4556=SURFACE_SIDE_STYLE('',(#4640));
#4557=SURFACE_SIDE_STYLE('',(#4641));
#4558=SURFACE_SIDE_STYLE('',(#4642));
#4559=SURFACE_SIDE_STYLE('',(#4643));
#4560=SURFACE_SIDE_STYLE('',(#4644));
#4561=SURFACE_SIDE_STYLE('',(#4645));
#4562=SURFACE_SIDE_STYLE('',(#4646));
#4563=SURFACE_SIDE_STYLE('',(#4647));
#4564=SURFACE_SIDE_STYLE('',(#4648));
#4565=SURFACE_SIDE_STYLE('',(#4649));
#4566=SURFACE_SIDE_STYLE('',(#4650));
#4567=SURFACE_SIDE_STYLE('',(#4651));
#4568=SURFACE_SIDE_STYLE('',(#4652));
#4569=SURFACE_SIDE_STYLE('',(#4653));
#4570=SURFACE_SIDE_STYLE('',(#4654));
#4571=SURFACE_SIDE_STYLE('',(#4655));
#4572=SURFACE_SIDE_STYLE('',(#4656));
#4573=SURFACE_SIDE_STYLE('',(#4657));
#4574=SURFACE_SIDE_STYLE('',(#4658));
#4575=SURFACE_SIDE_STYLE('',(#4659));
#4576=SURFACE_SIDE_STYLE('',(#4660));
#4577=SURFACE_SIDE_STYLE('',(#4661));
#4578=SURFACE_SIDE_STYLE('',(#4662));
#4579=SURFACE_SIDE_STYLE('',(#4663));
#4580=SURFACE_SIDE_STYLE('',(#4664));
#4581=SURFACE_SIDE_STYLE('',(#4665));
#4582=SURFACE_SIDE_STYLE('',(#4666));
#4583=SURFACE_SIDE_STYLE('',(#4667));
#4584=SURFACE_SIDE_STYLE('',(#4668));
#4585=SURFACE_SIDE_STYLE('',(#4669));
#4586=SURFACE_SIDE_STYLE('',(#4670));
#4587=SURFACE_SIDE_STYLE('',(#4671));
#4588=SURFACE_SIDE_STYLE('',(#4672));
#4589=SURFACE_SIDE_STYLE('',(#4673));
#4590=SURFACE_SIDE_STYLE('',(#4674));
#4591=SURFACE_STYLE_FILL_AREA(#4675);
#4592=SURFACE_STYLE_FILL_AREA(#4676);
#4593=SURFACE_STYLE_FILL_AREA(#4677);
#4594=SURFACE_STYLE_FILL_AREA(#4678);
#4595=SURFACE_STYLE_FILL_AREA(#4679);
#4596=SURFACE_STYLE_FILL_AREA(#4680);
#4597=SURFACE_STYLE_FILL_AREA(#4681);
#4598=SURFACE_STYLE_FILL_AREA(#4682);
#4599=SURFACE_STYLE_FILL_AREA(#4683);
#4600=SURFACE_STYLE_FILL_AREA(#4684);
#4601=SURFACE_STYLE_FILL_AREA(#4685);
#4602=SURFACE_STYLE_FILL_AREA(#4686);
#4603=SURFACE_STYLE_FILL_AREA(#4687);
#4604=SURFACE_STYLE_FILL_AREA(#4688);
#4605=SURFACE_STYLE_FILL_AREA(#4689);
#4606=SURFACE_STYLE_FILL_AREA(#4690);
#4607=SURFACE_STYLE_FILL_AREA(#4691);
#4608=SURFACE_STYLE_FILL_AREA(#4692);
#4609=SURFACE_STYLE_FILL_AREA(#4693);
#4610=SURFACE_STYLE_FILL_AREA(#4694);
#4611=SURFACE_STYLE_FILL_AREA(#4695);
#4612=SURFACE_STYLE_FILL_AREA(#4696);
#4613=SURFACE_STYLE_FILL_AREA(#4697);
#4614=SURFACE_STYLE_FILL_AREA(#4698);
#4615=SURFACE_STYLE_FILL_AREA(#4699);
#4616=SURFACE_STYLE_FILL_AREA(#4700);
#4617=SURFACE_STYLE_FILL_AREA(#4701);
#4618=SURFACE_STYLE_FILL_AREA(#4702);
#4619=SURFACE_STYLE_FILL_AREA(#4703);
#4620=SURFACE_STYLE_FILL_AREA(#4704);
#4621=SURFACE_STYLE_FILL_AREA(#4705);
#4622=SURFACE_STYLE_FILL_AREA(#4706);
#4623=SURFACE_STYLE_FILL_AREA(#4707);
#4624=SURFACE_STYLE_FILL_AREA(#4708);
#4625=SURFACE_STYLE_FILL_AREA(#4709);
#4626=SURFACE_STYLE_FILL_AREA(#4710);
#4627=SURFACE_STYLE_FILL_AREA(#4711);
#4628=SURFACE_STYLE_FILL_AREA(#4712);
#4629=SURFACE_STYLE_FILL_AREA(#4713);
#4630=SURFACE_STYLE_FILL_AREA(#4714);
#4631=SURFACE_STYLE_FILL_AREA(#4715);
#4632=SURFACE_STYLE_FILL_AREA(#4716);
#4633=SURFACE_STYLE_FILL_AREA(#4717);
#4634=SURFACE_STYLE_FILL_AREA(#4718);
#4635=SURFACE_STYLE_FILL_AREA(#4719);
#4636=SURFACE_STYLE_FILL_AREA(#4720);
#4637=SURFACE_STYLE_FILL_AREA(#4721);
#4638=SURFACE_STYLE_FILL_AREA(#4722);
#4639=SURFACE_STYLE_FILL_AREA(#4723);
#4640=SURFACE_STYLE_FILL_AREA(#4724);
#4641=SURFACE_STYLE_FILL_AREA(#4725);
#4642=SURFACE_STYLE_FILL_AREA(#4726);
#4643=SURFACE_STYLE_FILL_AREA(#4727);
#4644=SURFACE_STYLE_FILL_AREA(#4728);
#4645=SURFACE_STYLE_FILL_AREA(#4729);
#4646=SURFACE_STYLE_FILL_AREA(#4730);
#4647=SURFACE_STYLE_FILL_AREA(#4731);
#4648=SURFACE_STYLE_FILL_AREA(#4732);
#4649=SURFACE_STYLE_FILL_AREA(#4733);
#4650=SURFACE_STYLE_FILL_AREA(#4734);
#4651=SURFACE_STYLE_FILL_AREA(#4735);
#4652=SURFACE_STYLE_FILL_AREA(#4736);
#4653=SURFACE_STYLE_FILL_AREA(#4737);
#4654=SURFACE_STYLE_FILL_AREA(#4738);
#4655=SURFACE_STYLE_FILL_AREA(#4739);
#4656=SURFACE_STYLE_FILL_AREA(#4740);
#4657=SURFACE_STYLE_FILL_AREA(#4741);
#4658=SURFACE_STYLE_FILL_AREA(#4742);
#4659=SURFACE_STYLE_FILL_AREA(#4743);
#4660=SURFACE_STYLE_FILL_AREA(#4744);
#4661=SURFACE_STYLE_FILL_AREA(#4745);
#4662=SURFACE_STYLE_FILL_AREA(#4746);
#4663=SURFACE_STYLE_FILL_AREA(#4747);
#4664=SURFACE_STYLE_FILL_AREA(#4748);
#4665=SURFACE_STYLE_FILL_AREA(#4749);
#4666=SURFACE_STYLE_FILL_AREA(#4750);
#4667=SURFACE_STYLE_FILL_AREA(#4751);
#4668=SURFACE_STYLE_FILL_AREA(#4752);
#4669=SURFACE_STYLE_FILL_AREA(#4753);
#4670=SURFACE_STYLE_FILL_AREA(#4754);
#4671=SURFACE_STYLE_FILL_AREA(#4755);
#4672=SURFACE_STYLE_FILL_AREA(#4756);
#4673=SURFACE_STYLE_FILL_AREA(#4757);
#4674=SURFACE_STYLE_FILL_AREA(#4758);
#4675=FILL_AREA_STYLE('',(#4759));
#4676=FILL_AREA_STYLE('',(#4760));
#4677=FILL_AREA_STYLE('',(#4761));
#4678=FILL_AREA_STYLE('',(#4762));
#4679=FILL_AREA_STYLE('',(#4763));
#4680=FILL_AREA_STYLE('',(#4764));
#4681=FILL_AREA_STYLE('',(#4765));
#4682=FILL_AREA_STYLE('',(#4766));
#4683=FILL_AREA_STYLE('',(#4767));
#4684=FILL_AREA_STYLE('',(#4768));
#4685=FILL_AREA_STYLE('',(#4769));
#4686=FILL_AREA_STYLE('',(#4770));
#4687=FILL_AREA_STYLE('',(#4771));
#4688=FILL_AREA_STYLE('',(#4772));
#4689=FILL_AREA_STYLE('',(#4773));
#4690=FILL_AREA_STYLE('',(#4774));
#4691=FILL_AREA_STYLE('',(#4775));
#4692=FILL_AREA_STYLE('',(#4776));
#4693=FILL_AREA_STYLE('',(#4777));
#4694=FILL_AREA_STYLE('',(#4778));
#4695=FILL_AREA_STYLE('',(#4779));
#4696=FILL_AREA_STYLE('',(#4780));
#4697=FILL_AREA_STYLE('',(#4781));
#4698=FILL_AREA_STYLE('',(#4782));
#4699=FILL_AREA_STYLE('',(#4783));
#4700=FILL_AREA_STYLE('',(#4784));
#4701=FILL_AREA_STYLE('',(#4785));
#4702=FILL_AREA_STYLE('',(#4786));
#4703=FILL_AREA_STYLE('',(#4787));
#4704=FILL_AREA_STYLE('',(#4788));
#4705=FILL_AREA_STYLE('',(#4789));
#4706=FILL_AREA_STYLE('',(#4790));
#4707=FILL_AREA_STYLE('',(#4791));
#4708=FILL_AREA_STYLE('',(#4792));
#4709=FILL_AREA_STYLE('',(#4793));
#4710=FILL_AREA_STYLE('',(#4794));
#4711=FILL_AREA_STYLE('',(#4795));
#4712=FILL_AREA_STYLE('',(#4796));
#4713=FILL_AREA_STYLE('',(#4797));
#4714=FILL_AREA_STYLE('',(#4798));
#4715=FILL_AREA_STYLE('',(#4799));
#4716=FILL_AREA_STYLE('',(#4800));
#4717=FILL_AREA_STYLE('',(#4801));
#4718=FILL_AREA_STYLE('',(#4802));
#4719=FILL_AREA_STYLE('',(#4803));
#4720=FILL_AREA_STYLE('',(#4804));
#4721=FILL_AREA_STYLE('',(#4805));
#4722=FILL_AREA_STYLE('',(#4806));
#4723=FILL_AREA_STYLE('',(#4807));
#4724=FILL_AREA_STYLE('',(#4808));
#4725=FILL_AREA_STYLE('',(#4809));
#4726=FILL_AREA_STYLE('',(#4810));
#4727=FILL_AREA_STYLE('',(#4811));
#4728=FILL_AREA_STYLE('',(#4812));
#4729=FILL_AREA_STYLE('',(#4813));
#4730=FILL_AREA_STYLE('',(#4814));
#4731=FILL_AREA_STYLE('',(#4815));
#4732=FILL_AREA_STYLE('',(#4816));
#4733=FILL_AREA_STYLE('',(#4817));
#4734=FILL_AREA_STYLE('',(#4818));
#4735=FILL_AREA_STYLE('',(#4819));
#4736=FILL_AREA_STYLE('',(#4820));
#4737=FILL_AREA_STYLE('',(#4821));
#4738=FILL_AREA_STYLE('',(#4822));
#4739=FILL_AREA_STYLE('',(#4823));
#4740=FILL_AREA_STYLE('',(#4824));
#4741=FILL_AREA_STYLE('',(#4825));
#4742=FILL_AREA_STYLE('',(#4826));
#4743=FILL_AREA_STYLE('',(#4827));
#4744=FILL_AREA_STYLE('',(#4828));
#4745=FILL_AREA_STYLE('',(#4829));
#4746=FILL_AREA_STYLE('',(#4830));
#4747=FILL_AREA_STYLE('',(#4831));
#4748=FILL_AREA_STYLE('',(#4832));
#4749=FILL_AREA_STYLE('',(#4833));
#4750=FILL_AREA_STYLE('',(#4834));
#4751=FILL_AREA_STYLE('',(#4835));
#4752=FILL_AREA_STYLE('',(#4836));
#4753=FILL_AREA_STYLE('',(#4837));
#4754=FILL_AREA_STYLE('',(#4838));
#4755=FILL_AREA_STYLE('',(#4839));
#4756=FILL_AREA_STYLE('',(#4840));
#4757=FILL_AREA_STYLE('',(#4841));
#4758=FILL_AREA_STYLE('',(#4842));
#4759=FILL_AREA_STYLE_COLOUR('',#4843);
#4760=FILL_AREA_STYLE_COLOUR('',#4844);
#4761=FILL_AREA_STYLE_COLOUR('',#4844);
#4762=FILL_AREA_STYLE_COLOUR('',#4844);
#4763=FILL_AREA_STYLE_COLOUR('',#4844);
#4764=FILL_AREA_STYLE_COLOUR('',#4844);
#4765=FILL_AREA_STYLE_COLOUR('',#4844);
#4766=FILL_AREA_STYLE_COLOUR('',#4844);
#4767=FILL_AREA_STYLE_COLOUR('',#4844);
#4768=FILL_AREA_STYLE_COLOUR('',#4844);
#4769=FILL_AREA_STYLE_COLOUR('',#4844);
#4770=FILL_AREA_STYLE_COLOUR('',#4843);
#4771=FILL_AREA_STYLE_COLOUR('',#4844);
#4772=FILL_AREA_STYLE_COLOUR('',#4844);
#4773=FILL_AREA_STYLE_COLOUR('',#4844);
#4774=FILL_AREA_STYLE_COLOUR('',#4844);
#4775=FILL_AREA_STYLE_COLOUR('',#4844);
#4776=FILL_AREA_STYLE_COLOUR('',#4844);
#4777=FILL_AREA_STYLE_COLOUR('',#4844);
#4778=FILL_AREA_STYLE_COLOUR('',#4844);
#4779=FILL_AREA_STYLE_COLOUR('',#4844);
#4780=FILL_AREA_STYLE_COLOUR('',#4844);
#4781=FILL_AREA_STYLE_COLOUR('',#4845);
#4782=FILL_AREA_STYLE_COLOUR('',#4846);
#4783=FILL_AREA_STYLE_COLOUR('',#4847);
#4784=FILL_AREA_STYLE_COLOUR('',#4846);
#4785=FILL_AREA_STYLE_COLOUR('',#4847);
#4786=FILL_AREA_STYLE_COLOUR('',#4846);
#4787=FILL_AREA_STYLE_COLOUR('',#4847);
#4788=FILL_AREA_STYLE_COLOUR('',#4846);
#4789=FILL_AREA_STYLE_COLOUR('',#4847);
#4790=FILL_AREA_STYLE_COLOUR('',#4846);
#4791=FILL_AREA_STYLE_COLOUR('',#4847);
#4792=FILL_AREA_STYLE_COLOUR('',#4846);
#4793=FILL_AREA_STYLE_COLOUR('',#4846);
#4794=FILL_AREA_STYLE_COLOUR('',#4846);
#4795=FILL_AREA_STYLE_COLOUR('',#4846);
#4796=FILL_AREA_STYLE_COLOUR('',#4843);
#4797=FILL_AREA_STYLE_COLOUR('',#4844);
#4798=FILL_AREA_STYLE_COLOUR('',#4844);
#4799=FILL_AREA_STYLE_COLOUR('',#4844);
#4800=FILL_AREA_STYLE_COLOUR('',#4844);
#4801=FILL_AREA_STYLE_COLOUR('',#4844);
#4802=FILL_AREA_STYLE_COLOUR('',#4844);
#4803=FILL_AREA_STYLE_COLOUR('',#4844);
#4804=FILL_AREA_STYLE_COLOUR('',#4844);
#4805=FILL_AREA_STYLE_COLOUR('',#4844);
#4806=FILL_AREA_STYLE_COLOUR('',#4844);
#4807=FILL_AREA_STYLE_COLOUR('',#4848);
#4808=FILL_AREA_STYLE_COLOUR('',#4843);
#4809=FILL_AREA_STYLE_COLOUR('',#4844);
#4810=FILL_AREA_STYLE_COLOUR('',#4844);
#4811=FILL_AREA_STYLE_COLOUR('',#4844);
#4812=FILL_AREA_STYLE_COLOUR('',#4844);
#4813=FILL_AREA_STYLE_COLOUR('',#4844);
#4814=FILL_AREA_STYLE_COLOUR('',#4844);
#4815=FILL_AREA_STYLE_COLOUR('',#4844);
#4816=FILL_AREA_STYLE_COLOUR('',#4844);
#4817=FILL_AREA_STYLE_COLOUR('',#4844);
#4818=FILL_AREA_STYLE_COLOUR('',#4844);
#4819=FILL_AREA_STYLE_COLOUR('',#4848);
#4820=FILL_AREA_STYLE_COLOUR('',#4843);
#4821=FILL_AREA_STYLE_COLOUR('',#20);
#4822=FILL_AREA_STYLE_COLOUR('',#20);
#4823=FILL_AREA_STYLE_COLOUR('',#4845);
#4824=FILL_AREA_STYLE_COLOUR('',#4846);
#4825=FILL_AREA_STYLE_COLOUR('',#4847);
#4826=FILL_AREA_STYLE_COLOUR('',#4846);
#4827=FILL_AREA_STYLE_COLOUR('',#4847);
#4828=FILL_AREA_STYLE_COLOUR('',#4846);
#4829=FILL_AREA_STYLE_COLOUR('',#4847);
#4830=FILL_AREA_STYLE_COLOUR('',#4846);
#4831=FILL_AREA_STYLE_COLOUR('',#4847);
#4832=FILL_AREA_STYLE_COLOUR('',#4846);
#4833=FILL_AREA_STYLE_COLOUR('',#4847);
#4834=FILL_AREA_STYLE_COLOUR('',#4846);
#4835=FILL_AREA_STYLE_COLOUR('',#4846);
#4836=FILL_AREA_STYLE_COLOUR('',#4846);
#4837=FILL_AREA_STYLE_COLOUR('',#4846);
#4838=FILL_AREA_STYLE_COLOUR('',#4843);
#4839=FILL_AREA_STYLE_COLOUR('',#20);
#4840=FILL_AREA_STYLE_COLOUR('',#20);
#4841=FILL_AREA_STYLE_COLOUR('',#4843);
#4842=FILL_AREA_STYLE_COLOUR('',#4843);
#4843=COLOUR_RGB('',0.0980392156862745,0.0980392156862745,0.0980392156862745);
#4844=COLOUR_RGB('',0.956862745098039,0.898039215686275,0.654901960784314);
#4845=COLOUR_RGB('',0.670588235294118,0.670588235294118,0.);
#4846=COLOUR_RGB('',0.666666666666667,0.666666666666667,0.);
#4847=COLOUR_RGB('',0.356862745098039,0.356862745098039,0.356862745098039);
#4848=COLOUR_RGB('',0.615686274509804,0.811764705882353,0.929411764705882);
#4849=MANIFOLD_SOLID_BREP('CSS LD22 v3',#4317);
#4850=MANIFOLD_SOLID_BREP('CSS LD22 v3',#4318);
#4851=MANIFOLD_SOLID_BREP('altavoz10cm',#4319);
#4852=MANIFOLD_SOLID_BREP('CSS LD22 v3',#4320);
#4853=MANIFOLD_SOLID_BREP('Part 6',#4321);
#4854=MANIFOLD_SOLID_BREP('CSS LD22 v3',#4322);
#4855=MANIFOLD_SOLID_BREP('Part 1',#4323);
#4856=MANIFOLD_SOLID_BREP('altavoz10cm',#4324);
#4857=MANIFOLD_SOLID_BREP('CSS LD22 v3',#4325);
#4858=MANIFOLD_SOLID_BREP('CSS LD22 v3',#4326);
#4859=SHAPE_DEFINITION_REPRESENTATION(#8637,#4871);
#4860=SHAPE_DEFINITION_REPRESENTATION(#8638,#4872);
#4861=SHAPE_DEFINITION_REPRESENTATION(#8639,#4873);
#4862=SHAPE_DEFINITION_REPRESENTATION(#8640,#4874);
#4863=SHAPE_DEFINITION_REPRESENTATION(#8641,#4875);
#4864=SHAPE_DEFINITION_REPRESENTATION(#8642,#4876);
#4865=SHAPE_DEFINITION_REPRESENTATION(#8643,#4877);
#4866=SHAPE_DEFINITION_REPRESENTATION(#8644,#4878);
#4867=SHAPE_DEFINITION_REPRESENTATION(#8645,#4879);
#4868=SHAPE_DEFINITION_REPRESENTATION(#8646,#4880);
#4869=SHAPE_DEFINITION_REPRESENTATION(#8647,#4881);
#4870=SHAPE_DEFINITION_REPRESENTATION(#8648,#4882);
#4871=SHAPE_REPRESENTATION('CSS LD22 v3',(#4883),#8577);
#4872=SHAPE_REPRESENTATION('CSS LD22 v3',(#4900),#8578);
#4873=SHAPE_REPRESENTATION('altavoz10cm',(#4917),#8579);
#4874=SHAPE_REPRESENTATION('CSS LD22 v3',(#5002),#8580);
#4875=SHAPE_REPRESENTATION('Part 6',(#5019),#8581);
#4876=SHAPE_REPRESENTATION('CSS LD22 v3',(#5086),#8582);
#4877=SHAPE_REPRESENTATION('Part 1',(#5103),#8583);
#4878=SHAPE_REPRESENTATION('CSS LD22 v3',(#5170),#8584);
#4879=SHAPE_REPRESENTATION('altavoz10cm',(#5173),#8585);
#4880=SHAPE_REPRESENTATION('CSS LD22 v3',(#5258),#8586);
#4881=SHAPE_REPRESENTATION('CSS LD22 v3',(#5261),#8587);
#4882=SHAPE_REPRESENTATION('CSS LD22 v3',(#5340),#8588);
#4883=AXIS2_PLACEMENT_3D('',#6755,#5419,#5420);
#4884=AXIS2_PLACEMENT_3D('',#6756,#5421,#5422);
#4885=AXIS2_PLACEMENT_3D('',#6765,#5427,#5428);
#4886=AXIS2_PLACEMENT_3D('',#6771,#5432,#5433);
#4887=AXIS2_PLACEMENT_3D('',#6777,#5437,#5438);
#4888=AXIS2_PLACEMENT_3D('',#6786,#5443,#5444);
#4889=AXIS2_PLACEMENT_3D('',#6790,#5446,#5447);
#4890=AXIS2_PLACEMENT_3D('',#6791,#5448,#5449);
#4891=AXIS2_PLACEMENT_3D('',#6794,#5451,#5452);
#4892=AXIS2_PLACEMENT_3D('',#6795,#5453,#5454);
#4893=AXIS2_PLACEMENT_3D('',#6804,#5459,#5460);
#4894=AXIS2_PLACEMENT_3D('',#6807,#5462,#5463);
#4895=AXIS2_PLACEMENT_3D('',#6809,#5465,#5466);
#4896=AXIS2_PLACEMENT_3D('',#6810,#5467,#5468);
#4897=AXIS2_PLACEMENT_3D('',#6813,#5471,#5472);
#4898=AXIS2_PLACEMENT_3D('',#6815,#5474,#5475);
#4899=AXIS2_PLACEMENT_3D('',#6817,#5477,#5478);
#4900=AXIS2_PLACEMENT_3D('',#6818,#5479,#5480);
#4901=AXIS2_PLACEMENT_3D('',#6819,#5481,#5482);
#4902=AXIS2_PLACEMENT_3D('',#6828,#5487,#5488);
#4903=AXIS2_PLACEMENT_3D('',#6834,#5492,#5493);
#4904=AXIS2_PLACEMENT_3D('',#6840,#5497,#5498);
#4905=AXIS2_PLACEMENT_3D('',#6849,#5503,#5504);
#4906=AXIS2_PLACEMENT_3D('',#6853,#5506,#5507);
#4907=AXIS2_PLACEMENT_3D('',#6854,#5508,#5509);
#4908=AXIS2_PLACEMENT_3D('',#6857,#5511,#5512);
#4909=AXIS2_PLACEMENT_3D('',#6858,#5513,#5514);
#4910=AXIS2_PLACEMENT_3D('',#6867,#5519,#5520);
#4911=AXIS2_PLACEMENT_3D('',#6870,#5522,#5523);
#4912=AXIS2_PLACEMENT_3D('',#6872,#5525,#5526);
#4913=AXIS2_PLACEMENT_3D('',#6873,#5527,#5528);
#4914=AXIS2_PLACEMENT_3D('',#6876,#5531,#5532);
#4915=AXIS2_PLACEMENT_3D('',#6878,#5534,#5535);
#4916=AXIS2_PLACEMENT_3D('',#6880,#5537,#5538);
#4917=AXIS2_PLACEMENT_3D('',#6881,#5539,#5540);
#4918=AXIS2_PLACEMENT_3D('',#6882,#5541,#5542);
#4919=AXIS2_PLACEMENT_3D('',#6883,#5543,#5544);
#4920=AXIS2_PLACEMENT_3D('',#6885,#5545,#5546);
#4921=AXIS2_PLACEMENT_3D('',#6886,#5547,#5548);
#4922=AXIS2_PLACEMENT_3D('',#6888,#5549,#5550);
#4923=AXIS2_PLACEMENT_3D('',#6889,#5551,#5552);
#4924=AXIS2_PLACEMENT_3D('',#6891,#5553,#5554);
#4925=AXIS2_PLACEMENT_3D('',#6892,#5555,#5556);
#4926=AXIS2_PLACEMENT_3D('',#6894,#5557,#5558);
#4927=AXIS2_PLACEMENT_3D('',#6895,#5559,#5560);
#4928=AXIS2_PLACEMENT_3D('',#6897,#5561,#5562);
#4929=AXIS2_PLACEMENT_3D('',#6898,#5563,#5564);
#4930=AXIS2_PLACEMENT_3D('',#6900,#5565,#5566);
#4931=AXIS2_PLACEMENT_3D('',#6901,#5567,#5568);
#4932=AXIS2_PLACEMENT_3D('',#6903,#5569,#5570);
#4933=AXIS2_PLACEMENT_3D('',#6904,#5571,#5572);
#4934=AXIS2_PLACEMENT_3D('',#6906,#5573,#5574);
#4935=AXIS2_PLACEMENT_3D('',#6907,#5575,#5576);
#4936=AXIS2_PLACEMENT_3D('',#6909,#5577,#5578);
#4937=AXIS2_PLACEMENT_3D('',#6910,#5579,#5580);
#4938=AXIS2_PLACEMENT_3D('',#6912,#5581,#5582);
#4939=AXIS2_PLACEMENT_3D('',#6913,#5583,#5584);
#4940=AXIS2_PLACEMENT_3D('',#6915,#5585,#5586);
#4941=AXIS2_PLACEMENT_3D('',#6916,#5587,#5588);
#4942=AXIS2_PLACEMENT_3D('',#6921,#5590,#5591);
#4943=AXIS2_PLACEMENT_3D('',#6924,#5593,#5594);
#4944=AXIS2_PLACEMENT_3D('',#6929,#5596,#5597);
#4945=AXIS2_PLACEMENT_3D('',#6932,#5599,#5600);
#4946=AXIS2_PLACEMENT_3D('',#6937,#5602,#5603);
#4947=AXIS2_PLACEMENT_3D('',#6940,#5605,#5606);
#4948=AXIS2_PLACEMENT_3D('',#6945,#5608,#5609);
#4949=AXIS2_PLACEMENT_3D('',#6951,#5612,#5613);
#4950=AXIS2_PLACEMENT_3D('',#6955,#5615,#5616);
#4951=AXIS2_PLACEMENT_3D('',#6959,#5618,#5619);
#4952=AXIS2_PLACEMENT_3D('',#6963,#5621,#5622);
#4953=AXIS2_PLACEMENT_3D('',#6964,#5623,#5624);
#4954=AXIS2_PLACEMENT_3D('',#6965,#5625,#5626);
#4955=AXIS2_PLACEMENT_3D('',#6967,#5627,#5628);
#4956=AXIS2_PLACEMENT_3D('',#6972,#5631,#5632);
#4957=AXIS2_PLACEMENT_3D('',#6973,#5633,#5634);
#4958=AXIS2_PLACEMENT_3D('',#6977,#5637,#5638);
#4959=AXIS2_PLACEMENT_3D('',#6981,#5641,#5642);
#4960=AXIS2_PLACEMENT_3D('',#6982,#5643,#5644);
#4961=AXIS2_PLACEMENT_3D('',#6983,#5645,#5646);
#4962=AXIS2_PLACEMENT_3D('',#6984,#5647,#5648);
#4963=AXIS2_PLACEMENT_3D('',#6989,#5651,#5652);
#4964=AXIS2_PLACEMENT_3D('',#7000,#5653,#5654);
#4965=AXIS2_PLACEMENT_3D('',#7001,#5655,#5656);
#4966=AXIS2_PLACEMENT_3D('',#7008,#5658,#5659);
#4967=AXIS2_PLACEMENT_3D('',#7015,#5661,#5662);
#4968=AXIS2_PLACEMENT_3D('',#7016,#5663,#5664);
#4969=AXIS2_PLACEMENT_3D('',#7017,#5665,#5666);
#4970=AXIS2_PLACEMENT_3D('',#7023,#5670,#5671);
#4971=AXIS2_PLACEMENT_3D('',#7024,#5672,#5673);
#4972=AXIS2_PLACEMENT_3D('',#7027,#5675,#5676);
#4973=AXIS2_PLACEMENT_3D('',#7032,#5679,#5680);
#4974=AXIS2_PLACEMENT_3D('',#7033,#5681,#5682);
#4975=AXIS2_PLACEMENT_3D('',#7037,#5685,#5686);
#4976=AXIS2_PLACEMENT_3D('',#7041,#5689,#5690);
#4977=AXIS2_PLACEMENT_3D('',#7042,#5691,#5692);
#4978=AXIS2_PLACEMENT_3D('',#7043,#5693,#5694);
#4979=AXIS2_PLACEMENT_3D('',#7049,#5698,#5699);
#4980=AXIS2_PLACEMENT_3D('',#7050,#5700,#5701);
#4981=AXIS2_PLACEMENT_3D('',#7053,#5703,#5704);
#4982=AXIS2_PLACEMENT_3D('',#7064,#5705,#5706);
#4983=AXIS2_PLACEMENT_3D('',#7065,#5707,#5708);
#4984=AXIS2_PLACEMENT_3D('',#7072,#5710,#5711);
#4985=AXIS2_PLACEMENT_3D('',#7079,#5713,#5714);
#4986=AXIS2_PLACEMENT_3D('',#7080,#5715,#5716);
#4987=AXIS2_PLACEMENT_3D('',#7081,#5717,#5718);
#4988=AXIS2_PLACEMENT_3D('',#7087,#5722,#5723);
#4989=AXIS2_PLACEMENT_3D('',#7088,#5724,#5725);
#4990=AXIS2_PLACEMENT_3D('',#7091,#5727,#5728);
#4991=AXIS2_PLACEMENT_3D('',#7095,#5731,#5732);
#4992=AXIS2_PLACEMENT_3D('',#7096,#5733,#5734);
#4993=AXIS2_PLACEMENT_3D('',#7098,#5735,#5736);
#4994=AXIS2_PLACEMENT_3D('',#7099,#5737,#5738);
#4995=AXIS2_PLACEMENT_3D('',#7100,#5739,#5740);
#4996=AXIS2_PLACEMENT_3D('',#7101,#5741,#5742);
#4997=AXIS2_PLACEMENT_3D('',#7102,#5743,#5744);
#4998=AXIS2_PLACEMENT_3D('',#7103,#5745,#5746);
#4999=AXIS2_PLACEMENT_3D('',#7104,#5747,#5748);
#5000=AXIS2_PLACEMENT_3D('',#7105,#5749,#5750);
#5001=AXIS2_PLACEMENT_3D('',#7106,#5751,#5752);
#5002=AXIS2_PLACEMENT_3D('',#7107,#5753,#5754);
#5003=AXIS2_PLACEMENT_3D('',#7108,#5755,#5756);
#5004=AXIS2_PLACEMENT_3D('',#7117,#5761,#5762);
#5005=AXIS2_PLACEMENT_3D('',#7123,#5766,#5767);
#5006=AXIS2_PLACEMENT_3D('',#7129,#5771,#5772);
#5007=AXIS2_PLACEMENT_3D('',#7138,#5777,#5778);
#5008=AXIS2_PLACEMENT_3D('',#7142,#5780,#5781);
#5009=AXIS2_PLACEMENT_3D('',#7143,#5782,#5783);
#5010=AXIS2_PLACEMENT_3D('',#7146,#5785,#5786);
#5011=AXIS2_PLACEMENT_3D('',#7147,#5787,#5788);
#5012=AXIS2_PLACEMENT_3D('',#7156,#5793,#5794);
#5013=AXIS2_PLACEMENT_3D('',#7159,#5796,#5797);
#5014=AXIS2_PLACEMENT_3D('',#7161,#5799,#5800);
#5015=AXIS2_PLACEMENT_3D('',#7162,#5801,#5802);
#5016=AXIS2_PLACEMENT_3D('',#7165,#5805,#5806);
#5017=AXIS2_PLACEMENT_3D('',#7167,#5808,#5809);
#5018=AXIS2_PLACEMENT_3D('',#7169,#5811,#5812);
#5019=AXIS2_PLACEMENT_3D('',#7170,#5813,#5814);
#5020=AXIS2_PLACEMENT_3D('',#7171,#5815,#5816);
#5021=AXIS2_PLACEMENT_3D('',#7180,#5821,#5822);
#5022=AXIS2_PLACEMENT_3D('',#7189,#5827,#5828);
#5023=AXIS2_PLACEMENT_3D('',#7190,#5829,#5830);
#5024=AXIS2_PLACEMENT_3D('',#7192,#5831,#5832);
#5025=AXIS2_PLACEMENT_3D('',#7196,#5835,#5836);
#5026=AXIS2_PLACEMENT_3D('',#7199,#5839,#5840);
#5027=AXIS2_PLACEMENT_3D('',#7208,#5845,#5846);
#5028=AXIS2_PLACEMENT_3D('',#7217,#5851,#5852);
#5029=AXIS2_PLACEMENT_3D('',#7226,#5857,#5858);
#5030=AXIS2_PLACEMENT_3D('',#7227,#5859,#5860);
#5031=AXIS2_PLACEMENT_3D('',#7229,#5861,#5862);
#5032=AXIS2_PLACEMENT_3D('',#7230,#5863,#5864);
#5033=AXIS2_PLACEMENT_3D('',#7232,#5865,#5866);
#5034=AXIS2_PLACEMENT_3D('',#7241,#5871,#5872);
#5035=AXIS2_PLACEMENT_3D('',#7242,#5873,#5874);
#5036=AXIS2_PLACEMENT_3D('',#7244,#5875,#5876);
#5037=AXIS2_PLACEMENT_3D('',#7254,#5881,#5882);
#5038=AXIS2_PLACEMENT_3D('',#7263,#5887,#5888);
#5039=AXIS2_PLACEMENT_3D('',#7264,#5889,#5890);
#5040=AXIS2_PLACEMENT_3D('',#7265,#5891,#5892);
#5041=AXIS2_PLACEMENT_3D('',#7266,#5893,#5894);
#5042=AXIS2_PLACEMENT_3D('',#7267,#5895,#5896);
#5043=AXIS2_PLACEMENT_3D('',#7268,#5897,#5898);
#5044=AXIS2_PLACEMENT_3D('',#7269,#5899,#5900);
#5045=AXIS2_PLACEMENT_3D('',#7270,#5901,#5902);
#5046=AXIS2_PLACEMENT_3D('',#7271,#5903,#5904);
#5047=AXIS2_PLACEMENT_3D('',#7272,#5905,#5906);
#5048=AXIS2_PLACEMENT_3D('',#7273,#5907,#5908);
#5049=AXIS2_PLACEMENT_3D('',#7274,#5909,#5910);
#5050=AXIS2_PLACEMENT_3D('',#7275,#5911,#5912);
#5051=AXIS2_PLACEMENT_3D('',#7276,#5913,#5914);
#5052=AXIS2_PLACEMENT_3D('',#7277,#5915,#5916);
#5053=AXIS2_PLACEMENT_3D('',#7278,#5917,#5918);
#5054=AXIS2_PLACEMENT_3D('',#7279,#5919,#5920);
#5055=AXIS2_PLACEMENT_3D('',#7280,#5921,#5922);
#5056=AXIS2_PLACEMENT_3D('',#7281,#5923,#5924);
#5057=AXIS2_PLACEMENT_3D('',#7282,#5925,#5926);
#5058=AXIS2_PLACEMENT_3D('',#7283,#5927,#5928);
#5059=AXIS2_PLACEMENT_3D('',#7284,#5929,#5930);
#5060=AXIS2_PLACEMENT_3D('',#7285,#5931,#5932);
#5061=AXIS2_PLACEMENT_3D('',#7286,#5933,#5934);
#5062=AXIS2_PLACEMENT_3D('',#7287,#5935,#5936);
#5063=AXIS2_PLACEMENT_3D('',#7288,#5937,#5938);
#5064=AXIS2_PLACEMENT_3D('',#7289,#5939,#5940);
#5065=AXIS2_PLACEMENT_3D('',#7290,#5941,#5942);
#5066=AXIS2_PLACEMENT_3D('',#7291,#5943,#5944);
#5067=AXIS2_PLACEMENT_3D('',#7292,#5945,#5946);
#5068=AXIS2_PLACEMENT_3D('',#7293,#5947,#5948);
#5069=AXIS2_PLACEMENT_3D('',#7294,#5949,#5950);
#5070=AXIS2_PLACEMENT_3D('',#7295,#5951,#5952);
#5071=AXIS2_PLACEMENT_3D('',#7296,#5953,#5954);
#5072=AXIS2_PLACEMENT_3D('',#7297,#5955,#5956);
#5073=AXIS2_PLACEMENT_3D('',#7298,#5957,#5958);
#5074=AXIS2_PLACEMENT_3D('',#7299,#5959,#5960);
#5075=AXIS2_PLACEMENT_3D('',#7300,#5961,#5962);
#5076=AXIS2_PLACEMENT_3D('',#7301,#5963,#5964);
#5077=AXIS2_PLACEMENT_3D('',#7302,#5965,#5966);
#5078=AXIS2_PLACEMENT_3D('',#7303,#5967,#5968);
#5079=AXIS2_PLACEMENT_3D('',#7304,#5969,#5970);
#5080=AXIS2_PLACEMENT_3D('',#7305,#5971,#5972);
#5081=AXIS2_PLACEMENT_3D('',#7306,#5973,#5974);
#5082=AXIS2_PLACEMENT_3D('',#7307,#5975,#5976);
#5083=AXIS2_PLACEMENT_3D('',#7308,#5977,#5978);
#5084=AXIS2_PLACEMENT_3D('',#7309,#5979,#5980);
#5085=AXIS2_PLACEMENT_3D('',#7310,#5981,#5982);
#5086=AXIS2_PLACEMENT_3D('',#7311,#5983,#5984);
#5087=AXIS2_PLACEMENT_3D('',#7312,#5985,#5986);
#5088=AXIS2_PLACEMENT_3D('',#7321,#5991,#5992);
#5089=AXIS2_PLACEMENT_3D('',#7327,#5996,#5997);
#5090=AXIS2_PLACEMENT_3D('',#7333,#6001,#6002);
#5091=AXIS2_PLACEMENT_3D('',#7342,#6007,#6008);
#5092=AXIS2_PLACEMENT_3D('',#7346,#6010,#6011);
#5093=AXIS2_PLACEMENT_3D('',#7347,#6012,#6013);
#5094=AXIS2_PLACEMENT_3D('',#7350,#6015,#6016);
#5095=AXIS2_PLACEMENT_3D('',#7351,#6017,#6018);
#5096=AXIS2_PLACEMENT_3D('',#7360,#6023,#6024);
#5097=AXIS2_PLACEMENT_3D('',#7363,#6026,#6027);
#5098=AXIS2_PLACEMENT_3D('',#7365,#6029,#6030);
#5099=AXIS2_PLACEMENT_3D('',#7366,#6031,#6032);
#5100=AXIS2_PLACEMENT_3D('',#7369,#6035,#6036);
#5101=AXIS2_PLACEMENT_3D('',#7371,#6038,#6039);
#5102=AXIS2_PLACEMENT_3D('',#7373,#6041,#6042);
#5103=AXIS2_PLACEMENT_3D('',#7374,#6043,#6044);
#5104=AXIS2_PLACEMENT_3D('',#7375,#6045,#6046);
#5105=AXIS2_PLACEMENT_3D('',#7384,#6051,#6052);
#5106=AXIS2_PLACEMENT_3D('',#7393,#6057,#6058);
#5107=AXIS2_PLACEMENT_3D('',#7394,#6059,#6060);
#5108=AXIS2_PLACEMENT_3D('',#7396,#6061,#6062);
#5109=AXIS2_PLACEMENT_3D('',#7400,#6065,#6066);
#5110=AXIS2_PLACEMENT_3D('',#7403,#6069,#6070);
#5111=AXIS2_PLACEMENT_3D('',#7412,#6075,#6076);
#5112=AXIS2_PLACEMENT_3D('',#7421,#6081,#6082);
#5113=AXIS2_PLACEMENT_3D('',#7430,#6087,#6088);
#5114=AXIS2_PLACEMENT_3D('',#7431,#6089,#6090);
#5115=AXIS2_PLACEMENT_3D('',#7433,#6091,#6092);
#5116=AXIS2_PLACEMENT_3D('',#7434,#6093,#6094);
#5117=AXIS2_PLACEMENT_3D('',#7436,#6095,#6096);
#5118=AXIS2_PLACEMENT_3D('',#7445,#6101,#6102);
#5119=AXIS2_PLACEMENT_3D('',#7446,#6103,#6104);
#5120=AXIS2_PLACEMENT_3D('',#7448,#6105,#6106);
#5121=AXIS2_PLACEMENT_3D('',#7458,#6111,#6112);
#5122=AXIS2_PLACEMENT_3D('',#7467,#6117,#6118);
#5123=AXIS2_PLACEMENT_3D('',#7468,#6119,#6120);
#5124=AXIS2_PLACEMENT_3D('',#7469,#6121,#6122);
#5125=AXIS2_PLACEMENT_3D('',#7470,#6123,#6124);
#5126=AXIS2_PLACEMENT_3D('',#7471,#6125,#6126);
#5127=AXIS2_PLACEMENT_3D('',#7472,#6127,#6128);
#5128=AXIS2_PLACEMENT_3D('',#7473,#6129,#6130);
#5129=AXIS2_PLACEMENT_3D('',#7474,#6131,#6132);
#5130=AXIS2_PLACEMENT_3D('',#7475,#6133,#6134);
#5131=AXIS2_PLACEMENT_3D('',#7476,#6135,#6136);
#5132=AXIS2_PLACEMENT_3D('',#7477,#6137,#6138);
#5133=AXIS2_PLACEMENT_3D('',#7478,#6139,#6140);
#5134=AXIS2_PLACEMENT_3D('',#7479,#6141,#6142);
#5135=AXIS2_PLACEMENT_3D('',#7480,#6143,#6144);
#5136=AXIS2_PLACEMENT_3D('',#7481,#6145,#6146);
#5137=AXIS2_PLACEMENT_3D('',#7482,#6147,#6148);
#5138=AXIS2_PLACEMENT_3D('',#7483,#6149,#6150);
#5139=AXIS2_PLACEMENT_3D('',#7484,#6151,#6152);
#5140=AXIS2_PLACEMENT_3D('',#7485,#6153,#6154);
#5141=AXIS2_PLACEMENT_3D('',#7486,#6155,#6156);
#5142=AXIS2_PLACEMENT_3D('',#7487,#6157,#6158);
#5143=AXIS2_PLACEMENT_3D('',#7488,#6159,#6160);
#5144=AXIS2_PLACEMENT_3D('',#7489,#6161,#6162);
#5145=AXIS2_PLACEMENT_3D('',#7490,#6163,#6164);
#5146=AXIS2_PLACEMENT_3D('',#7491,#6165,#6166);
#5147=AXIS2_PLACEMENT_3D('',#7492,#6167,#6168);
#5148=AXIS2_PLACEMENT_3D('',#7493,#6169,#6170);
#5149=AXIS2_PLACEMENT_3D('',#7494,#6171,#6172);
#5150=AXIS2_PLACEMENT_3D('',#7495,#6173,#6174);
#5151=AXIS2_PLACEMENT_3D('',#7496,#6175,#6176);
#5152=AXIS2_PLACEMENT_3D('',#7497,#6177,#6178);
#5153=AXIS2_PLACEMENT_3D('',#7498,#6179,#6180);
#5154=AXIS2_PLACEMENT_3D('',#7499,#6181,#6182);
#5155=AXIS2_PLACEMENT_3D('',#7500,#6183,#6184);
#5156=AXIS2_PLACEMENT_3D('',#7501,#6185,#6186);
#5157=AXIS2_PLACEMENT_3D('',#7502,#6187,#6188);
#5158=AXIS2_PLACEMENT_3D('',#7503,#6189,#6190);
#5159=AXIS2_PLACEMENT_3D('',#7504,#6191,#6192);
#5160=AXIS2_PLACEMENT_3D('',#7505,#6193,#6194);
#5161=AXIS2_PLACEMENT_3D('',#7506,#6195,#6196);
#5162=AXIS2_PLACEMENT_3D('',#7507,#6197,#6198);
#5163=AXIS2_PLACEMENT_3D('',#7508,#6199,#6200);
#5164=AXIS2_PLACEMENT_3D('',#7509,#6201,#6202);
#5165=AXIS2_PLACEMENT_3D('',#7510,#6203,#6204);
#5166=AXIS2_PLACEMENT_3D('',#7511,#6205,#6206);
#5167=AXIS2_PLACEMENT_3D('',#7512,#6207,#6208);
#5168=AXIS2_PLACEMENT_3D('',#7513,#6209,#6210);
#5169=AXIS2_PLACEMENT_3D('',#7514,#6211,#6212);
#5170=AXIS2_PLACEMENT_3D('',#7515,#6213,#6214);
#5171=AXIS2_PLACEMENT_3D('',#7631,#6215,#6216);
#5172=AXIS2_PLACEMENT_3D('',#7633,#6217,#6218);
#5173=AXIS2_PLACEMENT_3D('',#7635,#6219,#6220);
#5174=AXIS2_PLACEMENT_3D('',#7636,#6221,#6222);
#5175=AXIS2_PLACEMENT_3D('',#7637,#6223,#6224);
#5176=AXIS2_PLACEMENT_3D('',#7639,#6225,#6226);
#5177=AXIS2_PLACEMENT_3D('',#7640,#6227,#6228);
#5178=AXIS2_PLACEMENT_3D('',#7642,#6229,#6230);
#5179=AXIS2_PLACEMENT_3D('',#7643,#6231,#6232);
#5180=AXIS2_PLACEMENT_3D('',#7645,#6233,#6234);
#5181=AXIS2_PLACEMENT_3D('',#7646,#6235,#6236);
#5182=AXIS2_PLACEMENT_3D('',#7648,#6237,#6238);
#5183=AXIS2_PLACEMENT_3D('',#7649,#6239,#6240);
#5184=AXIS2_PLACEMENT_3D('',#7651,#6241,#6242);
#5185=AXIS2_PLACEMENT_3D('',#7652,#6243,#6244);
#5186=AXIS2_PLACEMENT_3D('',#7654,#6245,#6246);
#5187=AXIS2_PLACEMENT_3D('',#7655,#6247,#6248);
#5188=AXIS2_PLACEMENT_3D('',#7657,#6249,#6250);
#5189=AXIS2_PLACEMENT_3D('',#7658,#6251,#6252);
#5190=AXIS2_PLACEMENT_3D('',#7660,#6253,#6254);
#5191=AXIS2_PLACEMENT_3D('',#7661,#6255,#6256);
#5192=AXIS2_PLACEMENT_3D('',#7663,#6257,#6258);
#5193=AXIS2_PLACEMENT_3D('',#7664,#6259,#6260);
#5194=AXIS2_PLACEMENT_3D('',#7666,#6261,#6262);
#5195=AXIS2_PLACEMENT_3D('',#7667,#6263,#6264);
#5196=AXIS2_PLACEMENT_3D('',#7669,#6265,#6266);
#5197=AXIS2_PLACEMENT_3D('',#7670,#6267,#6268);
#5198=AXIS2_PLACEMENT_3D('',#7675,#6270,#6271);
#5199=AXIS2_PLACEMENT_3D('',#7678,#6273,#6274);
#5200=AXIS2_PLACEMENT_3D('',#7683,#6276,#6277);
#5201=AXIS2_PLACEMENT_3D('',#7686,#6279,#6280);
#5202=AXIS2_PLACEMENT_3D('',#7691,#6282,#6283);
#5203=AXIS2_PLACEMENT_3D('',#7694,#6285,#6286);
#5204=AXIS2_PLACEMENT_3D('',#7699,#6288,#6289);
#5205=AXIS2_PLACEMENT_3D('',#7705,#6292,#6293);
#5206=AXIS2_PLACEMENT_3D('',#7709,#6295,#6296);
#5207=AXIS2_PLACEMENT_3D('',#7713,#6298,#6299);
#5208=AXIS2_PLACEMENT_3D('',#7717,#6301,#6302);
#5209=AXIS2_PLACEMENT_3D('',#7718,#6303,#6304);
#5210=AXIS2_PLACEMENT_3D('',#7719,#6305,#6306);
#5211=AXIS2_PLACEMENT_3D('',#7721,#6307,#6308);
#5212=AXIS2_PLACEMENT_3D('',#7726,#6311,#6312);
#5213=AXIS2_PLACEMENT_3D('',#7727,#6313,#6314);
#5214=AXIS2_PLACEMENT_3D('',#7731,#6317,#6318);
#5215=AXIS2_PLACEMENT_3D('',#7735,#6321,#6322);
#5216=AXIS2_PLACEMENT_3D('',#7736,#6323,#6324);
#5217=AXIS2_PLACEMENT_3D('',#7737,#6325,#6326);
#5218=AXIS2_PLACEMENT_3D('',#7738,#6327,#6328);
#5219=AXIS2_PLACEMENT_3D('',#7743,#6331,#6332);
#5220=AXIS2_PLACEMENT_3D('',#7754,#6333,#6334);
#5221=AXIS2_PLACEMENT_3D('',#7755,#6335,#6336);
#5222=AXIS2_PLACEMENT_3D('',#7762,#6338,#6339);
#5223=AXIS2_PLACEMENT_3D('',#7769,#6341,#6342);
#5224=AXIS2_PLACEMENT_3D('',#7770,#6343,#6344);
#5225=AXIS2_PLACEMENT_3D('',#7771,#6345,#6346);
#5226=AXIS2_PLACEMENT_3D('',#7777,#6350,#6351);
#5227=AXIS2_PLACEMENT_3D('',#7778,#6352,#6353);
#5228=AXIS2_PLACEMENT_3D('',#7781,#6355,#6356);
#5229=AXIS2_PLACEMENT_3D('',#7786,#6359,#6360);
#5230=AXIS2_PLACEMENT_3D('',#7787,#6361,#6362);
#5231=AXIS2_PLACEMENT_3D('',#7791,#6365,#6366);
#5232=AXIS2_PLACEMENT_3D('',#7795,#6369,#6370);
#5233=AXIS2_PLACEMENT_3D('',#7796,#6371,#6372);
#5234=AXIS2_PLACEMENT_3D('',#7797,#6373,#6374);
#5235=AXIS2_PLACEMENT_3D('',#7803,#6378,#6379);
#5236=AXIS2_PLACEMENT_3D('',#7804,#6380,#6381);
#5237=AXIS2_PLACEMENT_3D('',#7807,#6383,#6384);
#5238=AXIS2_PLACEMENT_3D('',#7818,#6385,#6386);
#5239=AXIS2_PLACEMENT_3D('',#7819,#6387,#6388);
#5240=AXIS2_PLACEMENT_3D('',#7826,#6390,#6391);
#5241=AXIS2_PLACEMENT_3D('',#7833,#6393,#6394);
#5242=AXIS2_PLACEMENT_3D('',#7834,#6395,#6396);
#5243=AXIS2_PLACEMENT_3D('',#7835,#6397,#6398);
#5244=AXIS2_PLACEMENT_3D('',#7841,#6402,#6403);
#5245=AXIS2_PLACEMENT_3D('',#7842,#6404,#6405);
#5246=AXIS2_PLACEMENT_3D('',#7845,#6407,#6408);
#5247=AXIS2_PLACEMENT_3D('',#7849,#6411,#6412);
#5248=AXIS2_PLACEMENT_3D('',#7850,#6413,#6414);
#5249=AXIS2_PLACEMENT_3D('',#7852,#6415,#6416);
#5250=AXIS2_PLACEMENT_3D('',#7853,#6417,#6418);
#5251=AXIS2_PLACEMENT_3D('',#7854,#6419,#6420);
#5252=AXIS2_PLACEMENT_3D('',#7855,#6421,#6422);
#5253=AXIS2_PLACEMENT_3D('',#7856,#6423,#6424);
#5254=AXIS2_PLACEMENT_3D('',#7857,#6425,#6426);
#5255=AXIS2_PLACEMENT_3D('',#7858,#6427,#6428);
#5256=AXIS2_PLACEMENT_3D('',#7859,#6429,#6430);
#5257=AXIS2_PLACEMENT_3D('',#7860,#6431,#6432);
#5258=AXIS2_PLACEMENT_3D('',#7861,#6433,#6434);
#5259=AXIS2_PLACEMENT_3D('',#7977,#6435,#6436);
#5260=AXIS2_PLACEMENT_3D('',#7979,#6437,#6438);
#5261=AXIS2_PLACEMENT_3D('',#7981,#6439,#6440);
#5262=AXIS2_PLACEMENT_3D('',#7982,#6441,#6442);
#5263=AXIS2_PLACEMENT_3D('',#7983,#6443,#6444);
#5264=AXIS2_PLACEMENT_3D('',#7985,#6445,#6446);
#5265=AXIS2_PLACEMENT_3D('',#7987,#6447,#6448);
#5266=AXIS2_PLACEMENT_3D('',#7989,#6449,#6450);
#5267=AXIS2_PLACEMENT_3D('',#7991,#6451,#6452);
#5268=AXIS2_PLACEMENT_3D('',#7993,#6453,#6454);
#5269=AXIS2_PLACEMENT_3D('',#7995,#6455,#6456);
#5270=AXIS2_PLACEMENT_3D('',#7997,#6457,#6458);
#5271=AXIS2_PLACEMENT_3D('',#7999,#6459,#6460);
#5272=AXIS2_PLACEMENT_3D('',#8000,#6461,#6462);
#5273=AXIS2_PLACEMENT_3D('',#8002,#6463,#6464);
#5274=AXIS2_PLACEMENT_3D('',#8004,#6465,#6466);
#5275=AXIS2_PLACEMENT_3D('',#8005,#6467,#6468);
#5276=AXIS2_PLACEMENT_3D('',#8006,#6469,#6470);
#5277=AXIS2_PLACEMENT_3D('',#8008,#6471,#6472);
#5278=AXIS2_PLACEMENT_3D('',#8010,#6473,#6474);
#5279=AXIS2_PLACEMENT_3D('',#8011,#6475,#6476);
#5280=AXIS2_PLACEMENT_3D('',#8012,#6477,#6478);
#5281=AXIS2_PLACEMENT_3D('',#8014,#6479,#6480);
#5282=AXIS2_PLACEMENT_3D('',#8016,#6481,#6482);
#5283=AXIS2_PLACEMENT_3D('',#8017,#6483,#6484);
#5284=AXIS2_PLACEMENT_3D('',#8018,#6485,#6486);
#5285=AXIS2_PLACEMENT_3D('',#8019,#6487,#6488);
#5286=AXIS2_PLACEMENT_3D('',#8021,#6489,#6490);
#5287=AXIS2_PLACEMENT_3D('',#8022,#6491,#6492);
#5288=AXIS2_PLACEMENT_3D('',#8024,#6493,#6494);
#5289=AXIS2_PLACEMENT_3D('',#8025,#6495,#6496);
#5290=AXIS2_PLACEMENT_3D('',#8027,#6497,#6498);
#5291=AXIS2_PLACEMENT_3D('',#8028,#6499,#6500);
#5292=AXIS2_PLACEMENT_3D('',#8030,#6501,#6502);
#5293=AXIS2_PLACEMENT_3D('',#8031,#6503,#6504);
#5294=AXIS2_PLACEMENT_3D('',#8033,#6505,#6506);
#5295=AXIS2_PLACEMENT_3D('',#8034,#6507,#6508);
#5296=AXIS2_PLACEMENT_3D('',#8036,#6509,#6510);
#5297=AXIS2_PLACEMENT_3D('',#8037,#6511,#6512);
#5298=AXIS2_PLACEMENT_3D('',#8039,#6513,#6514);
#5299=AXIS2_PLACEMENT_3D('',#8040,#6515,#6516);
#5300=AXIS2_PLACEMENT_3D('',#8042,#6517,#6518);
#5301=AXIS2_PLACEMENT_3D('',#8043,#6519,#6520);
#5302=AXIS2_PLACEMENT_3D('',#8045,#6521,#6522);
#5303=AXIS2_PLACEMENT_3D('',#8046,#6523,#6524);
#5304=AXIS2_PLACEMENT_3D('',#8048,#6525,#6526);
#5305=AXIS2_PLACEMENT_3D('',#8049,#6527,#6528);
#5306=AXIS2_PLACEMENT_3D('',#8051,#6529,#6530);
#5307=AXIS2_PLACEMENT_3D('',#8052,#6531,#6532);
#5308=AXIS2_PLACEMENT_3D('',#8054,#6533,#6534);
#5309=AXIS2_PLACEMENT_3D('',#8055,#6535,#6536);
#5310=AXIS2_PLACEMENT_3D('',#8057,#6537,#6538);
#5311=AXIS2_PLACEMENT_3D('',#8058,#6539,#6540);
#5312=AXIS2_PLACEMENT_3D('',#8060,#6541,#6542);
#5313=AXIS2_PLACEMENT_3D('',#8061,#6543,#6544);
#5314=AXIS2_PLACEMENT_3D('',#8063,#6545,#6546);
#5315=AXIS2_PLACEMENT_3D('',#8064,#6547,#6548);
#5316=AXIS2_PLACEMENT_3D('',#8066,#6549,#6550);
#5317=AXIS2_PLACEMENT_3D('',#8067,#6551,#6552);
#5318=AXIS2_PLACEMENT_3D('',#8069,#6553,#6554);
#5319=AXIS2_PLACEMENT_3D('',#8070,#6555,#6556);
#5320=AXIS2_PLACEMENT_3D('',#8072,#6557,#6558);
#5321=AXIS2_PLACEMENT_3D('',#8073,#6559,#6560);
#5322=AXIS2_PLACEMENT_3D('',#8075,#6561,#6562);
#5323=AXIS2_PLACEMENT_3D('',#8076,#6563,#6564);
#5324=AXIS2_PLACEMENT_3D('',#8078,#6565,#6566);
#5325=AXIS2_PLACEMENT_3D('',#8079,#6567,#6568);
#5326=AXIS2_PLACEMENT_3D('',#8081,#6569,#6570);
#5327=AXIS2_PLACEMENT_3D('',#8082,#6571,#6572);
#5328=AXIS2_PLACEMENT_3D('',#8084,#6573,#6574);
#5329=AXIS2_PLACEMENT_3D('',#8085,#6575,#6576);
#5330=AXIS2_PLACEMENT_3D('',#8087,#6577,#6578);
#5331=AXIS2_PLACEMENT_3D('',#8088,#6579,#6580);
#5332=AXIS2_PLACEMENT_3D('',#8090,#6581,#6582);
#5333=AXIS2_PLACEMENT_3D('',#8091,#6583,#6584);
#5334=AXIS2_PLACEMENT_3D('',#8264,#6585,#6586);
#5335=AXIS2_PLACEMENT_3D('',#8266,#6587,#6588);
#5336=AXIS2_PLACEMENT_3D('',#8267,#6589,#6590);
#5337=AXIS2_PLACEMENT_3D('',#8269,#6591,#6592);
#5338=AXIS2_PLACEMENT_3D('',#8270,#6593,#6594);
#5339=AXIS2_PLACEMENT_3D('',#8272,#6595,#6596);
#5340=AXIS2_PLACEMENT_3D('',#8273,#6597,#6598);
#5341=AXIS2_PLACEMENT_3D('',#8274,#6599,#6600);
#5342=AXIS2_PLACEMENT_3D('',#8275,#6601,#6602);
#5343=AXIS2_PLACEMENT_3D('',#8277,#6603,#6604);
#5344=AXIS2_PLACEMENT_3D('',#8279,#6605,#6606);
#5345=AXIS2_PLACEMENT_3D('',#8281,#6607,#6608);
#5346=AXIS2_PLACEMENT_3D('',#8283,#6609,#6610);
#5347=AXIS2_PLACEMENT_3D('',#8285,#6611,#6612);
#5348=AXIS2_PLACEMENT_3D('',#8287,#6613,#6614);
#5349=AXIS2_PLACEMENT_3D('',#8289,#6615,#6616);
#5350=AXIS2_PLACEMENT_3D('',#8291,#6617,#6618);
#5351=AXIS2_PLACEMENT_3D('',#8292,#6619,#6620);
#5352=AXIS2_PLACEMENT_3D('',#8294,#6621,#6622);
#5353=AXIS2_PLACEMENT_3D('',#8296,#6623,#6624);
#5354=AXIS2_PLACEMENT_3D('',#8297,#6625,#6626);
#5355=AXIS2_PLACEMENT_3D('',#8298,#6627,#6628);
#5356=AXIS2_PLACEMENT_3D('',#8300,#6629,#6630);
#5357=AXIS2_PLACEMENT_3D('',#8302,#6631,#6632);
#5358=AXIS2_PLACEMENT_3D('',#8303,#6633,#6634);
#5359=AXIS2_PLACEMENT_3D('',#8304,#6635,#6636);
#5360=AXIS2_PLACEMENT_3D('',#8306,#6637,#6638);
#5361=AXIS2_PLACEMENT_3D('',#8308,#6639,#6640);
#5362=AXIS2_PLACEMENT_3D('',#8309,#6641,#6642);
#5363=AXIS2_PLACEMENT_3D('',#8310,#6643,#6644);
#5364=AXIS2_PLACEMENT_3D('',#8311,#6645,#6646);
#5365=AXIS2_PLACEMENT_3D('',#8313,#6647,#6648);
#5366=AXIS2_PLACEMENT_3D('',#8314,#6649,#6650);
#5367=AXIS2_PLACEMENT_3D('',#8316,#6651,#6652);
#5368=AXIS2_PLACEMENT_3D('',#8317,#6653,#6654);
#5369=AXIS2_PLACEMENT_3D('',#8319,#6655,#6656);
#5370=AXIS2_PLACEMENT_3D('',#8320,#6657,#6658);
#5371=AXIS2_PLACEMENT_3D('',#8322,#6659,#6660);
#5372=AXIS2_PLACEMENT_3D('',#8323,#6661,#6662);
#5373=AXIS2_PLACEMENT_3D('',#8325,#6663,#6664);
#5374=AXIS2_PLACEMENT_3D('',#8326,#6665,#6666);
#5375=AXIS2_PLACEMENT_3D('',#8328,#6667,#6668);
#5376=AXIS2_PLACEMENT_3D('',#8329,#6669,#6670);
#5377=AXIS2_PLACEMENT_3D('',#8331,#6671,#6672);
#5378=AXIS2_PLACEMENT_3D('',#8332,#6673,#6674);
#5379=AXIS2_PLACEMENT_3D('',#8334,#6675,#6676);
#5380=AXIS2_PLACEMENT_3D('',#8335,#6677,#6678);
#5381=AXIS2_PLACEMENT_3D('',#8337,#6679,#6680);
#5382=AXIS2_PLACEMENT_3D('',#8338,#6681,#6682);
#5383=AXIS2_PLACEMENT_3D('',#8340,#6683,#6684);
#5384=AXIS2_PLACEMENT_3D('',#8341,#6685,#6686);
#5385=AXIS2_PLACEMENT_3D('',#8343,#6687,#6688);
#5386=AXIS2_PLACEMENT_3D('',#8344,#6689,#6690);
#5387=AXIS2_PLACEMENT_3D('',#8346,#6691,#6692);
#5388=AXIS2_PLACEMENT_3D('',#8347,#6693,#6694);
#5389=AXIS2_PLACEMENT_3D('',#8349,#6695,#6696);
#5390=AXIS2_PLACEMENT_3D('',#8350,#6697,#6698);
#5391=AXIS2_PLACEMENT_3D('',#8352,#6699,#6700);
#5392=AXIS2_PLACEMENT_3D('',#8353,#6701,#6702);
#5393=AXIS2_PLACEMENT_3D('',#8355,#6703,#6704);
#5394=AXIS2_PLACEMENT_3D('',#8356,#6705,#6706);
#5395=AXIS2_PLACEMENT_3D('',#8358,#6707,#6708);
#5396=AXIS2_PLACEMENT_3D('',#8359,#6709,#6710);
#5397=AXIS2_PLACEMENT_3D('',#8361,#6711,#6712);
#5398=AXIS2_PLACEMENT_3D('',#8362,#6713,#6714);
#5399=AXIS2_PLACEMENT_3D('',#8364,#6715,#6716);
#5400=AXIS2_PLACEMENT_3D('',#8365,#6717,#6718);
#5401=AXIS2_PLACEMENT_3D('',#8367,#6719,#6720);
#5402=AXIS2_PLACEMENT_3D('',#8368,#6721,#6722);
#5403=AXIS2_PLACEMENT_3D('',#8370,#6723,#6724);
#5404=AXIS2_PLACEMENT_3D('',#8371,#6725,#6726);
#5405=AXIS2_PLACEMENT_3D('',#8373,#6727,#6728);
#5406=AXIS2_PLACEMENT_3D('',#8374,#6729,#6730);
#5407=AXIS2_PLACEMENT_3D('',#8376,#6731,#6732);
#5408=AXIS2_PLACEMENT_3D('',#8377,#6733,#6734);
#5409=AXIS2_PLACEMENT_3D('',#8379,#6735,#6736);
#5410=AXIS2_PLACEMENT_3D('',#8380,#6737,#6738);
#5411=AXIS2_PLACEMENT_3D('',#8382,#6739,#6740);
#5412=AXIS2_PLACEMENT_3D('',#8383,#6741,#6742);
#5413=AXIS2_PLACEMENT_3D('',#8556,#6743,#6744);
#5414=AXIS2_PLACEMENT_3D('',#8558,#6745,#6746);
#5415=AXIS2_PLACEMENT_3D('',#8559,#6747,#6748);
#5416=AXIS2_PLACEMENT_3D('',#8561,#6749,#6750);
#5417=AXIS2_PLACEMENT_3D('',#8562,#6751,#6752);
#5418=AXIS2_PLACEMENT_3D('',#8564,#6753,#6754);
#5419=DIRECTION('',(0.,0.,1.));
#5420=DIRECTION('',(1.,0.,0.));
#5421=DIRECTION('',(0.,1.,0.));
#5422=DIRECTION('',(1.,0.,0.));
#5423=DIRECTION('',(0.819152044288992,0.,-0.573576436351046));
#5424=DIRECTION('',(0.573576436351045,0.,0.819152044288993));
#5425=DIRECTION('',(-0.81607608083086,0.,0.577944487209406));
#5426=DIRECTION('',(-0.565222821084373,0.,-0.824938278009587));
#5427=DIRECTION('',(-0.824938278009587,0.,0.565222821084373));
#5428=DIRECTION('',(0.565222821084373,0.,0.824938278009587));
#5429=DIRECTION('',(0.565222821084373,0.,0.824938278009587));
#5430=DIRECTION('',(0.,1.,0.));
#5431=DIRECTION('',(0.,1.,0.));
#5432=DIRECTION('',(0.819152044288993,0.,-0.573576436351045));
#5433=DIRECTION('',(-0.573576436351045,0.,-0.819152044288993));
#5434=DIRECTION('',(-0.573576436351045,0.,-0.819152044288993));
#5435=DIRECTION('',(0.,1.,0.));
#5436=DIRECTION('',(0.,1.,0.));
#5437=DIRECTION('',(-0.573576436351046,0.,-0.819152044288992));
#5438=DIRECTION('',(-0.819152044288992,0.,0.573576436351046));
#5439=DIRECTION('',(0.,-1.,0.));
#5440=DIRECTION('',(0.819152044288992,0.,-0.573576436351046));
#5441=DIRECTION('',(0.,1.,0.));
#5442=DIRECTION('',(-0.819152044288992,0.,0.573576436351046));
#5443=DIRECTION('',(0.573576436351046,0.,0.819152044288992));
#5444=DIRECTION('',(-0.819152044288992,7.45753810271002E-13,0.573576436351046));
#5445=DIRECTION('',(-0.819152044288992,0.,0.573576436351046));
#5446=DIRECTION('',(0.573576436351046,0.,0.819152044288992));
#5447=DIRECTION('',(0.579227965339573,0.707106781186545,-0.405579787672639));
#5448=DIRECTION('',(-0.573576436351045,0.,-0.819152044288993));
#5449=DIRECTION('',(0.579227965339573,0.707106781186545,-0.405579787672639));
#5450=DIRECTION('',(0.573576436351045,0.,0.819152044288993));
#5451=DIRECTION('',(-0.577944487209406,0.,-0.81607608083086));
#5452=DIRECTION('',(0.81607608083086,2.69752589792448E-12,-0.577944487209406));
#5453=DIRECTION('',(0.577944487209406,0.,0.81607608083086));
#5454=DIRECTION('',(0.81607608083086,0.,-0.577944487209406));
#5455=DIRECTION('',(0.,1.,0.));
#5456=DIRECTION('',(0.81607608083086,0.,-0.577944487209406));
#5457=DIRECTION('',(0.,-1.,0.));
#5458=DIRECTION('',(-0.81607608083086,0.,0.577944487209406));
#5459=DIRECTION('',(-0.577944487209406,0.,-0.81607608083086));
#5460=DIRECTION('',(-0.81607608083086,3.19890816071587E-13,0.577944487209406));
#5461=DIRECTION('',(0.81607608083086,0.,-0.577944487209406));
#5462=DIRECTION('',(0.,1.,0.));
#5463=DIRECTION('',(-1.,0.,0.));
#5464=DIRECTION('',(-0.565222821084373,0.,-0.824938278009587));
#5465=DIRECTION('',(0.565222821084373,0.,0.824938278009587));
#5466=DIRECTION('',(-0.583319450440933,0.707106781186547,0.399672889670152));
#5467=DIRECTION('',(0.,-1.,0.));
#5468=DIRECTION('',(-0.81607608083086,0.,0.577944487209406));
#5469=DIRECTION('',(-0.577944487209406,0.,-0.81607608083086));
#5470=DIRECTION('',(-0.577944487209406,0.,-0.81607608083086));
#5471=DIRECTION('',(-0.81607608083086,0.,0.577944487209406));
#5472=DIRECTION('',(0.,1.,0.));
#5473=DIRECTION('',(-0.577944487209406,0.,-0.81607608083086));
#5474=DIRECTION('',(0.,1.,0.));
#5475=DIRECTION('',(0.81607608083086,0.,-0.577944487209406));
#5476=DIRECTION('',(-0.577944487209406,0.,-0.81607608083086));
#5477=DIRECTION('',(0.81607608083086,0.,-0.577944487209406));
#5478=DIRECTION('',(0.,-1.,0.));
#5479=DIRECTION('',(0.,0.,1.));
#5480=DIRECTION('',(1.,0.,0.));
#5481=DIRECTION('',(0.,1.,0.));
#5482=DIRECTION('',(1.,0.,0.));
#5483=DIRECTION('',(0.819152044288992,0.,-0.573576436351046));
#5484=DIRECTION('',(0.573576436351045,0.,0.819152044288993));
#5485=DIRECTION('',(-0.81607608083086,0.,0.577944487209406));
#5486=DIRECTION('',(-0.565222821084373,0.,-0.824938278009587));
#5487=DIRECTION('',(-0.824938278009587,0.,0.565222821084373));
#5488=DIRECTION('',(0.565222821084373,0.,0.824938278009587));
#5489=DIRECTION('',(0.565222821084373,0.,0.824938278009587));
#5490=DIRECTION('',(0.,1.,0.));
#5491=DIRECTION('',(0.,1.,0.));
#5492=DIRECTION('',(0.819152044288993,0.,-0.573576436351045));
#5493=DIRECTION('',(-0.573576436351045,0.,-0.819152044288993));
#5494=DIRECTION('',(-0.573576436351045,0.,-0.819152044288993));
#5495=DIRECTION('',(0.,1.,0.));
#5496=DIRECTION('',(0.,1.,0.));
#5497=DIRECTION('',(-0.573576436351046,0.,-0.819152044288992));
#5498=DIRECTION('',(-0.819152044288992,0.,0.573576436351046));
#5499=DIRECTION('',(0.,-1.,0.));
#5500=DIRECTION('',(0.819152044288992,0.,-0.573576436351046));
#5501=DIRECTION('',(0.,1.,0.));
#5502=DIRECTION('',(-0.819152044288992,0.,0.573576436351046));
#5503=DIRECTION('',(0.573576436351046,0.,0.819152044288992));
#5504=DIRECTION('',(-0.819152044288992,7.45753810271002E-13,0.573576436351046));
#5505=DIRECTION('',(-0.819152044288992,0.,0.573576436351046));
#5506=DIRECTION('',(0.573576436351046,0.,0.819152044288992));
#5507=DIRECTION('',(0.579227965339573,0.707106781186545,-0.405579787672639));
#5508=DIRECTION('',(-0.573576436351045,0.,-0.819152044288993));
#5509=DIRECTION('',(0.579227965339573,0.707106781186545,-0.405579787672639));
#5510=DIRECTION('',(0.573576436351045,0.,0.819152044288993));
#5511=DIRECTION('',(-0.577944487209406,0.,-0.81607608083086));
#5512=DIRECTION('',(0.81607608083086,2.69752589792448E-12,-0.577944487209406));
#5513=DIRECTION('',(0.577944487209406,0.,0.81607608083086));
#5514=DIRECTION('',(0.81607608083086,0.,-0.577944487209406));
#5515=DIRECTION('',(0.,1.,0.));
#5516=DIRECTION('',(0.81607608083086,0.,-0.577944487209406));
#5517=DIRECTION('',(0.,-1.,0.));
#5518=DIRECTION('',(-0.81607608083086,0.,0.577944487209406));
#5519=DIRECTION('',(-0.577944487209406,0.,-0.81607608083086));
#5520=DIRECTION('',(-0.81607608083086,3.19890816071587E-13,0.577944487209406));
#5521=DIRECTION('',(0.81607608083086,0.,-0.577944487209406));
#5522=DIRECTION('',(0.,1.,0.));
#5523=DIRECTION('',(-1.,0.,0.));
#5524=DIRECTION('',(-0.565222821084373,0.,-0.824938278009587));
#5525=DIRECTION('',(0.565222821084373,0.,0.824938278009587));
#5526=DIRECTION('',(-0.583319450440933,0.707106781186547,0.399672889670152));
#5527=DIRECTION('',(0.,-1.,0.));
#5528=DIRECTION('',(-0.81607608083086,0.,0.577944487209406));
#5529=DIRECTION('',(-0.577944487209406,0.,-0.81607608083086));
#5530=DIRECTION('',(-0.577944487209406,0.,-0.81607608083086));
#5531=DIRECTION('',(-0.81607608083086,0.,0.577944487209406));
#5532=DIRECTION('',(0.,1.,0.));
#5533=DIRECTION('',(-0.577944487209406,0.,-0.81607608083086));
#5534=DIRECTION('',(0.,1.,0.));
#5535=DIRECTION('',(0.81607608083086,0.,-0.577944487209406));
#5536=DIRECTION('',(-0.577944487209406,0.,-0.81607608083086));
#5537=DIRECTION('',(0.81607608083086,0.,-0.577944487209406));
#5538=DIRECTION('',(0.,-1.,0.));
#5539=DIRECTION('',(0.,0.,1.));
#5540=DIRECTION('',(1.,0.,0.));
#5541=DIRECTION('',(0.,-1.,6.12323399573677E-17));
#5542=DIRECTION('',(-1.,0.,0.));
#5543=DIRECTION('',(0.,-1.,7.23276944882368E-16));
#5544=DIRECTION('',(-1.,0.,0.));
#5545=DIRECTION('',(0.,1.,-7.23276944882368E-16));
#5546=DIRECTION('',(-1.,0.,0.));
#5547=DIRECTION('',(0.,-1.,7.23276944882368E-16));
#5548=DIRECTION('',(-1.,0.,0.));
#5549=DIRECTION('',(0.,1.,-6.12323399573677E-17));
#5550=DIRECTION('',(-1.,0.,0.));
#5551=DIRECTION('',(0.,-1.,7.23276944882368E-16));
#5552=DIRECTION('',(-1.,0.,0.));
#5553=DIRECTION('',(0.,-1.,6.12323399573677E-17));
#5554=DIRECTION('',(-1.,0.,0.));
#5555=DIRECTION('',(0.,-1.,7.23276944882368E-16));
#5556=DIRECTION('',(-1.,0.,0.));
#5557=DIRECTION('',(0.,-1.,6.12323399573677E-17));
#5558=DIRECTION('',(-1.,0.,0.));
#5559=DIRECTION('',(0.,-1.,7.23276944882368E-16));
#5560=DIRECTION('',(-1.,0.,0.));
#5561=DIRECTION('',(0.,-1.,6.12323399573677E-17));
#5562=DIRECTION('',(-1.,0.,0.));
#5563=DIRECTION('',(0.,-1.,7.23276944882368E-16));
#5564=DIRECTION('',(-1.,0.,0.));
#5565=DIRECTION('',(0.,-1.,6.12323399573677E-17));
#5566=DIRECTION('',(-1.,0.,0.));
#5567=DIRECTION('',(0.,-1.,7.23276944882368E-16));
#5568=DIRECTION('',(-1.,0.,0.));
#5569=DIRECTION('',(0.,-1.,6.12323399573677E-17));
#5570=DIRECTION('',(-1.,0.,0.));
#5571=DIRECTION('',(0.,-1.,7.23276944882368E-16));
#5572=DIRECTION('',(-1.,0.,0.));
#5573=DIRECTION('',(0.,-1.,6.12323399573677E-17));
#5574=DIRECTION('',(-1.,0.,0.));
#5575=DIRECTION('',(0.,-1.,7.23276944882368E-16));
#5576=DIRECTION('',(-1.,0.,0.));
#5577=DIRECTION('',(0.,1.,-6.12323399573677E-17));
#5578=DIRECTION('',(-1.,0.,0.));
#5579=DIRECTION('',(0.,1.,-7.23276944882368E-16));
#5580=DIRECTION('',(-1.,0.,0.));
#5581=DIRECTION('',(0.,-1.,6.12323399573677E-17));
#5582=DIRECTION('',(-1.,0.,0.));
#5583=DIRECTION('',(0.,-1.,7.23276944882368E-16));
#5584=DIRECTION('',(-1.,0.,0.));
#5585=DIRECTION('',(9.782344016968E-32,-1.,6.12323399573676E-17));
#5586=DIRECTION('',(1.,9.782344016968E-32,-5.98995814426906E-48));
#5587=DIRECTION('',(9.782344016968E-32,-1.,6.12323399573676E-17));
#5588=DIRECTION('',(1.,9.782344016968E-32,-5.98995814426906E-48));
#5589=DIRECTION('',(0.707106781186548,-4.32978028117746E-17,-0.707106781186548));
#5590=DIRECTION('',(9.782344016968E-32,-1.,6.12323399573676E-17));
#5591=DIRECTION('',(1.,9.782344016968E-32,-5.98995814426906E-48));
#5592=DIRECTION('',(0.707106781186548,-4.32978028117746E-17,-0.707106781186548));
#5593=DIRECTION('',(9.782344016968E-32,-1.,6.12323399573676E-17));
#5594=DIRECTION('',(1.,9.782344016968E-32,-5.98995814426906E-48));
#5595=DIRECTION('',(0.707106781186548,-4.32978028117747E-17,-0.707106781186548));
#5596=DIRECTION('',(9.782344016968E-32,-1.,6.12323399573676E-17));
#5597=DIRECTION('',(1.,9.782344016968E-32,-5.98995814426906E-48));
#5598=DIRECTION('',(0.707106781186548,-4.32978028117747E-17,-0.707106781186548));
#5599=DIRECTION('',(0.,-1.,6.12323399573677E-17));
#5600=DIRECTION('',(1.,0.,0.));
#5601=DIRECTION('',(-0.707106781186548,-4.32978028117747E-17,-0.707106781186548));
#5602=DIRECTION('',(0.,-1.,6.12323399573677E-17));
#5603=DIRECTION('',(1.,0.,0.));
#5604=DIRECTION('',(-0.707106781186548,-4.32978028117747E-17,-0.707106781186548));
#5605=DIRECTION('',(9.782344016968E-32,-1.,6.12323399573676E-17));
#5606=DIRECTION('',(1.,9.782344016968E-32,-5.98995814426906E-48));
#5607=DIRECTION('',(-0.707106781186548,-4.32978028117747E-17,-0.707106781186548));
#5608=DIRECTION('',(9.782344016968E-32,-1.,6.12323399573676E-17));
#5609=DIRECTION('',(1.,9.782344016968E-32,-5.98995814426906E-48));
#5610=DIRECTION('',(-0.707106781186548,-4.32978028117747E-17,-0.707106781186548));
#5611=DIRECTION('',(-1.029772080811E-16,6.12323399573677E-17,1.));
#5612=DIRECTION('',(0.,-1.,6.12323399573677E-17));
#5613=DIRECTION('',(1.,0.,0.));
#5614=DIRECTION('',(-1.,0.,0.));
#5615=DIRECTION('',(0.,-1.,6.12323399573677E-17));
#5616=DIRECTION('',(1.,0.,0.));
#5617=DIRECTION('',(0.,-6.12323399573677E-17,-1.));
#5618=DIRECTION('',(0.,-1.,6.12323399573677E-17));
#5619=DIRECTION('',(1.,0.,0.));
#5620=DIRECTION('',(1.,0.,0.));
#5621=DIRECTION('',(0.,-1.,6.12323399573677E-17));
#5622=DIRECTION('',(1.,0.,0.));
#5623=DIRECTION('',(0.,1.,-6.12323399573677E-17));
#5624=DIRECTION('',(-1.,0.,0.));
#5625=DIRECTION('',(0.,-1.,7.23276944882368E-16));
#5626=DIRECTION('',(-1.,0.,0.));
#5627=DIRECTION('',(0.,1.,-6.12323399573677E-17));
#5628=DIRECTION('',(1.,0.,0.));
#5629=DIRECTION('',(0.,1.,-6.12323399573677E-17));
#5630=DIRECTION('',(0.,1.,-6.12323399573677E-17));
#5631=DIRECTION('',(9.782344016968E-32,-1.,6.12323399573676E-17));
#5632=DIRECTION('',(1.,9.782344016968E-32,-5.98995814426906E-48));
#5633=DIRECTION('',(0.707106781186548,-4.32978028117747E-17,-0.707106781186548));
#5634=DIRECTION('',(-0.707106781186548,-4.32978028117747E-17,-0.707106781186548));
#5635=DIRECTION('',(0.,1.,-6.12323399573677E-17));
#5636=DIRECTION('',(-0.707106781186548,-4.32978028117747E-17,-0.707106781186548));
#5637=DIRECTION('',(0.707106781186548,-4.32978028117747E-17,-0.707106781186548));
#5638=DIRECTION('',(-0.707106781186548,-4.32978028117747E-17,-0.707106781186548));
#5639=DIRECTION('',(-0.707106781186548,-4.32978028117747E-17,-0.707106781186548));
#5640=DIRECTION('',(0.,1.,-6.12323399573677E-17));
#5641=DIRECTION('',(0.,1.,-6.12323399573677E-17));
#5642=DIRECTION('',(1.,0.,0.));
#5643=DIRECTION('',(9.782344016968E-32,-1.,6.12323399573676E-17));
#5644=DIRECTION('',(1.,9.782344016968E-32,-5.98995814426906E-48));
#5645=DIRECTION('',(0.,1.,-6.12323399573677E-17));
#5646=DIRECTION('',(1.,0.,0.));
#5647=DIRECTION('',(0.,-1.,6.12323399573677E-17));
#5648=DIRECTION('',(1.,0.,0.));
#5649=DIRECTION('',(0.,-1.,6.12323399573677E-17));
#5650=DIRECTION('',(0.,-1.,6.12323399573677E-17));
#5651=DIRECTION('',(0.,1.,-6.12323399573677E-17));
#5652=DIRECTION('',(1.,0.,0.));
#5653=DIRECTION('',(9.782344016968E-32,-1.,6.12323399573676E-17));
#5654=DIRECTION('',(1.,9.782344016968E-32,-5.98995814426906E-48));
#5655=DIRECTION('',(0.707106781186548,4.32978028117747E-17,0.707106781186548));
#5656=DIRECTION('',(0.707106781186548,-4.32978028117747E-17,-0.707106781186548));
#5657=DIRECTION('',(0.707106781186548,-4.32978028117746E-17,-0.707106781186548));
#5658=DIRECTION('',(0.707106781186548,4.32978028117747E-17,0.707106781186548));
#5659=DIRECTION('',(0.707106781186548,-4.32978028117747E-17,-0.707106781186548));
#5660=DIRECTION('',(0.707106781186548,-4.32978028117746E-17,-0.707106781186548));
#5661=DIRECTION('',(0.,1.,-6.12323399573677E-17));
#5662=DIRECTION('',(1.,0.,0.));
#5663=DIRECTION('',(9.782344016968E-32,-1.,6.12323399573676E-17));
#5664=DIRECTION('',(1.,9.782344016968E-32,-5.98995814426906E-48));
#5665=DIRECTION('',(0.,-6.12323399573677E-17,-1.));
#5666=DIRECTION('',(-1.,0.,0.));
#5667=DIRECTION('',(0.,-1.,6.12323399573677E-17));
#5668=DIRECTION('',(-1.,0.,0.));
#5669=DIRECTION('',(-1.,0.,0.));
#5670=DIRECTION('',(0.,1.,-6.12323399573677E-17));
#5671=DIRECTION('',(1.,0.,0.));
#5672=DIRECTION('',(0.,-1.,6.12323399573677E-17));
#5673=DIRECTION('',(1.,0.,0.));
#5674=DIRECTION('',(0.,-1.,6.12323399573677E-17));
#5675=DIRECTION('',(0.,1.,-6.12323399573677E-17));
#5676=DIRECTION('',(1.,0.,0.));
#5677=DIRECTION('',(0.,-1.,6.12323399573677E-17));
#5678=DIRECTION('',(0.,-1.,6.12323399573677E-17));
#5679=DIRECTION('',(0.,-1.,6.12323399573677E-17));
#5680=DIRECTION('',(1.,0.,0.));
#5681=DIRECTION('',(0.707106781186548,-4.32978028117747E-17,-0.707106781186548));
#5682=DIRECTION('',(-0.707106781186548,-4.32978028117747E-17,-0.707106781186548));
#5683=DIRECTION('',(0.,-1.,6.12323399573677E-17));
#5684=DIRECTION('',(-0.707106781186548,-4.32978028117747E-17,-0.707106781186548));
#5685=DIRECTION('',(0.707106781186548,-4.32978028117747E-17,-0.707106781186548));
#5686=DIRECTION('',(-0.707106781186548,-4.32978028117747E-17,-0.707106781186548));
#5687=DIRECTION('',(-0.707106781186548,-4.32978028117747E-17,-0.707106781186548));
#5688=DIRECTION('',(0.,-1.,6.12323399573677E-17));
#5689=DIRECTION('',(0.,1.,-6.12323399573677E-17));
#5690=DIRECTION('',(1.,0.,0.));
#5691=DIRECTION('',(0.,-1.,6.12323399573677E-17));
#5692=DIRECTION('',(1.,0.,0.));
#5693=DIRECTION('',(1.,0.,0.));
#5694=DIRECTION('',(0.,-6.12323399573677E-17,-1.));
#5695=DIRECTION('',(0.,-1.,6.12323399573677E-17));
#5696=DIRECTION('',(0.,-6.12323399573677E-17,-1.));
#5697=DIRECTION('',(0.,-6.12323399573677E-17,-1.));
#5698=DIRECTION('',(0.,1.,-6.12323399573677E-17));
#5699=DIRECTION('',(1.,0.,0.));
#5700=DIRECTION('',(0.,-1.,6.12323399573677E-17));
#5701=DIRECTION('',(1.,0.,0.));
#5702=DIRECTION('',(0.,-1.,6.12323399573677E-17));
#5703=DIRECTION('',(0.,1.,-6.12323399573677E-17));
#5704=DIRECTION('',(1.,0.,0.));
#5705=DIRECTION('',(9.782344016968E-32,-1.,6.12323399573676E-17));
#5706=DIRECTION('',(1.,9.782344016968E-32,-5.98995814426906E-48));
#5707=DIRECTION('',(0.707106781186548,4.32978028117747E-17,0.707106781186548));
#5708=DIRECTION('',(0.707106781186548,-4.32978028117747E-17,-0.707106781186548));
#5709=DIRECTION('',(0.707106781186548,-4.32978028117747E-17,-0.707106781186548));
#5710=DIRECTION('',(0.707106781186548,4.32978028117747E-17,0.707106781186548));
#5711=DIRECTION('',(0.707106781186548,-4.32978028117747E-17,-0.707106781186548));
#5712=DIRECTION('',(0.707106781186548,-4.32978028117747E-17,-0.707106781186548));
#5713=DIRECTION('',(0.,1.,-6.12323399573677E-17));
#5714=DIRECTION('',(1.,0.,0.));
#5715=DIRECTION('',(9.782344016968E-32,-1.,6.12323399573676E-17));
#5716=DIRECTION('',(1.,9.782344016968E-32,-5.98995814426906E-48));
#5717=DIRECTION('',(0.,6.12323399573677E-17,1.));
#5718=DIRECTION('',(1.,0.,0.));
#5719=DIRECTION('',(0.,-1.,6.12323399573677E-17));
#5720=DIRECTION('',(1.,0.,0.));
#5721=DIRECTION('',(1.,0.,0.));
#5722=DIRECTION('',(0.,1.,-6.12323399573677E-17));
#5723=DIRECTION('',(1.,0.,0.));
#5724=DIRECTION('',(0.,-1.,6.12323399573677E-17));
#5725=DIRECTION('',(1.,0.,0.));
#5726=DIRECTION('',(0.,-1.,6.12323399573677E-17));
#5727=DIRECTION('',(-1.,0.,0.));
#5728=DIRECTION('',(0.,6.12323399573677E-17,1.));
#5729=DIRECTION('',(-1.029772080811E-16,6.12323399573677E-17,1.));
#5730=DIRECTION('',(-1.029772080811E-16,6.12323399573677E-17,1.));
#5731=DIRECTION('',(0.,-1.,6.12323399573677E-17));
#5732=DIRECTION('',(-1.,0.,0.));
#5733=DIRECTION('',(0.,-1.,7.23276944882368E-16));
#5734=DIRECTION('',(-1.,0.,0.));
#5735=DIRECTION('',(9.782344016968E-32,-1.,6.12323399573676E-17));
#5736=DIRECTION('',(1.,9.782344016968E-32,-5.98995814426906E-48));
#5737=DIRECTION('',(0.,1.,-7.23276944882368E-16));
#5738=DIRECTION('',(-1.,0.,0.));
#5739=DIRECTION('',(9.782344016968E-32,-1.,6.12323399573676E-17));
#5740=DIRECTION('',(1.,9.782344016968E-32,-5.98995814426906E-48));
#5741=DIRECTION('',(0.,1.,-7.23276944882368E-16));
#5742=DIRECTION('',(-1.,0.,0.));
#5743=DIRECTION('',(9.782344016968E-32,-1.,6.12323399573676E-17));
#5744=DIRECTION('',(1.,9.782344016968E-32,-5.98995814426906E-48));
#5745=DIRECTION('',(0.,1.,-7.23276944882368E-16));
#5746=DIRECTION('',(-1.,0.,0.));
#5747=DIRECTION('',(9.782344016968E-32,-1.,6.12323399573676E-17));
#5748=DIRECTION('',(1.,9.782344016968E-32,-5.98995814426906E-48));
#5749=DIRECTION('',(0.,1.,-7.23276944882368E-16));
#5750=DIRECTION('',(-1.,0.,0.));
#5751=DIRECTION('',(0.,1.,-6.12323399573677E-17));
#5752=DIRECTION('',(-1.,0.,0.));
#5753=DIRECTION('',(0.,0.,1.));
#5754=DIRECTION('',(1.,0.,0.));
#5755=DIRECTION('',(0.,1.,0.));
#5756=DIRECTION('',(0.342020143325669,0.,0.939692620785908));
#5757=DIRECTION('',(0.819152044288992,0.,0.573576436351046));
#5758=DIRECTION('',(-0.573576436351047,0.,0.819152044288991));
#5759=DIRECTION('',(-0.822204627984995,0.,-0.569192014807003));
#5760=DIRECTION('',(0.581870822171227,0.,-0.813281222152449));
#5761=DIRECTION('',(-0.813281222152449,0.,-0.581870822171227));
#5762=DIRECTION('',(-0.581870822171227,0.,0.813281222152449));
#5763=DIRECTION('',(-0.581870822171227,0.,0.813281222152449));
#5764=DIRECTION('',(0.,1.,0.));
#5765=DIRECTION('',(0.,1.,0.));
#5766=DIRECTION('',(0.819152044288991,0.,0.573576436351047));
#5767=DIRECTION('',(0.573576436351047,0.,-0.819152044288991));
#5768=DIRECTION('',(0.573576436351047,0.,-0.819152044288991));
#5769=DIRECTION('',(0.,1.,0.));
#5770=DIRECTION('',(0.,1.,0.));
#5771=DIRECTION('',(0.573576436351046,0.,-0.819152044288992));
#5772=DIRECTION('',(-0.819152044288992,0.,-0.573576436351046));
#5773=DIRECTION('',(0.,-1.,0.));
#5774=DIRECTION('',(0.819152044288992,0.,0.573576436351046));
#5775=DIRECTION('',(0.,1.,0.));
#5776=DIRECTION('',(-0.819152044288992,0.,-0.573576436351046));
#5777=DIRECTION('',(-0.573576436351046,0.,0.819152044288992));
#5778=DIRECTION('',(-0.819152044288992,7.4344096505865E-13,-0.573576436351046));
#5779=DIRECTION('',(-0.819152044288992,0.,-0.573576436351046));
#5780=DIRECTION('',(-0.573576436351046,0.,0.819152044288992));
#5781=DIRECTION('',(0.57922796533957,0.707106781186547,0.40557978767264));
#5782=DIRECTION('',(0.573576436351047,0.,-0.819152044288991));
#5783=DIRECTION('',(0.57922796533957,0.707106781186547,0.40557978767264));
#5784=DIRECTION('',(-0.573576436351047,0.,0.819152044288991));
#5785=DIRECTION('',(0.569192014807003,0.,-0.822204627984995));
#5786=DIRECTION('',(0.822204627984995,-2.70270686476893E-12,0.569192014807003));
#5787=DIRECTION('',(-0.569192014807003,0.,0.822204627984995));
#5788=DIRECTION('',(0.822204627984995,0.,0.569192014807003));
#5789=DIRECTION('',(0.,1.,0.));
#5790=DIRECTION('',(0.822204627984995,0.,0.569192014807003));
#5791=DIRECTION('',(0.,-1.,0.));
#5792=DIRECTION('',(-0.822204627984995,0.,-0.569192014807003));
#5793=DIRECTION('',(0.569192014807003,0.,-0.822204627984995));
#5794=DIRECTION('',(-0.822204627984995,-3.05274636505563E-15,-0.569192014807003));
#5795=DIRECTION('',(0.822204627984995,0.,0.569192014807003));
#5796=DIRECTION('',(0.,1.,0.));
#5797=DIRECTION('',(-0.342020143325669,0.,-0.939692620785908));
#5798=DIRECTION('',(0.581870822171227,0.,-0.813281222152449));
#5799=DIRECTION('',(-0.581870822171227,0.,0.813281222152449));
#5800=DIRECTION('',(-0.575076667195681,0.707106781186546,-0.411444804131868));
#5801=DIRECTION('',(0.,-1.,0.));
#5802=DIRECTION('',(-0.822204627984995,0.,-0.569192014807003));
#5803=DIRECTION('',(0.569192014807003,0.,-0.822204627984995));
#5804=DIRECTION('',(0.569192014807003,0.,-0.822204627984995));
#5805=DIRECTION('',(-0.822204627984995,0.,-0.569192014807003));
#5806=DIRECTION('',(0.,1.,0.));
#5807=DIRECTION('',(0.569192014807003,0.,-0.822204627984995));
#5808=DIRECTION('',(0.,1.,0.));
#5809=DIRECTION('',(0.822204627984995,0.,0.569192014807003));
#5810=DIRECTION('',(0.569192014807003,0.,-0.822204627984995));
#5811=DIRECTION('',(0.822204627984995,0.,0.569192014807003));
#5812=DIRECTION('',(0.,-1.,0.));
#5813=DIRECTION('',(0.,0.,1.));
#5814=DIRECTION('',(1.,0.,0.));
#5815=DIRECTION('',(1.,0.,-5.55111512312579E-17));
#5816=DIRECTION('',(0.,1.,0.));
#5817=DIRECTION('',(0.,1.,0.));
#5818=DIRECTION('',(5.55111512312579E-17,0.,1.));
#5819=DIRECTION('',(0.,-1.,0.));
#5820=DIRECTION('',(5.55111512312579E-17,0.,1.));
#5821=DIRECTION('',(-1.,0.,5.55111512312578E-17));
#5822=DIRECTION('',(0.,-1.,0.));
#5823=DIRECTION('',(0.,-1.,0.));
#5824=DIRECTION('',(-5.55111512312578E-17,0.,-1.));
#5825=DIRECTION('',(0.,1.,0.));
#5826=DIRECTION('',(-5.55111512312578E-17,0.,-1.));
#5827=DIRECTION('',(0.,-1.,0.));
#5828=DIRECTION('',(1.,0.,0.));
#5829=DIRECTION('',(0.,-1.,0.));
#5830=DIRECTION('',(0.,0.,-1.));
#5831=DIRECTION('',(0.,-1.,0.));
#5832=DIRECTION('',(0.,0.,-1.));
#5833=DIRECTION('',(1.,0.,9.25185853854297E-17));
#5834=DIRECTION('',(-1.,0.,-9.25185853854297E-17));
#5835=DIRECTION('',(0.,1.,0.));
#5836=DIRECTION('',(-1.,0.,0.));
#5837=DIRECTION('',(-1.,0.,-9.25185853854297E-17));
#5838=DIRECTION('',(1.,0.,9.25185853854297E-17));
#5839=DIRECTION('',(-9.25185853854297E-17,0.,1.));
#5840=DIRECTION('',(1.,0.,9.25185853854297E-17));
#5841=DIRECTION('',(-1.,0.,-9.25185853854297E-17));
#5842=DIRECTION('',(0.,-1.,0.));
#5843=DIRECTION('',(1.,0.,9.25185853854297E-17));
#5844=DIRECTION('',(0.,-1.,0.));
#5845=DIRECTION('',(1.,0.,-5.55111512312578E-17));
#5846=DIRECTION('',(-5.55111512312579E-17,0.,-1.));
#5847=DIRECTION('',(0.,-1.,0.));
#5848=DIRECTION('',(-5.55111512312579E-17,0.,-1.));
#5849=DIRECTION('',(0.,-1.,0.));
#5850=DIRECTION('',(5.55111512312579E-17,0.,1.));
#5851=DIRECTION('',(-9.25185853854297E-17,0.,1.));
#5852=DIRECTION('',(1.,0.,9.25185853854297E-17));
#5853=DIRECTION('',(1.,0.,9.25185853854297E-17));
#5854=DIRECTION('',(0.,-1.,0.));
#5855=DIRECTION('',(-1.,0.,-9.25185853854297E-17));
#5856=DIRECTION('',(0.,-1.,0.));
#5857=DIRECTION('',(0.,-1.,0.));
#5858=DIRECTION('',(0.,0.,-1.));
#5859=DIRECTION('',(0.,-1.,0.));
#5860=DIRECTION('',(0.,0.,-1.));
#5861=DIRECTION('',(0.,-1.,0.));
#5862=DIRECTION('',(0.,0.,-1.));
#5863=DIRECTION('',(0.,-1.,0.));
#5864=DIRECTION('',(0.,0.,-1.));
#5865=DIRECTION('',(1.,0.,-5.55111512312578E-17));
#5866=DIRECTION('',(-5.55111512312578E-17,0.,-1.));
#5867=DIRECTION('',(0.,-1.,0.));
#5868=DIRECTION('',(-5.55111512312578E-17,0.,-1.));
#5869=DIRECTION('',(0.,-1.,0.));
#5870=DIRECTION('',(5.55111512312578E-17,0.,1.));
#5871=DIRECTION('',(0.,-1.,0.));
#5872=DIRECTION('',(1.,0.,0.));
#5873=DIRECTION('',(0.,-1.,0.));
#5874=DIRECTION('',(0.,0.,-1.));
#5875=DIRECTION('',(0.,-1.,0.));
#5876=DIRECTION('',(0.,0.,-1.));
#5877=DIRECTION('',(5.55111512312578E-17,0.,1.));
#5878=DIRECTION('',(-1.,0.,-9.25185853854297E-17));
#5879=DIRECTION('',(5.55111512312579E-17,0.,1.));
#5880=DIRECTION('',(-1.,0.,-9.25185853854297E-17));
#5881=DIRECTION('',(0.,-1.,0.));
#5882=DIRECTION('',(0.,0.,-1.));
#5883=DIRECTION('',(1.,0.,9.25185853854297E-17));
#5884=DIRECTION('',(-5.55111512312578E-17,0.,-1.));
#5885=DIRECTION('',(1.,0.,9.25185853854297E-17));
#5886=DIRECTION('',(-5.55111512312578E-17,0.,-1.));
#5887=DIRECTION('',(-9.25185853854297E-17,0.,1.));
#5888=DIRECTION('',(1.,0.,9.25185853854297E-17));
#5889=DIRECTION('',(9.25185853854297E-17,0.,-1.));
#5890=DIRECTION('',(1.,0.,9.25185853854297E-17));
#5891=DIRECTION('',(5.55111512312579E-17,0.,1.));
#5892=DIRECTION('',(1.,0.,-5.55111512312579E-17));
#5893=DIRECTION('',(1.38777878078146E-14,0.,1.));
#5894=DIRECTION('',(1.,0.,-1.38777878078146E-14));
#5895=DIRECTION('',(0.,-1.38777878078145E-14,-1.));
#5896=DIRECTION('',(0.,1.,-1.38777878078145E-14));
#5897=DIRECTION('',(1.,0.,0.));
#5898=DIRECTION('',(0.,0.,-1.));
#5899=DIRECTION('',(1.,1.38777878078145E-14,0.));
#5900=DIRECTION('',(-1.38777878078145E-14,1.,0.));
#5901=DIRECTION('',(0.,-1.,0.));
#5902=DIRECTION('',(0.,0.,-1.));
#5903=DIRECTION('',(0.,-1.,1.38777878078145E-14));
#5904=DIRECTION('',(0.,-1.38777878078145E-14,-1.));
#5905=DIRECTION('',(0.,-1.,0.));
#5906=DIRECTION('',(0.,0.,-1.));
#5907=DIRECTION('',(1.,0.,-1.38777878078142E-14));
#5908=DIRECTION('',(-1.38777878078142E-14,0.,-1.));
#5909=DIRECTION('',(0.,-1.,0.));
#5910=DIRECTION('',(0.,0.,-1.));
#5911=DIRECTION('',(0.,1.,0.));
#5912=DIRECTION('',(0.,0.,1.));
#5913=DIRECTION('',(-1.,0.,-9.25185853854297E-17));
#5914=DIRECTION('',(-9.25185853854297E-17,0.,1.));
#5915=DIRECTION('',(-1.,0.,0.));
#5916=DIRECTION('',(0.,0.,1.));
#5917=DIRECTION('',(-5.55111512312578E-17,0.,-1.));
#5918=DIRECTION('',(-1.,0.,5.55111512312578E-17));
#5919=DIRECTION('',(0.,0.,-1.));
#5920=DIRECTION('',(-1.,0.,0.));
#5921=DIRECTION('',(0.,0.,1.));
#5922=DIRECTION('',(1.,0.,0.));
#5923=DIRECTION('',(1.,0.,9.25185853854297E-17));
#5924=DIRECTION('',(9.25185853854297E-17,0.,-1.));
#5925=DIRECTION('',(-1.,0.,0.));
#5926=DIRECTION('',(0.,0.,1.));
#5927=DIRECTION('',(0.,1.,0.));
#5928=DIRECTION('',(0.,0.,1.));
#5929=DIRECTION('',(0.,1.,0.));
#5930=DIRECTION('',(0.,0.,1.));
#5931=DIRECTION('',(5.55111512312578E-17,0.,1.));
#5932=DIRECTION('',(1.,0.,-5.55111512312578E-17));
#5933=DIRECTION('',(0.,0.,1.));
#5934=DIRECTION('',(1.,0.,0.));
#5935=DIRECTION('',(-1.38777878078142E-14,0.,-1.));
#5936=DIRECTION('',(-1.,0.,1.38777878078142E-14));
#5937=DIRECTION('',(1.,0.,0.));
#5938=DIRECTION('',(0.,0.,-1.));
#5939=DIRECTION('',(1.,0.,0.));
#5940=DIRECTION('',(0.,0.,-1.));
#5941=DIRECTION('',(1.38777878078145E-14,-1.,0.));
#5942=DIRECTION('',(1.,1.38777878078145E-14,0.));
#5943=DIRECTION('',(0.,-1.,0.));
#5944=DIRECTION('',(0.,0.,-1.));
#5945=DIRECTION('',(0.,-1.,0.));
#5946=DIRECTION('',(0.,0.,-1.));
#5947=DIRECTION('',(0.,-1.,0.));
#5948=DIRECTION('',(0.,0.,-1.));
#5949=DIRECTION('',(1.,0.,0.));
#5950=DIRECTION('',(0.,0.,-1.));
#5951=DIRECTION('',(1.,0.,0.));
#5952=DIRECTION('',(0.,0.,-1.));
#5953=DIRECTION('',(-1.,0.,-9.25185853854297E-17));
#5954=DIRECTION('',(-9.25185853854297E-17,0.,1.));
#5955=DIRECTION('',(-1.,-1.38777878078144E-14,0.));
#5956=DIRECTION('',(1.38777878078144E-14,-1.,0.));
#5957=DIRECTION('',(0.,1.,0.));
#5958=DIRECTION('',(0.,0.,1.));
#5959=DIRECTION('',(0.,1.,0.));
#5960=DIRECTION('',(0.,0.,1.));
#5961=DIRECTION('',(0.,-1.,0.));
#5962=DIRECTION('',(0.,0.,-1.));
#5963=DIRECTION('',(0.,1.,0.));
#5964=DIRECTION('',(0.,0.,1.));
#5965=DIRECTION('',(1.,0.,9.25185853854297E-17));
#5966=DIRECTION('',(9.25185853854297E-17,0.,-1.));
#5967=DIRECTION('',(-1.,0.,-1.38777878078144E-14));
#5968=DIRECTION('',(-1.38777878078144E-14,0.,1.));
#5969=DIRECTION('',(1.38777878078144E-14,0.,1.));
#5970=DIRECTION('',(1.,0.,-1.38777878078144E-14));
#5971=DIRECTION('',(1.38777878078144E-14,0.,1.));
#5972=DIRECTION('',(1.,0.,-1.38777878078144E-14));
#5973=DIRECTION('',(0.,0.,-1.));
#5974=DIRECTION('',(-1.,0.,0.));
#5975=DIRECTION('',(0.,0.,-1.));
#5976=DIRECTION('',(-1.,0.,0.));
#5977=DIRECTION('',(-5.55111512312578E-17,0.,-1.));
#5978=DIRECTION('',(-1.,0.,5.55111512312578E-17));
#5979=DIRECTION('',(0.,-1.,0.));
#5980=DIRECTION('',(0.,0.,-1.));
#5981=DIRECTION('',(0.,-1.,0.));
#5982=DIRECTION('',(0.,0.,-1.));
#5983=DIRECTION('',(0.,0.,1.));
#5984=DIRECTION('',(1.,0.,0.));
#5985=DIRECTION('',(0.,1.,0.));
#5986=DIRECTION('',(0.342020143325669,0.,0.939692620785908));
#5987=DIRECTION('',(0.819152044288992,0.,0.573576436351046));
#5988=DIRECTION('',(-0.573576436351047,0.,0.819152044288991));
#5989=DIRECTION('',(-0.822204627984995,0.,-0.569192014807003));
#5990=DIRECTION('',(0.581870822171227,0.,-0.813281222152449));
#5991=DIRECTION('',(-0.813281222152449,0.,-0.581870822171227));
#5992=DIRECTION('',(-0.581870822171227,0.,0.813281222152449));
#5993=DIRECTION('',(-0.581870822171227,0.,0.813281222152449));
#5994=DIRECTION('',(0.,1.,0.));
#5995=DIRECTION('',(0.,1.,0.));
#5996=DIRECTION('',(0.819152044288991,0.,0.573576436351047));
#5997=DIRECTION('',(0.573576436351047,0.,-0.819152044288991));
#5998=DIRECTION('',(0.573576436351047,0.,-0.819152044288991));
#5999=DIRECTION('',(0.,1.,0.));
#6000=DIRECTION('',(0.,1.,0.));
#6001=DIRECTION('',(0.573576436351046,0.,-0.819152044288992));
#6002=DIRECTION('',(-0.819152044288992,0.,-0.573576436351046));
#6003=DIRECTION('',(0.,-1.,0.));
#6004=DIRECTION('',(0.819152044288992,0.,0.573576436351046));
#6005=DIRECTION('',(0.,1.,0.));
#6006=DIRECTION('',(-0.819152044288992,0.,-0.573576436351046));
#6007=DIRECTION('',(-0.573576436351046,0.,0.819152044288992));
#6008=DIRECTION('',(-0.819152044288992,7.4344096505865E-13,-0.573576436351046));
#6009=DIRECTION('',(-0.819152044288992,0.,-0.573576436351046));
#6010=DIRECTION('',(-0.573576436351046,0.,0.819152044288992));
#6011=DIRECTION('',(0.57922796533957,0.707106781186547,0.40557978767264));
#6012=DIRECTION('',(0.573576436351047,0.,-0.819152044288991));
#6013=DIRECTION('',(0.57922796533957,0.707106781186547,0.40557978767264));
#6014=DIRECTION('',(-0.573576436351047,0.,0.819152044288991));
#6015=DIRECTION('',(0.569192014807003,0.,-0.822204627984995));
#6016=DIRECTION('',(0.822204627984995,-2.70270686476893E-12,0.569192014807003));
#6017=DIRECTION('',(-0.569192014807003,0.,0.822204627984995));
#6018=DIRECTION('',(0.822204627984995,0.,0.569192014807003));
#6019=DIRECTION('',(0.,1.,0.));
#6020=DIRECTION('',(0.822204627984995,0.,0.569192014807003));
#6021=DIRECTION('',(0.,-1.,0.));
#6022=DIRECTION('',(-0.822204627984995,0.,-0.569192014807003));
#6023=DIRECTION('',(0.569192014807003,0.,-0.822204627984995));
#6024=DIRECTION('',(-0.822204627984995,-3.05274636505563E-15,-0.569192014807003));
#6025=DIRECTION('',(0.822204627984995,0.,0.569192014807003));
#6026=DIRECTION('',(0.,1.,0.));
#6027=DIRECTION('',(-0.342020143325669,0.,-0.939692620785908));
#6028=DIRECTION('',(0.581870822171227,0.,-0.813281222152449));
#6029=DIRECTION('',(-0.581870822171227,0.,0.813281222152449));
#6030=DIRECTION('',(-0.575076667195681,0.707106781186546,-0.411444804131868));
#6031=DIRECTION('',(0.,-1.,0.));
#6032=DIRECTION('',(-0.822204627984995,0.,-0.569192014807003));
#6033=DIRECTION('',(0.569192014807003,0.,-0.822204627984995));
#6034=DIRECTION('',(0.569192014807003,0.,-0.822204627984995));
#6035=DIRECTION('',(-0.822204627984995,0.,-0.569192014807003));
#6036=DIRECTION('',(0.,1.,0.));
#6037=DIRECTION('',(0.569192014807003,0.,-0.822204627984995));
#6038=DIRECTION('',(0.,1.,0.));
#6039=DIRECTION('',(0.822204627984995,0.,0.569192014807003));
#6040=DIRECTION('',(0.569192014807003,0.,-0.822204627984995));
#6041=DIRECTION('',(0.822204627984995,0.,0.569192014807003));
#6042=DIRECTION('',(0.,-1.,0.));
#6043=DIRECTION('',(0.,0.,1.));
#6044=DIRECTION('',(1.,0.,0.));
#6045=DIRECTION('',(1.,0.,-5.55111512312579E-17));
#6046=DIRECTION('',(0.,1.,0.));
#6047=DIRECTION('',(0.,1.,0.));
#6048=DIRECTION('',(5.55111512312579E-17,0.,1.));
#6049=DIRECTION('',(0.,-1.,0.));
#6050=DIRECTION('',(5.55111512312579E-17,0.,1.));
#6051=DIRECTION('',(-1.,0.,5.55111512312578E-17));
#6052=DIRECTION('',(0.,-1.,0.));
#6053=DIRECTION('',(0.,-1.,0.));
#6054=DIRECTION('',(-5.55111512312578E-17,0.,-1.));
#6055=DIRECTION('',(0.,1.,0.));
#6056=DIRECTION('',(-5.55111512312578E-17,0.,-1.));
#6057=DIRECTION('',(0.,-1.,0.));
#6058=DIRECTION('',(1.,0.,0.));
#6059=DIRECTION('',(0.,-1.,0.));
#6060=DIRECTION('',(0.,0.,-1.));
#6061=DIRECTION('',(0.,-1.,0.));
#6062=DIRECTION('',(0.,0.,-1.));
#6063=DIRECTION('',(1.,0.,9.25185853854297E-17));
#6064=DIRECTION('',(-1.,0.,-9.25185853854297E-17));
#6065=DIRECTION('',(0.,1.,0.));
#6066=DIRECTION('',(-1.,0.,0.));
#6067=DIRECTION('',(-1.,0.,-9.25185853854297E-17));
#6068=DIRECTION('',(1.,0.,9.25185853854297E-17));
#6069=DIRECTION('',(-9.25185853854297E-17,0.,1.));
#6070=DIRECTION('',(1.,0.,9.25185853854297E-17));
#6071=DIRECTION('',(-1.,0.,-9.25185853854297E-17));
#6072=DIRECTION('',(0.,-1.,0.));
#6073=DIRECTION('',(1.,0.,9.25185853854297E-17));
#6074=DIRECTION('',(0.,-1.,0.));
#6075=DIRECTION('',(1.,0.,-5.55111512312578E-17));
#6076=DIRECTION('',(-5.55111512312579E-17,0.,-1.));
#6077=DIRECTION('',(0.,-1.,0.));
#6078=DIRECTION('',(-5.55111512312579E-17,0.,-1.));
#6079=DIRECTION('',(0.,-1.,0.));
#6080=DIRECTION('',(5.55111512312579E-17,0.,1.));
#6081=DIRECTION('',(-9.25185853854297E-17,0.,1.));
#6082=DIRECTION('',(1.,0.,9.25185853854297E-17));
#6083=DIRECTION('',(1.,0.,9.25185853854297E-17));
#6084=DIRECTION('',(0.,-1.,0.));
#6085=DIRECTION('',(-1.,0.,-9.25185853854297E-17));
#6086=DIRECTION('',(0.,-1.,0.));
#6087=DIRECTION('',(0.,-1.,0.));
#6088=DIRECTION('',(0.,0.,-1.));
#6089=DIRECTION('',(0.,-1.,0.));
#6090=DIRECTION('',(0.,0.,-1.));
#6091=DIRECTION('',(0.,-1.,0.));
#6092=DIRECTION('',(0.,0.,-1.));
#6093=DIRECTION('',(0.,-1.,0.));
#6094=DIRECTION('',(0.,0.,-1.));
#6095=DIRECTION('',(1.,0.,-5.55111512312578E-17));
#6096=DIRECTION('',(-5.55111512312578E-17,0.,-1.));
#6097=DIRECTION('',(0.,-1.,0.));
#6098=DIRECTION('',(-5.55111512312578E-17,0.,-1.));
#6099=DIRECTION('',(0.,-1.,0.));
#6100=DIRECTION('',(5.55111512312578E-17,0.,1.));
#6101=DIRECTION('',(0.,-1.,0.));
#6102=DIRECTION('',(1.,0.,0.));
#6103=DIRECTION('',(0.,-1.,0.));
#6104=DIRECTION('',(0.,0.,-1.));
#6105=DIRECTION('',(0.,-1.,0.));
#6106=DIRECTION('',(0.,0.,-1.));
#6107=DIRECTION('',(5.55111512312578E-17,0.,1.));
#6108=DIRECTION('',(-1.,0.,-9.25185853854297E-17));
#6109=DIRECTION('',(5.55111512312579E-17,0.,1.));
#6110=DIRECTION('',(-1.,0.,-9.25185853854297E-17));
#6111=DIRECTION('',(0.,-1.,0.));
#6112=DIRECTION('',(0.,0.,-1.));
#6113=DIRECTION('',(1.,0.,9.25185853854297E-17));
#6114=DIRECTION('',(-5.55111512312578E-17,0.,-1.));
#6115=DIRECTION('',(1.,0.,9.25185853854297E-17));
#6116=DIRECTION('',(-5.55111512312578E-17,0.,-1.));
#6117=DIRECTION('',(-9.25185853854297E-17,0.,1.));
#6118=DIRECTION('',(1.,0.,9.25185853854297E-17));
#6119=DIRECTION('',(9.25185853854297E-17,0.,-1.));
#6120=DIRECTION('',(1.,0.,9.25185853854297E-17));
#6121=DIRECTION('',(5.55111512312579E-17,0.,1.));
#6122=DIRECTION('',(1.,0.,-5.55111512312579E-17));
#6123=DIRECTION('',(1.38777878078146E-14,0.,1.));
#6124=DIRECTION('',(1.,0.,-1.38777878078146E-14));
#6125=DIRECTION('',(0.,-1.38777878078145E-14,-1.));
#6126=DIRECTION('',(0.,1.,-1.38777878078145E-14));
#6127=DIRECTION('',(1.,0.,0.));
#6128=DIRECTION('',(0.,0.,-1.));
#6129=DIRECTION('',(1.,1.38777878078145E-14,0.));
#6130=DIRECTION('',(-1.38777878078145E-14,1.,0.));
#6131=DIRECTION('',(0.,-1.,0.));
#6132=DIRECTION('',(0.,0.,-1.));
#6133=DIRECTION('',(0.,-1.,1.38777878078145E-14));
#6134=DIRECTION('',(0.,-1.38777878078145E-14,-1.));
#6135=DIRECTION('',(0.,-1.,0.));
#6136=DIRECTION('',(0.,0.,-1.));
#6137=DIRECTION('',(1.,0.,-1.38777878078142E-14));
#6138=DIRECTION('',(-1.38777878078142E-14,0.,-1.));
#6139=DIRECTION('',(0.,-1.,0.));
#6140=DIRECTION('',(0.,0.,-1.));
#6141=DIRECTION('',(0.,1.,0.));
#6142=DIRECTION('',(0.,0.,1.));
#6143=DIRECTION('',(-1.,0.,-9.25185853854297E-17));
#6144=DIRECTION('',(-9.25185853854297E-17,0.,1.));
#6145=DIRECTION('',(-1.,0.,0.));
#6146=DIRECTION('',(0.,0.,1.));
#6147=DIRECTION('',(-5.55111512312578E-17,0.,-1.));
#6148=DIRECTION('',(-1.,0.,5.55111512312578E-17));
#6149=DIRECTION('',(0.,0.,-1.));
#6150=DIRECTION('',(-1.,0.,0.));
#6151=DIRECTION('',(0.,0.,1.));
#6152=DIRECTION('',(1.,0.,0.));
#6153=DIRECTION('',(1.,0.,9.25185853854297E-17));
#6154=DIRECTION('',(9.25185853854297E-17,0.,-1.));
#6155=DIRECTION('',(-1.,0.,0.));
#6156=DIRECTION('',(0.,0.,1.));
#6157=DIRECTION('',(0.,1.,0.));
#6158=DIRECTION('',(0.,0.,1.));
#6159=DIRECTION('',(0.,1.,0.));
#6160=DIRECTION('',(0.,0.,1.));
#6161=DIRECTION('',(5.55111512312578E-17,0.,1.));
#6162=DIRECTION('',(1.,0.,-5.55111512312578E-17));
#6163=DIRECTION('',(0.,0.,1.));
#6164=DIRECTION('',(1.,0.,0.));
#6165=DIRECTION('',(-1.38777878078142E-14,0.,-1.));
#6166=DIRECTION('',(-1.,0.,1.38777878078142E-14));
#6167=DIRECTION('',(1.,0.,0.));
#6168=DIRECTION('',(0.,0.,-1.));
#6169=DIRECTION('',(1.,0.,0.));
#6170=DIRECTION('',(0.,0.,-1.));
#6171=DIRECTION('',(1.38777878078145E-14,-1.,0.));
#6172=DIRECTION('',(1.,1.38777878078145E-14,0.));
#6173=DIRECTION('',(0.,-1.,0.));
#6174=DIRECTION('',(0.,0.,-1.));
#6175=DIRECTION('',(0.,-1.,0.));
#6176=DIRECTION('',(0.,0.,-1.));
#6177=DIRECTION('',(0.,-1.,0.));
#6178=DIRECTION('',(0.,0.,-1.));
#6179=DIRECTION('',(1.,0.,0.));
#6180=DIRECTION('',(0.,0.,-1.));
#6181=DIRECTION('',(1.,0.,0.));
#6182=DIRECTION('',(0.,0.,-1.));
#6183=DIRECTION('',(-1.,0.,-9.25185853854297E-17));
#6184=DIRECTION('',(-9.25185853854297E-17,0.,1.));
#6185=DIRECTION('',(-1.,-1.38777878078144E-14,0.));
#6186=DIRECTION('',(1.38777878078144E-14,-1.,0.));
#6187=DIRECTION('',(0.,1.,0.));
#6188=DIRECTION('',(0.,0.,1.));
#6189=DIRECTION('',(0.,1.,0.));
#6190=DIRECTION('',(0.,0.,1.));
#6191=DIRECTION('',(0.,-1.,0.));
#6192=DIRECTION('',(0.,0.,-1.));
#6193=DIRECTION('',(0.,1.,0.));
#6194=DIRECTION('',(0.,0.,1.));
#6195=DIRECTION('',(1.,0.,9.25185853854297E-17));
#6196=DIRECTION('',(9.25185853854297E-17,0.,-1.));
#6197=DIRECTION('',(-1.,0.,-1.38777878078144E-14));
#6198=DIRECTION('',(-1.38777878078144E-14,0.,1.));
#6199=DIRECTION('',(1.38777878078144E-14,0.,1.));
#6200=DIRECTION('',(1.,0.,-1.38777878078144E-14));
#6201=DIRECTION('',(1.38777878078144E-14,0.,1.));
#6202=DIRECTION('',(1.,0.,-1.38777878078144E-14));
#6203=DIRECTION('',(0.,0.,-1.));
#6204=DIRECTION('',(-1.,0.,0.));
#6205=DIRECTION('',(0.,0.,-1.));
#6206=DIRECTION('',(-1.,0.,0.));
#6207=DIRECTION('',(-5.55111512312578E-17,0.,-1.));
#6208=DIRECTION('',(-1.,0.,5.55111512312578E-17));
#6209=DIRECTION('',(0.,-1.,0.));
#6210=DIRECTION('',(0.,0.,-1.));
#6211=DIRECTION('',(0.,-1.,0.));
#6212=DIRECTION('',(0.,0.,-1.));
#6213=DIRECTION('',(0.,0.,1.));
#6214=DIRECTION('',(1.,0.,0.));
#6215=DIRECTION('',(0.,1.,0.));
#6216=DIRECTION('',(1.,0.,0.));
#6217=DIRECTION('',(0.,1.,0.));
#6218=DIRECTION('',(-1.,0.,0.));
#6219=DIRECTION('',(0.,0.,1.));
#6220=DIRECTION('',(1.,0.,0.));
#6221=DIRECTION('',(0.,-1.,6.12323399573677E-17));
#6222=DIRECTION('',(-1.,0.,0.));
#6223=DIRECTION('',(0.,-1.,7.23276944882368E-16));
#6224=DIRECTION('',(-1.,0.,0.));
#6225=DIRECTION('',(0.,1.,-7.23276944882368E-16));
#6226=DIRECTION('',(-1.,0.,0.));
#6227=DIRECTION('',(0.,-1.,7.23276944882368E-16));
#6228=DIRECTION('',(-1.,0.,0.));
#6229=DIRECTION('',(0.,1.,-6.12323399573677E-17));
#6230=DIRECTION('',(-1.,0.,0.));
#6231=DIRECTION('',(0.,-1.,7.23276944882368E-16));
#6232=DIRECTION('',(-1.,0.,0.));
#6233=DIRECTION('',(0.,-1.,6.12323399573677E-17));
#6234=DIRECTION('',(-1.,0.,0.));
#6235=DIRECTION('',(0.,-1.,7.23276944882368E-16));
#6236=DIRECTION('',(-1.,0.,0.));
#6237=DIRECTION('',(0.,-1.,6.12323399573677E-17));
#6238=DIRECTION('',(-1.,0.,0.));
#6239=DIRECTION('',(0.,-1.,7.23276944882368E-16));
#6240=DIRECTION('',(-1.,0.,0.));
#6241=DIRECTION('',(0.,-1.,6.12323399573677E-17));
#6242=DIRECTION('',(-1.,0.,0.));
#6243=DIRECTION('',(0.,-1.,7.23276944882368E-16));
#6244=DIRECTION('',(-1.,0.,0.));
#6245=DIRECTION('',(0.,-1.,6.12323399573677E-17));
#6246=DIRECTION('',(-1.,0.,0.));
#6247=DIRECTION('',(0.,-1.,7.23276944882368E-16));
#6248=DIRECTION('',(-1.,0.,0.));
#6249=DIRECTION('',(0.,-1.,6.12323399573677E-17));
#6250=DIRECTION('',(-1.,0.,0.));
#6251=DIRECTION('',(0.,-1.,7.23276944882368E-16));
#6252=DIRECTION('',(-1.,0.,0.));
#6253=DIRECTION('',(0.,-1.,6.12323399573677E-17));
#6254=DIRECTION('',(-1.,0.,0.));
#6255=DIRECTION('',(0.,-1.,7.23276944882368E-16));
#6256=DIRECTION('',(-1.,0.,0.));
#6257=DIRECTION('',(0.,1.,-6.12323399573677E-17));
#6258=DIRECTION('',(-1.,0.,0.));
#6259=DIRECTION('',(0.,1.,-7.23276944882368E-16));
#6260=DIRECTION('',(-1.,0.,0.));
#6261=DIRECTION('',(0.,-1.,6.12323399573677E-17));
#6262=DIRECTION('',(-1.,0.,0.));
#6263=DIRECTION('',(0.,-1.,7.23276944882368E-16));
#6264=DIRECTION('',(-1.,0.,0.));
#6265=DIRECTION('',(9.782344016968E-32,-1.,6.12323399573676E-17));
#6266=DIRECTION('',(1.,9.782344016968E-32,-5.98995814426906E-48));
#6267=DIRECTION('',(9.782344016968E-32,-1.,6.12323399573676E-17));
#6268=DIRECTION('',(1.,9.782344016968E-32,-5.98995814426906E-48));
#6269=DIRECTION('',(0.707106781186548,-4.32978028117746E-17,-0.707106781186548));
#6270=DIRECTION('',(9.782344016968E-32,-1.,6.12323399573676E-17));
#6271=DIRECTION('',(1.,9.782344016968E-32,-5.98995814426906E-48));
#6272=DIRECTION('',(0.707106781186548,-4.32978028117746E-17,-0.707106781186548));
#6273=DIRECTION('',(9.782344016968E-32,-1.,6.12323399573676E-17));
#6274=DIRECTION('',(1.,9.782344016968E-32,-5.98995814426906E-48));
#6275=DIRECTION('',(0.707106781186548,-4.32978028117747E-17,-0.707106781186548));
#6276=DIRECTION('',(9.782344016968E-32,-1.,6.12323399573676E-17));
#6277=DIRECTION('',(1.,9.782344016968E-32,-5.98995814426906E-48));
#6278=DIRECTION('',(0.707106781186548,-4.32978028117747E-17,-0.707106781186548));
#6279=DIRECTION('',(0.,-1.,6.12323399573677E-17));
#6280=DIRECTION('',(1.,0.,0.));
#6281=DIRECTION('',(-0.707106781186548,-4.32978028117747E-17,-0.707106781186548));
#6282=DIRECTION('',(0.,-1.,6.12323399573677E-17));
#6283=DIRECTION('',(1.,0.,0.));
#6284=DIRECTION('',(-0.707106781186548,-4.32978028117747E-17,-0.707106781186548));
#6285=DIRECTION('',(9.782344016968E-32,-1.,6.12323399573676E-17));
#6286=DIRECTION('',(1.,9.782344016968E-32,-5.98995814426906E-48));
#6287=DIRECTION('',(-0.707106781186548,-4.32978028117747E-17,-0.707106781186548));
#6288=DIRECTION('',(9.782344016968E-32,-1.,6.12323399573676E-17));
#6289=DIRECTION('',(1.,9.782344016968E-32,-5.98995814426906E-48));
#6290=DIRECTION('',(-0.707106781186548,-4.32978028117747E-17,-0.707106781186548));
#6291=DIRECTION('',(-1.029772080811E-16,6.12323399573677E-17,1.));
#6292=DIRECTION('',(0.,-1.,6.12323399573677E-17));
#6293=DIRECTION('',(1.,0.,0.));
#6294=DIRECTION('',(-1.,0.,0.));
#6295=DIRECTION('',(0.,-1.,6.12323399573677E-17));
#6296=DIRECTION('',(1.,0.,0.));
#6297=DIRECTION('',(0.,-6.12323399573677E-17,-1.));
#6298=DIRECTION('',(0.,-1.,6.12323399573677E-17));
#6299=DIRECTION('',(1.,0.,0.));
#6300=DIRECTION('',(1.,0.,0.));
#6301=DIRECTION('',(0.,-1.,6.12323399573677E-17));
#6302=DIRECTION('',(1.,0.,0.));
#6303=DIRECTION('',(0.,1.,-6.12323399573677E-17));
#6304=DIRECTION('',(-1.,0.,0.));
#6305=DIRECTION('',(0.,-1.,7.23276944882368E-16));
#6306=DIRECTION('',(-1.,0.,0.));
#6307=DIRECTION('',(0.,1.,-6.12323399573677E-17));
#6308=DIRECTION('',(1.,0.,0.));
#6309=DIRECTION('',(0.,1.,-6.12323399573677E-17));
#6310=DIRECTION('',(0.,1.,-6.12323399573677E-17));
#6311=DIRECTION('',(9.782344016968E-32,-1.,6.12323399573676E-17));
#6312=DIRECTION('',(1.,9.782344016968E-32,-5.98995814426906E-48));
#6313=DIRECTION('',(0.707106781186548,-4.32978028117747E-17,-0.707106781186548));
#6314=DIRECTION('',(-0.707106781186548,-4.32978028117747E-17,-0.707106781186548));
#6315=DIRECTION('',(0.,1.,-6.12323399573677E-17));
#6316=DIRECTION('',(-0.707106781186548,-4.32978028117747E-17,-0.707106781186548));
#6317=DIRECTION('',(0.707106781186548,-4.32978028117747E-17,-0.707106781186548));
#6318=DIRECTION('',(-0.707106781186548,-4.32978028117747E-17,-0.707106781186548));
#6319=DIRECTION('',(-0.707106781186548,-4.32978028117747E-17,-0.707106781186548));
#6320=DIRECTION('',(0.,1.,-6.12323399573677E-17));
#6321=DIRECTION('',(0.,1.,-6.12323399573677E-17));
#6322=DIRECTION('',(1.,0.,0.));
#6323=DIRECTION('',(9.782344016968E-32,-1.,6.12323399573676E-17));
#6324=DIRECTION('',(1.,9.782344016968E-32,-5.98995814426906E-48));
#6325=DIRECTION('',(0.,1.,-6.12323399573677E-17));
#6326=DIRECTION('',(1.,0.,0.));
#6327=DIRECTION('',(0.,-1.,6.12323399573677E-17));
#6328=DIRECTION('',(1.,0.,0.));
#6329=DIRECTION('',(0.,-1.,6.12323399573677E-17));
#6330=DIRECTION('',(0.,-1.,6.12323399573677E-17));
#6331=DIRECTION('',(0.,1.,-6.12323399573677E-17));
#6332=DIRECTION('',(1.,0.,0.));
#6333=DIRECTION('',(9.782344016968E-32,-1.,6.12323399573676E-17));
#6334=DIRECTION('',(1.,9.782344016968E-32,-5.98995814426906E-48));
#6335=DIRECTION('',(0.707106781186548,4.32978028117747E-17,0.707106781186548));
#6336=DIRECTION('',(0.707106781186548,-4.32978028117747E-17,-0.707106781186548));
#6337=DIRECTION('',(0.707106781186548,-4.32978028117746E-17,-0.707106781186548));
#6338=DIRECTION('',(0.707106781186548,4.32978028117747E-17,0.707106781186548));
#6339=DIRECTION('',(0.707106781186548,-4.32978028117747E-17,-0.707106781186548));
#6340=DIRECTION('',(0.707106781186548,-4.32978028117746E-17,-0.707106781186548));
#6341=DIRECTION('',(0.,1.,-6.12323399573677E-17));
#6342=DIRECTION('',(1.,0.,0.));
#6343=DIRECTION('',(9.782344016968E-32,-1.,6.12323399573676E-17));
#6344=DIRECTION('',(1.,9.782344016968E-32,-5.98995814426906E-48));
#6345=DIRECTION('',(0.,-6.12323399573677E-17,-1.));
#6346=DIRECTION('',(-1.,0.,0.));
#6347=DIRECTION('',(0.,-1.,6.12323399573677E-17));
#6348=DIRECTION('',(-1.,0.,0.));
#6349=DIRECTION('',(-1.,0.,0.));
#6350=DIRECTION('',(0.,1.,-6.12323399573677E-17));
#6351=DIRECTION('',(1.,0.,0.));
#6352=DIRECTION('',(0.,-1.,6.12323399573677E-17));
#6353=DIRECTION('',(1.,0.,0.));
#6354=DIRECTION('',(0.,-1.,6.12323399573677E-17));
#6355=DIRECTION('',(0.,1.,-6.12323399573677E-17));
#6356=DIRECTION('',(1.,0.,0.));
#6357=DIRECTION('',(0.,-1.,6.12323399573677E-17));
#6358=DIRECTION('',(0.,-1.,6.12323399573677E-17));
#6359=DIRECTION('',(0.,-1.,6.12323399573677E-17));
#6360=DIRECTION('',(1.,0.,0.));
#6361=DIRECTION('',(0.707106781186548,-4.32978028117747E-17,-0.707106781186548));
#6362=DIRECTION('',(-0.707106781186548,-4.32978028117747E-17,-0.707106781186548));
#6363=DIRECTION('',(0.,-1.,6.12323399573677E-17));
#6364=DIRECTION('',(-0.707106781186548,-4.32978028117747E-17,-0.707106781186548));
#6365=DIRECTION('',(0.707106781186548,-4.32978028117747E-17,-0.707106781186548));
#6366=DIRECTION('',(-0.707106781186548,-4.32978028117747E-17,-0.707106781186548));
#6367=DIRECTION('',(-0.707106781186548,-4.32978028117747E-17,-0.707106781186548));
#6368=DIRECTION('',(0.,-1.,6.12323399573677E-17));
#6369=DIRECTION('',(0.,1.,-6.12323399573677E-17));
#6370=DIRECTION('',(1.,0.,0.));
#6371=DIRECTION('',(0.,-1.,6.12323399573677E-17));
#6372=DIRECTION('',(1.,0.,0.));
#6373=DIRECTION('',(1.,0.,0.));
#6374=DIRECTION('',(0.,-6.12323399573677E-17,-1.));
#6375=DIRECTION('',(0.,-1.,6.12323399573677E-17));
#6376=DIRECTION('',(0.,-6.12323399573677E-17,-1.));
#6377=DIRECTION('',(0.,-6.12323399573677E-17,-1.));
#6378=DIRECTION('',(0.,1.,-6.12323399573677E-17));
#6379=DIRECTION('',(1.,0.,0.));
#6380=DIRECTION('',(0.,-1.,6.12323399573677E-17));
#6381=DIRECTION('',(1.,0.,0.));
#6382=DIRECTION('',(0.,-1.,6.12323399573677E-17));
#6383=DIRECTION('',(0.,1.,-6.12323399573677E-17));
#6384=DIRECTION('',(1.,0.,0.));
#6385=DIRECTION('',(9.782344016968E-32,-1.,6.12323399573676E-17));
#6386=DIRECTION('',(1.,9.782344016968E-32,-5.98995814426906E-48));
#6387=DIRECTION('',(0.707106781186548,4.32978028117747E-17,0.707106781186548));
#6388=DIRECTION('',(0.707106781186548,-4.32978028117747E-17,-0.707106781186548));
#6389=DIRECTION('',(0.707106781186548,-4.32978028117747E-17,-0.707106781186548));
#6390=DIRECTION('',(0.707106781186548,4.32978028117747E-17,0.707106781186548));
#6391=DIRECTION('',(0.707106781186548,-4.32978028117747E-17,-0.707106781186548));
#6392=DIRECTION('',(0.707106781186548,-4.32978028117747E-17,-0.707106781186548));
#6393=DIRECTION('',(0.,1.,-6.12323399573677E-17));
#6394=DIRECTION('',(1.,0.,0.));
#6395=DIRECTION('',(9.782344016968E-32,-1.,6.12323399573676E-17));
#6396=DIRECTION('',(1.,9.782344016968E-32,-5.98995814426906E-48));
#6397=DIRECTION('',(0.,6.12323399573677E-17,1.));
#6398=DIRECTION('',(1.,0.,0.));
#6399=DIRECTION('',(0.,-1.,6.12323399573677E-17));
#6400=DIRECTION('',(1.,0.,0.));
#6401=DIRECTION('',(1.,0.,0.));
#6402=DIRECTION('',(0.,1.,-6.12323399573677E-17));
#6403=DIRECTION('',(1.,0.,0.));
#6404=DIRECTION('',(0.,-1.,6.12323399573677E-17));
#6405=DIRECTION('',(1.,0.,0.));
#6406=DIRECTION('',(0.,-1.,6.12323399573677E-17));
#6407=DIRECTION('',(-1.,0.,0.));
#6408=DIRECTION('',(0.,6.12323399573677E-17,1.));
#6409=DIRECTION('',(-1.029772080811E-16,6.12323399573677E-17,1.));
#6410=DIRECTION('',(-1.029772080811E-16,6.12323399573677E-17,1.));
#6411=DIRECTION('',(0.,-1.,6.12323399573677E-17));
#6412=DIRECTION('',(-1.,0.,0.));
#6413=DIRECTION('',(0.,-1.,7.23276944882368E-16));
#6414=DIRECTION('',(-1.,0.,0.));
#6415=DIRECTION('',(9.782344016968E-32,-1.,6.12323399573676E-17));
#6416=DIRECTION('',(1.,9.782344016968E-32,-5.98995814426906E-48));
#6417=DIRECTION('',(0.,1.,-7.23276944882368E-16));
#6418=DIRECTION('',(-1.,0.,0.));
#6419=DIRECTION('',(9.782344016968E-32,-1.,6.12323399573676E-17));
#6420=DIRECTION('',(1.,9.782344016968E-32,-5.98995814426906E-48));
#6421=DIRECTION('',(0.,1.,-7.23276944882368E-16));
#6422=DIRECTION('',(-1.,0.,0.));
#6423=DIRECTION('',(9.782344016968E-32,-1.,6.12323399573676E-17));
#6424=DIRECTION('',(1.,9.782344016968E-32,-5.98995814426906E-48));
#6425=DIRECTION('',(0.,1.,-7.23276944882368E-16));
#6426=DIRECTION('',(-1.,0.,0.));
#6427=DIRECTION('',(9.782344016968E-32,-1.,6.12323399573676E-17));
#6428=DIRECTION('',(1.,9.782344016968E-32,-5.98995814426906E-48));
#6429=DIRECTION('',(0.,1.,-7.23276944882368E-16));
#6430=DIRECTION('',(-1.,0.,0.));
#6431=DIRECTION('',(0.,1.,-6.12323399573677E-17));
#6432=DIRECTION('',(-1.,0.,0.));
#6433=DIRECTION('',(0.,0.,1.));
#6434=DIRECTION('',(1.,0.,0.));
#6435=DIRECTION('',(0.,1.,0.));
#6436=DIRECTION('',(1.,0.,0.));
#6437=DIRECTION('',(0.,1.,0.));
#6438=DIRECTION('',(-1.,0.,0.));
#6439=DIRECTION('',(0.,0.,1.));
#6440=DIRECTION('',(1.,0.,0.));
#6441=DIRECTION('',(0.,-1.,0.));
#6442=DIRECTION('',(1.,0.,0.));
#6443=DIRECTION('',(0.,-1.,0.));
#6444=DIRECTION('',(1.,0.,0.));
#6445=DIRECTION('',(0.,-1.,0.));
#6446=DIRECTION('',(-1.,0.,0.));
#6447=DIRECTION('',(0.,-1.,0.));
#6448=DIRECTION('',(-0.5,0.,-0.866025403784439));
#6449=DIRECTION('',(0.,-1.,0.));
#6450=DIRECTION('',(0.5,0.,-0.866025403784439));
#6451=DIRECTION('',(0.,-1.,0.));
#6452=DIRECTION('',(1.,0.,-1.22464679914735E-16));
#6453=DIRECTION('',(0.,-1.,0.));
#6454=DIRECTION('',(0.5,0.,0.866025403784439));
#6455=DIRECTION('',(0.,-1.,0.));
#6456=DIRECTION('',(-0.5,0.,0.866025403784439));
#6457=DIRECTION('',(0.,-1.,0.));
#6458=DIRECTION('',(1.,0.,0.));
#6459=DIRECTION('',(0.,1.,0.));
#6460=DIRECTION('',(1.,0.,0.));
#6461=DIRECTION('',(0.,-1.,0.));
#6462=DIRECTION('',(1.,0.,0.));
#6463=DIRECTION('',(0.,1.,0.));
#6464=DIRECTION('',(1.,0.,0.));
#6465=DIRECTION('',(0.,1.,0.));
#6466=DIRECTION('',(1.,0.,0.));
#6467=DIRECTION('',(0.,1.,0.));
#6468=DIRECTION('',(1.,0.,0.));
#6469=DIRECTION('',(0.,-1.,0.));
#6470=DIRECTION('',(-1.,0.,0.));
#6471=DIRECTION('',(0.,1.,0.));
#6472=DIRECTION('',(1.,0.,0.));
#6473=DIRECTION('',(0.,1.,0.));
#6474=DIRECTION('',(1.,0.,0.));
#6475=DIRECTION('',(0.,1.,0.));
#6476=DIRECTION('',(-1.,0.,0.));
#6477=DIRECTION('',(0.,1.,0.));
#6478=DIRECTION('',(1.,0.,0.));
#6479=DIRECTION('',(0.,1.,0.));
#6480=DIRECTION('',(1.,0.,0.));
#6481=DIRECTION('',(0.,1.,0.));
#6482=DIRECTION('',(-1.,0.,0.));
#6483=DIRECTION('',(0.,1.,0.));
#6484=DIRECTION('',(-1.,0.,0.));
#6485=DIRECTION('',(0.,1.,0.));
#6486=DIRECTION('',(-1.,0.,0.));
#6487=DIRECTION('',(0.,-1.,0.));
#6488=DIRECTION('',(-1.,0.,0.));
#6489=DIRECTION('',(0.,-1.,0.));
#6490=DIRECTION('',(0.5,0.,-0.866025403784439));
#6491=DIRECTION('',(0.,1.,0.));
#6492=DIRECTION('',(-1.,0.,0.));
#6493=DIRECTION('',(0.,1.,0.));
#6494=DIRECTION('',(-1.,0.,0.));
#6495=DIRECTION('',(0.,1.,0.));
#6496=DIRECTION('',(-1.,0.,0.));
#6497=DIRECTION('',(0.,1.,0.));
#6498=DIRECTION('',(-1.,0.,0.));
#6499=DIRECTION('',(0.,-1.,0.));
#6500=DIRECTION('',(-1.,0.,0.));
#6501=DIRECTION('',(0.,1.,0.));
#6502=DIRECTION('',(-0.5,0.,-0.866025403784439));
#6503=DIRECTION('',(0.,-1.,0.));
#6504=DIRECTION('',(-0.5,0.,-0.866025403784439));
#6505=DIRECTION('',(0.,-1.,0.));
#6506=DIRECTION('',(0.5,0.,-0.866025403784439));
#6507=DIRECTION('',(0.,1.,0.));
#6508=DIRECTION('',(-0.5,0.,-0.866025403784439));
#6509=DIRECTION('',(0.,1.,0.));
#6510=DIRECTION('',(-0.5,0.,-0.866025403784439));
#6511=DIRECTION('',(0.,1.,0.));
#6512=DIRECTION('',(-0.5,0.,-0.866025403784439));
#6513=DIRECTION('',(0.,1.,0.));
#6514=DIRECTION('',(-1.,0.,0.));
#6515=DIRECTION('',(0.,-1.,0.));
#6516=DIRECTION('',(-0.5,0.,-0.866025403784439));
#6517=DIRECTION('',(0.,1.,0.));
#6518=DIRECTION('',(0.5,0.,-0.866025403784439));
#6519=DIRECTION('',(0.,-1.,0.));
#6520=DIRECTION('',(0.5,0.,-0.866025403784439));
#6521=DIRECTION('',(0.,-1.,0.));
#6522=DIRECTION('',(0.5,0.,-0.866025403784439));
#6523=DIRECTION('',(0.,1.,0.));
#6524=DIRECTION('',(0.5,0.,-0.866025403784439));
#6525=DIRECTION('',(0.,1.,0.));
#6526=DIRECTION('',(0.5,0.,-0.866025403784439));
#6527=DIRECTION('',(0.,1.,0.));
#6528=DIRECTION('',(0.5,0.,-0.866025403784439));
#6529=DIRECTION('',(0.,1.,0.));
#6530=DIRECTION('',(-1.,0.,0.));
#6531=DIRECTION('',(0.,-1.,0.));
#6532=DIRECTION('',(0.5,0.,-0.866025403784439));
#6533=DIRECTION('',(0.,1.,0.));
#6534=DIRECTION('',(1.,0.,-1.22464679914735E-16));
#6535=DIRECTION('',(0.,-1.,0.));
#6536=DIRECTION('',(1.,0.,-1.22464679914735E-16));
#6537=DIRECTION('',(0.,-1.,0.));
#6538=DIRECTION('',(0.5,0.,-0.866025403784439));
#6539=DIRECTION('',(0.,1.,0.));
#6540=DIRECTION('',(1.,0.,-1.22464679914735E-16));
#6541=DIRECTION('',(0.,1.,0.));
#6542=DIRECTION('',(1.,0.,-1.22464679914735E-16));
#6543=DIRECTION('',(0.,1.,0.));
#6544=DIRECTION('',(1.,0.,0.));
#6545=DIRECTION('',(0.,1.,0.));
#6546=DIRECTION('',(-1.,0.,0.));
#6547=DIRECTION('',(0.,-1.,0.));
#6548=DIRECTION('',(1.,0.,0.));
#6549=DIRECTION('',(0.,1.,0.));
#6550=DIRECTION('',(0.5,0.,0.866025403784439));
#6551=DIRECTION('',(0.,-1.,0.));
#6552=DIRECTION('',(0.5,0.,0.866025403784439));
#6553=DIRECTION('',(0.,-1.,0.));
#6554=DIRECTION('',(0.5,0.,-0.866025403784439));
#6555=DIRECTION('',(0.,1.,0.));
#6556=DIRECTION('',(0.5,0.,0.866025403784439));
#6557=DIRECTION('',(0.,1.,0.));
#6558=DIRECTION('',(0.5,0.,0.866025403784439));
#6559=DIRECTION('',(0.,1.,0.));
#6560=DIRECTION('',(0.5,0.,0.866025403784439));
#6561=DIRECTION('',(0.,1.,0.));
#6562=DIRECTION('',(-1.,0.,0.));
#6563=DIRECTION('',(0.,-1.,0.));
#6564=DIRECTION('',(0.5,0.,0.866025403784439));
#6565=DIRECTION('',(0.,1.,0.));
#6566=DIRECTION('',(-0.5,0.,0.866025403784439));
#6567=DIRECTION('',(0.,-1.,0.));
#6568=DIRECTION('',(-0.5,0.,0.866025403784439));
#6569=DIRECTION('',(0.,-1.,0.));
#6570=DIRECTION('',(0.5,0.,-0.866025403784439));
#6571=DIRECTION('',(0.,1.,0.));
#6572=DIRECTION('',(-0.5,0.,0.866025403784439));
#6573=DIRECTION('',(0.,1.,0.));
#6574=DIRECTION('',(-0.5,0.,0.866025403784439));
#6575=DIRECTION('',(0.,1.,0.));
#6576=DIRECTION('',(-0.5,0.,0.866025403784439));
#6577=DIRECTION('',(0.,1.,0.));
#6578=DIRECTION('',(-1.,0.,0.));
#6579=DIRECTION('',(0.,-1.,0.));
#6580=DIRECTION('',(-0.5,0.,0.866025403784439));
#6581=DIRECTION('',(0.,-1.,0.));
#6582=DIRECTION('',(1.,0.,0.));
#6583=DIRECTION('',(0.,1.,0.));
#6584=DIRECTION('',(1.,0.,0.));
#6585=DIRECTION('',(0.,1.,0.));
#6586=DIRECTION('',(-1.,0.,0.));
#6587=DIRECTION('',(0.,-1.,0.));
#6588=DIRECTION('',(1.,0.,0.));
#6589=DIRECTION('',(0.,-1.,0.));
#6590=DIRECTION('',(1.,0.,0.));
#6591=DIRECTION('',(0.,-1.,0.));
#6592=DIRECTION('',(1.,0.,0.));
#6593=DIRECTION('',(0.,1.,0.));
#6594=DIRECTION('',(1.,0.,0.));
#6595=DIRECTION('',(0.,1.,0.));
#6596=DIRECTION('',(1.,0.,0.));
#6597=DIRECTION('',(0.,0.,1.));
#6598=DIRECTION('',(1.,0.,0.));
#6599=DIRECTION('',(0.,-1.,0.));
#6600=DIRECTION('',(1.,0.,0.));
#6601=DIRECTION('',(0.,-1.,0.));
#6602=DIRECTION('',(1.,0.,0.));
#6603=DIRECTION('',(0.,-1.,0.));
#6604=DIRECTION('',(-1.,0.,0.));
#6605=DIRECTION('',(0.,-1.,0.));
#6606=DIRECTION('',(-0.5,0.,-0.866025403784439));
#6607=DIRECTION('',(0.,-1.,0.));
#6608=DIRECTION('',(0.5,0.,-0.866025403784439));
#6609=DIRECTION('',(0.,-1.,0.));
#6610=DIRECTION('',(1.,0.,-1.22464679914735E-16));
#6611=DIRECTION('',(0.,-1.,0.));
#6612=DIRECTION('',(0.5,0.,0.866025403784439));
#6613=DIRECTION('',(0.,-1.,0.));
#6614=DIRECTION('',(-0.5,0.,0.866025403784439));
#6615=DIRECTION('',(0.,-1.,0.));
#6616=DIRECTION('',(1.,0.,0.));
#6617=DIRECTION('',(0.,1.,0.));
#6618=DIRECTION('',(1.,0.,0.));
#6619=DIRECTION('',(0.,-1.,0.));
#6620=DIRECTION('',(1.,0.,0.));
#6621=DIRECTION('',(0.,1.,0.));
#6622=DIRECTION('',(1.,0.,0.));
#6623=DIRECTION('',(0.,1.,0.));
#6624=DIRECTION('',(1.,0.,0.));
#6625=DIRECTION('',(0.,1.,0.));
#6626=DIRECTION('',(1.,0.,0.));
#6627=DIRECTION('',(0.,-1.,0.));
#6628=DIRECTION('',(-1.,0.,0.));
#6629=DIRECTION('',(0.,1.,0.));
#6630=DIRECTION('',(1.,0.,0.));
#6631=DIRECTION('',(0.,1.,0.));
#6632=DIRECTION('',(1.,0.,0.));
#6633=DIRECTION('',(0.,1.,0.));
#6634=DIRECTION('',(-1.,0.,0.));
#6635=DIRECTION('',(0.,1.,0.));
#6636=DIRECTION('',(1.,0.,0.));
#6637=DIRECTION('',(0.,1.,0.));
#6638=DIRECTION('',(1.,0.,0.));
#6639=DIRECTION('',(0.,1.,0.));
#6640=DIRECTION('',(-1.,0.,0.));
#6641=DIRECTION('',(0.,1.,0.));
#6642=DIRECTION('',(-1.,0.,0.));
#6643=DIRECTION('',(0.,1.,0.));
#6644=DIRECTION('',(-1.,0.,0.));
#6645=DIRECTION('',(0.,-1.,0.));
#6646=DIRECTION('',(-1.,0.,0.));
#6647=DIRECTION('',(0.,-1.,0.));
#6648=DIRECTION('',(0.5,0.,-0.866025403784439));
#6649=DIRECTION('',(0.,1.,0.));
#6650=DIRECTION('',(-1.,0.,0.));
#6651=DIRECTION('',(0.,1.,0.));
#6652=DIRECTION('',(-1.,0.,0.));
#6653=DIRECTION('',(0.,1.,0.));
#6654=DIRECTION('',(-1.,0.,0.));
#6655=DIRECTION('',(0.,1.,0.));
#6656=DIRECTION('',(-1.,0.,0.));
#6657=DIRECTION('',(0.,-1.,0.));
#6658=DIRECTION('',(-1.,0.,0.));
#6659=DIRECTION('',(0.,1.,0.));
#6660=DIRECTION('',(-0.5,0.,-0.866025403784439));
#6661=DIRECTION('',(0.,-1.,0.));
#6662=DIRECTION('',(-0.5,0.,-0.866025403784439));
#6663=DIRECTION('',(0.,-1.,0.));
#6664=DIRECTION('',(0.5,0.,-0.866025403784439));
#6665=DIRECTION('',(0.,1.,0.));
#6666=DIRECTION('',(-0.5,0.,-0.866025403784439));
#6667=DIRECTION('',(0.,1.,0.));
#6668=DIRECTION('',(-0.5,0.,-0.866025403784439));
#6669=DIRECTION('',(0.,1.,0.));
#6670=DIRECTION('',(-0.5,0.,-0.866025403784439));
#6671=DIRECTION('',(0.,1.,0.));
#6672=DIRECTION('',(-1.,0.,0.));
#6673=DIRECTION('',(0.,-1.,0.));
#6674=DIRECTION('',(-0.5,0.,-0.866025403784439));
#6675=DIRECTION('',(0.,1.,0.));
#6676=DIRECTION('',(0.5,0.,-0.866025403784439));
#6677=DIRECTION('',(0.,-1.,0.));
#6678=DIRECTION('',(0.5,0.,-0.866025403784439));
#6679=DIRECTION('',(0.,-1.,0.));
#6680=DIRECTION('',(0.5,0.,-0.866025403784439));
#6681=DIRECTION('',(0.,1.,0.));
#6682=DIRECTION('',(0.5,0.,-0.866025403784439));
#6683=DIRECTION('',(0.,1.,0.));
#6684=DIRECTION('',(0.5,0.,-0.866025403784439));
#6685=DIRECTION('',(0.,1.,0.));
#6686=DIRECTION('',(0.5,0.,-0.866025403784439));
#6687=DIRECTION('',(0.,1.,0.));
#6688=DIRECTION('',(-1.,0.,0.));
#6689=DIRECTION('',(0.,-1.,0.));
#6690=DIRECTION('',(0.5,0.,-0.866025403784439));
#6691=DIRECTION('',(0.,1.,0.));
#6692=DIRECTION('',(1.,0.,-1.22464679914735E-16));
#6693=DIRECTION('',(0.,-1.,0.));
#6694=DIRECTION('',(1.,0.,-1.22464679914735E-16));
#6695=DIRECTION('',(0.,-1.,0.));
#6696=DIRECTION('',(0.5,0.,-0.866025403784439));
#6697=DIRECTION('',(0.,1.,0.));
#6698=DIRECTION('',(1.,0.,-1.22464679914735E-16));
#6699=DIRECTION('',(0.,1.,0.));
#6700=DIRECTION('',(1.,0.,-1.22464679914735E-16));
#6701=DIRECTION('',(0.,1.,0.));
#6702=DIRECTION('',(1.,0.,0.));
#6703=DIRECTION('',(0.,1.,0.));
#6704=DIRECTION('',(-1.,0.,0.));
#6705=DIRECTION('',(0.,-1.,0.));
#6706=DIRECTION('',(1.,0.,0.));
#6707=DIRECTION('',(0.,1.,0.));
#6708=DIRECTION('',(0.5,0.,0.866025403784439));
#6709=DIRECTION('',(0.,-1.,0.));
#6710=DIRECTION('',(0.5,0.,0.866025403784439));
#6711=DIRECTION('',(0.,-1.,0.));
#6712=DIRECTION('',(0.5,0.,-0.866025403784439));
#6713=DIRECTION('',(0.,1.,0.));
#6714=DIRECTION('',(0.5,0.,0.866025403784439));
#6715=DIRECTION('',(0.,1.,0.));
#6716=DIRECTION('',(0.5,0.,0.866025403784439));
#6717=DIRECTION('',(0.,1.,0.));
#6718=DIRECTION('',(0.5,0.,0.866025403784439));
#6719=DIRECTION('',(0.,1.,0.));
#6720=DIRECTION('',(-1.,0.,0.));
#6721=DIRECTION('',(0.,-1.,0.));
#6722=DIRECTION('',(0.5,0.,0.866025403784439));
#6723=DIRECTION('',(0.,1.,0.));
#6724=DIRECTION('',(-0.5,0.,0.866025403784439));
#6725=DIRECTION('',(0.,-1.,0.));
#6726=DIRECTION('',(-0.5,0.,0.866025403784439));
#6727=DIRECTION('',(0.,-1.,0.));
#6728=DIRECTION('',(0.5,0.,-0.866025403784439));
#6729=DIRECTION('',(0.,1.,0.));
#6730=DIRECTION('',(-0.5,0.,0.866025403784439));
#6731=DIRECTION('',(0.,1.,0.));
#6732=DIRECTION('',(-0.5,0.,0.866025403784439));
#6733=DIRECTION('',(0.,1.,0.));
#6734=DIRECTION('',(-0.5,0.,0.866025403784439));
#6735=DIRECTION('',(0.,1.,0.));
#6736=DIRECTION('',(-1.,0.,0.));
#6737=DIRECTION('',(0.,-1.,0.));
#6738=DIRECTION('',(-0.5,0.,0.866025403784439));
#6739=DIRECTION('',(0.,-1.,0.));
#6740=DIRECTION('',(1.,0.,0.));
#6741=DIRECTION('',(0.,1.,0.));
#6742=DIRECTION('',(1.,0.,0.));
#6743=DIRECTION('',(0.,1.,0.));
#6744=DIRECTION('',(-1.,0.,0.));
#6745=DIRECTION('',(0.,-1.,0.));
#6746=DIRECTION('',(1.,0.,0.));
#6747=DIRECTION('',(0.,-1.,0.));
#6748=DIRECTION('',(1.,0.,0.));
#6749=DIRECTION('',(0.,-1.,0.));
#6750=DIRECTION('',(1.,0.,0.));
#6751=DIRECTION('',(0.,1.,0.));
#6752=DIRECTION('',(1.,0.,0.));
#6753=DIRECTION('',(0.,1.,0.));
#6754=DIRECTION('',(1.,0.,0.));
#6755=CARTESIAN_POINT('',(0.,0.,0.));
#6756=CARTESIAN_POINT('',(0.0127509525831807,0.009,0.0926313664474178));
#6757=CARTESIAN_POINT('',(0.0108543800024119,0.009,0.0933716294733779));
#6758=CARTESIAN_POINT('',(0.0108543800024119,0.009,0.0933716294733779));
#6759=CARTESIAN_POINT('',(0.014106064205331,0.009,0.0910947756826166));
#6760=CARTESIAN_POINT('',(0.014106064205331,0.009,0.0910947756826166));
#6761=CARTESIAN_POINT('',(0.0146475251639496,0.009,0.0918680620713964));
#6762=CARTESIAN_POINT('',(0.0146475251639496,0.009,0.0918680620713964));
#6763=CARTESIAN_POINT('',(0.0113999997451901,0.009,0.094167957212219));
#6764=CARTESIAN_POINT('',(0.0113999997451901,0.009,0.094167957212219));
#6765=CARTESIAN_POINT('',(0.0108543800024119,0.009,0.0933716294733779));
#6766=CARTESIAN_POINT('',(0.0109847528283437,0.01425,0.09356190759116));
#6767=CARTESIAN_POINT('',(0.0108543800024119,0.01425,0.0933716294733779));
#6768=CARTESIAN_POINT('',(0.0113999997451901,0.01425,0.094167957212219));
#6769=CARTESIAN_POINT('',(0.0108543800024119,0.009,0.0933716294733779));
#6770=CARTESIAN_POINT('',(0.0113999997451901,0.009,0.094167957212219));
#6771=CARTESIAN_POINT('',(0.0146475251639496,0.009,0.0918680620713964));
#6772=CARTESIAN_POINT('',(0.0145148663976231,0.01425,0.0916786057186905));
#6773=CARTESIAN_POINT('',(0.0146475251639496,0.01425,0.0918680620713964));
#6774=CARTESIAN_POINT('',(0.014106064205331,0.01425,0.0910947756826166));
#6775=CARTESIAN_POINT('',(0.0146475251639496,0.009,0.0918680620713964));
#6776=CARTESIAN_POINT('',(0.014106064205331,0.009,0.0910947756826166));
#6777=CARTESIAN_POINT('',(0.014106064205331,0.009,0.0910947756826166));
#6778=CARTESIAN_POINT('',(0.0120834176292549,0.0100000000856817,0.0925110480623191));
#6779=CARTESIAN_POINT('',(0.0120834176292549,0.0135000002086163,0.0925110480623191));
#6780=CARTESIAN_POINT('',(0.0120834176292549,0.0110000001713634,0.0925110480623191));
#6781=CARTESIAN_POINT('',(0.0135064055373273,0.0110000001713634,0.0915146612023056));
#6782=CARTESIAN_POINT('',(0.0129025813757983,0.0110000001713634,0.0919374634319614));
#6783=CARTESIAN_POINT('',(0.0129025813757983,0.0112500001043081,0.0919374634319614));
#6784=CARTESIAN_POINT('',(0.0129025813757983,0.0135000002086163,0.0919374634319614));
#6785=CARTESIAN_POINT('',(0.0130968353540202,0.0135000002086163,0.0918014453320831));
#6786=CARTESIAN_POINT('',(0.0114687757579225,0.01425,0.0929414249339255));
#6787=CARTESIAN_POINT('',(0.0114687757579225,0.015,0.0929414249339255));
#6788=CARTESIAN_POINT('',(0.0108543800024119,0.015,0.0933716294733779));
#6789=CARTESIAN_POINT('',(0.0134917001721142,0.015,0.0915249580098799));
#6790=CARTESIAN_POINT('',(0.0134917001721142,0.01425,0.0915249580098799));
#6791=CARTESIAN_POINT('',(0.0139005023644063,0.01425,0.0921087880459537));
#6792=CARTESIAN_POINT('',(0.0139005023644063,0.015,0.0921087880459537));
#6793=CARTESIAN_POINT('',(0.0140354593687131,0.015,0.0923015266226503));
#6794=CARTESIAN_POINT('',(0.0140354593687131,0.01425,0.0923015266226503));
#6795=CARTESIAN_POINT('',(0.0113999997451901,0.009,0.094167957212219));
#6796=CARTESIAN_POINT('',(0.012636618190054,0.0100000000856817,0.0932921849285089));
#6797=CARTESIAN_POINT('',(0.012636618190054,0.0110000001713634,0.0932921849285089));
#6798=CARTESIAN_POINT('',(0.012636618190054,0.0135000002086163,0.0932921849285089));
#6799=CARTESIAN_POINT('',(0.0120183089676221,0.0135000002086163,0.0937300710703639));
#6800=CARTESIAN_POINT('',(0.0134526942830453,0.0135000002086163,0.0927142404326873));
#6801=CARTESIAN_POINT('',(0.0134526942830453,0.0112500001043081,0.0927142404326873));
#6802=CARTESIAN_POINT('',(0.0134526942830453,0.0110000001713634,0.0927142404326873));
#6803=CARTESIAN_POINT('',(0.0124263470141177,0.0110000001713634,0.0934410988224532));
#6804=CARTESIAN_POINT('',(0.0120121303775883,0.01425,0.0937344467433344));
#6805=CARTESIAN_POINT('',(0.0120121303775883,0.015,0.0937344467433344));
#6806=CARTESIAN_POINT('',(0.0146475251639496,0.015,0.0918680620713964));
#6807=CARTESIAN_POINT('',(0.0127509525831807,0.015,0.0926313664474178));
#6808=CARTESIAN_POINT('',(0.0116034565368508,0.015,0.0931379904753467));
#6809=CARTESIAN_POINT('',(0.0116034565368508,0.01425,0.0931379904753467));
#6810=CARTESIAN_POINT('',(0.0134526942830453,0.0110000001713634,0.0927142404326873));
#6811=CARTESIAN_POINT('',(0.012636618190054,0.0110000001713634,0.0932921849285089));
#6812=CARTESIAN_POINT('',(0.0134526942830453,0.0110000001713634,0.0927142404326873));
#6813=CARTESIAN_POINT('',(0.012636618190054,0.0110000001713634,0.0932921849285089));
#6814=CARTESIAN_POINT('',(0.012636618190054,0.0135000002086163,0.0932921849285089));
#6815=CARTESIAN_POINT('',(0.012636618190054,0.0135000002086163,0.0932921849285089));
#6816=CARTESIAN_POINT('',(0.0134526942830453,0.0135000002086163,0.0927142404326873));
#6817=CARTESIAN_POINT('',(0.0134526942830453,0.0135000002086163,0.0927142404326873));
#6818=CARTESIAN_POINT('',(0.,0.,0.));
#6819=CARTESIAN_POINT('',(-0.187249047416819,0.009,0.0926313664474178));
#6820=CARTESIAN_POINT('',(-0.189145619997588,0.009,0.0933716294733779));
#6821=CARTESIAN_POINT('',(-0.189145619997588,0.009,0.0933716294733779));
#6822=CARTESIAN_POINT('',(-0.185893935794669,0.009,0.0910947756826166));
#6823=CARTESIAN_POINT('',(-0.185893935794669,0.009,0.0910947756826166));
#6824=CARTESIAN_POINT('',(-0.18535247483605,0.009,0.0918680620713964));
#6825=CARTESIAN_POINT('',(-0.18535247483605,0.009,0.0918680620713964));
#6826=CARTESIAN_POINT('',(-0.18860000025481,0.009,0.094167957212219));
#6827=CARTESIAN_POINT('',(-0.18860000025481,0.009,0.094167957212219));
#6828=CARTESIAN_POINT('',(-0.189145619997588,0.009,0.0933716294733779));
#6829=CARTESIAN_POINT('',(-0.189015247171656,0.01425,0.09356190759116));
#6830=CARTESIAN_POINT('',(-0.189145619997588,0.01425,0.0933716294733779));
#6831=CARTESIAN_POINT('',(-0.18860000025481,0.01425,0.094167957212219));
#6832=CARTESIAN_POINT('',(-0.189145619997588,0.009,0.0933716294733779));
#6833=CARTESIAN_POINT('',(-0.18860000025481,0.009,0.094167957212219));
#6834=CARTESIAN_POINT('',(-0.18535247483605,0.009,0.0918680620713964));
#6835=CARTESIAN_POINT('',(-0.185485133602377,0.01425,0.0916786057186905));
#6836=CARTESIAN_POINT('',(-0.18535247483605,0.01425,0.0918680620713964));
#6837=CARTESIAN_POINT('',(-0.185893935794669,0.01425,0.0910947756826166));
#6838=CARTESIAN_POINT('',(-0.18535247483605,0.009,0.0918680620713964));
#6839=CARTESIAN_POINT('',(-0.185893935794669,0.009,0.0910947756826166));
#6840=CARTESIAN_POINT('',(-0.185893935794669,0.009,0.0910947756826166));
#6841=CARTESIAN_POINT('',(-0.187916582370745,0.0100000000856817,0.0925110480623191));
#6842=CARTESIAN_POINT('',(-0.187916582370745,0.0135000002086163,0.0925110480623191));
#6843=CARTESIAN_POINT('',(-0.187916582370745,0.0110000001713634,0.0925110480623191));
#6844=CARTESIAN_POINT('',(-0.186493594462672,0.0110000001713634,0.0915146612023056));
#6845=CARTESIAN_POINT('',(-0.187097418624202,0.0110000001713634,0.0919374634319614));
#6846=CARTESIAN_POINT('',(-0.187097418624202,0.0112500001043081,0.0919374634319614));
#6847=CARTESIAN_POINT('',(-0.187097418624202,0.0135000002086163,0.0919374634319614));
#6848=CARTESIAN_POINT('',(-0.18690316464598,0.0135000002086163,0.0918014453320831));
#6849=CARTESIAN_POINT('',(-0.188531224242078,0.01425,0.0929414249339255));
#6850=CARTESIAN_POINT('',(-0.188531224242078,0.015,0.0929414249339255));
#6851=CARTESIAN_POINT('',(-0.189145619997588,0.015,0.0933716294733779));
#6852=CARTESIAN_POINT('',(-0.186508299827886,0.015,0.0915249580098799));
#6853=CARTESIAN_POINT('',(-0.186508299827886,0.01425,0.0915249580098799));
#6854=CARTESIAN_POINT('',(-0.186099497635593,0.01425,0.0921087880459537));
#6855=CARTESIAN_POINT('',(-0.186099497635593,0.015,0.0921087880459537));
#6856=CARTESIAN_POINT('',(-0.185964540631287,0.015,0.0923015266226503));
#6857=CARTESIAN_POINT('',(-0.185964540631287,0.01425,0.0923015266226503));
#6858=CARTESIAN_POINT('',(-0.18860000025481,0.009,0.094167957212219));
#6859=CARTESIAN_POINT('',(-0.187363381809946,0.0100000000856817,0.0932921849285089));
#6860=CARTESIAN_POINT('',(-0.187363381809946,0.0110000001713634,0.0932921849285089));
#6861=CARTESIAN_POINT('',(-0.187363381809946,0.0135000002086163,0.0932921849285089));
#6862=CARTESIAN_POINT('',(-0.187981691032378,0.0135000002086163,0.0937300710703639));
#6863=CARTESIAN_POINT('',(-0.186547305716954,0.0135000002086163,0.0927142404326873));
#6864=CARTESIAN_POINT('',(-0.186547305716954,0.0112500001043081,0.0927142404326873));
#6865=CARTESIAN_POINT('',(-0.186547305716954,0.0110000001713634,0.0927142404326873));
#6866=CARTESIAN_POINT('',(-0.187573652985882,0.0110000001713634,0.0934410988224532));
#6867=CARTESIAN_POINT('',(-0.187987869622411,0.01425,0.0937344467433344));
#6868=CARTESIAN_POINT('',(-0.187987869622411,0.015,0.0937344467433344));
#6869=CARTESIAN_POINT('',(-0.18535247483605,0.015,0.0918680620713964));
#6870=CARTESIAN_POINT('',(-0.187249047416819,0.015,0.0926313664474178));
#6871=CARTESIAN_POINT('',(-0.188396543463149,0.015,0.0931379904753467));
#6872=CARTESIAN_POINT('',(-0.188396543463149,0.01425,0.0931379904753467));
#6873=CARTESIAN_POINT('',(-0.186547305716954,0.0110000001713634,0.0927142404326873));
#6874=CARTESIAN_POINT('',(-0.187363381809946,0.0110000001713634,0.0932921849285089));
#6875=CARTESIAN_POINT('',(-0.186547305716954,0.0110000001713634,0.0927142404326873));
#6876=CARTESIAN_POINT('',(-0.187363381809946,0.0110000001713634,0.0932921849285089));
#6877=CARTESIAN_POINT('',(-0.187363381809946,0.0135000002086163,0.0932921849285089));
#6878=CARTESIAN_POINT('',(-0.187363381809946,0.0135000002086163,0.0932921849285089));
#6879=CARTESIAN_POINT('',(-0.186547305716954,0.0135000002086163,0.0927142404326873));
#6880=CARTESIAN_POINT('',(-0.186547305716954,0.0135000002086163,0.0927142404326873));
#6881=CARTESIAN_POINT('',(0.,0.,0.));
#6882=CARTESIAN_POINT('',(0.,0.04097199239125,-0.0385));
#6883=CARTESIAN_POINT('',(0.,0.04097199239125,-0.0385));
#6884=CARTESIAN_POINT('',(-0.0245,0.04097199239125,-0.0385));
#6885=CARTESIAN_POINT('',(0.,0.019031091649394,-0.0385));
#6886=CARTESIAN_POINT('',(0.,0.006953798,-0.0385));
#6887=CARTESIAN_POINT('',(-0.010033092,0.006953798,-0.0385));
#6888=CARTESIAN_POINT('',(0.,0.020971992391256,-0.0385));
#6889=CARTESIAN_POINT('',(0.,0.020971992391256,-0.0385));
#6890=CARTESIAN_POINT('',(-0.0245,0.020971992391256,-0.0385));
#6891=CARTESIAN_POINT('',(0.,2.51539999999925E-5,-0.0385));
#6892=CARTESIAN_POINT('',(0.,2.51539999999925E-5,-0.0385));
#6893=CARTESIAN_POINT('',(-0.04366544,2.51539999999925E-5,-0.0385));
#6894=CARTESIAN_POINT('',(0.,0.020971992391256,-0.0385));
#6895=CARTESIAN_POINT('',(0.,0.020971992391256,-0.0385));
#6896=CARTESIAN_POINT('',(-0.023,0.020971992391256,-0.0385));
#6897=CARTESIAN_POINT('',(0.,-0.001181574,-0.0385));
#6898=CARTESIAN_POINT('',(0.,-0.001181574,-0.0385));
#6899=CARTESIAN_POINT('',(-0.045438213,-0.001181574,-0.0385));
#6900=CARTESIAN_POINT('',(0.,0.017971992391256,-0.0385));
#6901=CARTESIAN_POINT('',(0.,0.017971992391256,-0.0385));
#6902=CARTESIAN_POINT('',(-0.0245,0.017971992391256,-0.0385));
#6903=CARTESIAN_POINT('',(0.,-0.001181574,-0.0385));
#6904=CARTESIAN_POINT('',(0.,-0.001181574,-0.0385));
#6905=CARTESIAN_POINT('',(-0.04992894,-0.001181574,-0.0385));
#6906=CARTESIAN_POINT('',(0.,0.017971992391256,-0.0385));
#6907=CARTESIAN_POINT('',(0.,0.017971992391256,-0.0385));
#6908=CARTESIAN_POINT('',(-0.027,0.017971992391256,-0.0385));
#6909=CARTESIAN_POINT('',(0.,-0.001181574,-0.0385));
#6910=CARTESIAN_POINT('',(0.,-0.000500000000000007,-0.0385));
#6911=CARTESIAN_POINT('',(-0.04992894,-0.000500000000000007,-0.0385));
#6912=CARTESIAN_POINT('',(0.,0.00305388528752499,-0.0385));
#6913=CARTESIAN_POINT('',(0.,0.00305388528752499,-0.0385));
#6914=CARTESIAN_POINT('',(-0.046,0.00305388528752499,-0.0385));
#6915=CARTESIAN_POINT('',(1.652086211727E-7,-0.000500000000000007,-0.0384997563598357));
#6916=CARTESIAN_POINT('',(0.0404998157098501,-0.000500000000000014,-0.0790003408481808));
#6917=CARTESIAN_POINT('',(0.0422878197050712,-0.000500000000000014,-0.0772525158935892));
#6918=CARTESIAN_POINT('',(0.0387121802948937,-0.000500000000000014,-0.0807474841063747));
#6919=CARTESIAN_POINT('',(-0.04024625556523,-0.0005,0.00528170653979899));
#6920=CARTESIAN_POINT('',(0.0437878197050711,-0.000500000000000014,-0.0787525158935891));
#6921=CARTESIAN_POINT('',(0.0419996591518192,-0.000500000000000014,-0.0805001842901499));
#6922=CARTESIAN_POINT('',(0.0402121802948937,-0.000500000000000014,-0.0822474841063747));
#6923=CARTESIAN_POINT('',(-0.04376778077493,-0.0005,0.00173221922506699));
#6924=CARTESIAN_POINT('',(-0.0420001887624628,-0.0005,0.00349966362413214));
#6925=CARTESIAN_POINT('',(-0.0402462555651446,-0.0005,0.00528170653971354));
#6926=CARTESIAN_POINT('',(-0.043767780774931,-0.0005,0.00173221922506799));
#6927=CARTESIAN_POINT('',(-0.04024625556523,-0.0005,0.00528170653979899));
#6928=CARTESIAN_POINT('',(-0.0387462555651659,-0.0005,0.00378170653973494));
#6929=CARTESIAN_POINT('',(-0.0405003355047059,-0.0005,0.00199981036637524));
#6930=CARTESIAN_POINT('',(-0.042267780774931,-0.0005,0.000232219225067991));
#6931=CARTESIAN_POINT('',(-0.04376778077493,-0.0005,0.00173221922506699));
#6932=CARTESIAN_POINT('',(0.042,-0.0005,0.0035));
#6933=CARTESIAN_POINT('',(0.0438230169244195,-0.0005,0.00178880952878454));
#6934=CARTESIAN_POINT('',(0.0402320119435501,-0.0005,0.00526798805644994));
#6935=CARTESIAN_POINT('',(0.043823016924421,-0.0005,0.00178880952878599));
#6936=CARTESIAN_POINT('',(0.0423230169244196,-0.0005,0.000288809528784538));
#6937=CARTESIAN_POINT('',(0.0405,-0.0005,0.002));
#6938=CARTESIAN_POINT('',(0.0387320119435501,-0.0005,0.00376798805644994));
#6939=CARTESIAN_POINT('',(0.04023201194355,-0.0005,0.00526798805644999));
#6940=CARTESIAN_POINT('',(-0.0405000454590803,-0.000500000000000014,-0.0790000684378424));
#6941=CARTESIAN_POINT('',(-0.0386144910604415,-0.000500000000000014,-0.0806420940604416));
#6942=CARTESIAN_POINT('',(-0.0423578857443584,-0.000500000000000014,-0.0773267504734683));
#6943=CARTESIAN_POINT('',(-0.038616917,-0.000500000000000014,-0.08064452));
#6944=CARTESIAN_POINT('',(-0.0401147081913035,-0.000500000000000014,-0.0821423111913035));
#6945=CARTESIAN_POINT('',(-0.0419999557463192,-0.000500000000000014,-0.0804999332835716));
#6946=CARTESIAN_POINT('',(-0.0438582070898015,-0.000500000000000014,-0.0788270718189115));
#6947=CARTESIAN_POINT('',(-0.04235498090242,-0.000500000000000014,-0.07732384563153));
#6948=CARTESIAN_POINT('',(-0.04999999999999,-0.000500000000000014,-0.07300000000001));
#6949=CARTESIAN_POINT('',(-0.0499999999999903,-0.000500000000000014,-0.07300000000001));
#6950=CARTESIAN_POINT('',(-0.04999999999999,-0.0005,-0.00399999999998351));
#6951=CARTESIAN_POINT('',(-0.03450000000001,-0.000500000000000014,-0.07300000000001));
#6952=CARTESIAN_POINT('',(-0.03450000000001,-0.000500000000000014,-0.0885));
#6953=CARTESIAN_POINT('',(0.034500000000017,-0.000500000000000014,-0.0885));
#6954=CARTESIAN_POINT('',(0.034500000000017,-0.000500000000000014,-0.0885));
#6955=CARTESIAN_POINT('',(0.034500000000017,-0.000500000000000014,-0.07300000000001));
#6956=CARTESIAN_POINT('',(0.049999999999998,-0.000500000000000014,-0.07300000000001));
#6957=CARTESIAN_POINT('',(0.049999999999998,-0.0005,-0.00399999999998101));
#6958=CARTESIAN_POINT('',(0.049999999999998,-0.0005,-0.00399999999998101));
#6959=CARTESIAN_POINT('',(0.034500000000017,-0.0005,-0.00399999999998101));
#6960=CARTESIAN_POINT('',(0.034500000000017,-0.0005,0.0115));
#6961=CARTESIAN_POINT('',(-0.03450000000001,-0.0005,0.0115));
#6962=CARTESIAN_POINT('',(-0.03450000000001,-0.0005,0.0115));
#6963=CARTESIAN_POINT('',(-0.03450000000001,-0.0005,-0.00399999999998101));
#6964=CARTESIAN_POINT('',(0.,0.00105388528752499,-0.0385));
#6965=CARTESIAN_POINT('',(0.,0.00105388528752499,-0.0385));
#6966=CARTESIAN_POINT('',(-0.046,0.00105388528752499,-0.0385));
#6967=CARTESIAN_POINT('',(-0.0419999557463192,-0.000250000000000014,-0.0804999332835716));
#6968=CARTESIAN_POINT('',(-0.0438582070898015,-1.38777878078145E-17,-0.0788270718189115));
#6969=CARTESIAN_POINT('',(-0.0438582070898015,-1.38777878078145E-17,-0.0788270718189115));
#6970=CARTESIAN_POINT('',(-0.0401147081913035,-1.38777878078145E-17,-0.0821423111913035));
#6971=CARTESIAN_POINT('',(-0.0401147081913035,-1.38777878078145E-17,-0.0821423111913035));
#6972=CARTESIAN_POINT('',(-0.0419999557463192,-1.38777878078145E-17,-0.0804999332835716));
#6973=CARTESIAN_POINT('',(-0.04235498090242,-1.38777878078145E-17,-0.07732384563153));
#6974=CARTESIAN_POINT('',(-0.0423578857443584,-1.38777878078145E-17,-0.0773267504734683));
#6975=CARTESIAN_POINT('',(-0.0423578857443584,-1.38777878078145E-17,-0.0773267504734683));
#6976=CARTESIAN_POINT('',(-0.04235498090242,-1.38777878078145E-17,-0.07732384563153));
#6977=CARTESIAN_POINT('',(-0.038616917,-1.38777878078145E-17,-0.08064452));
#6978=CARTESIAN_POINT('',(-0.038616917,-1.38777878078145E-17,-0.08064452));
#6979=CARTESIAN_POINT('',(-0.0386144910604415,-1.38777878078145E-17,-0.0806420940604416));
#6980=CARTESIAN_POINT('',(-0.0386144910604415,-1.38777878078145E-17,-0.0806420940604416));
#6981=CARTESIAN_POINT('',(-0.0405000454590803,-0.000250000000000014,-0.0790000684378424));
#6982=CARTESIAN_POINT('',(-0.0405000454590803,-1.38777878078145E-17,-0.0790000684378424));
#6983=CARTESIAN_POINT('',(-0.03450000000001,-1.38777878078145E-17,-0.07300000000001));
#6984=CARTESIAN_POINT('',(-0.03450000000001,-1.38777878078145E-17,-0.07300000000001));
#6985=CARTESIAN_POINT('',(-0.0499999999999903,-1.38777878078145E-17,-0.07300000000001));
#6986=CARTESIAN_POINT('',(-0.03450000000001,-1.38777878078145E-17,-0.0885));
#6987=CARTESIAN_POINT('',(-0.03450000000001,-1.38777878078145E-17,-0.0885));
#6988=CARTESIAN_POINT('',(-0.04999999999999,-1.38777878078145E-17,-0.07300000000001));
#6989=CARTESIAN_POINT('',(0.0419996591518192,-0.000250000000000014,-0.0805001842901499));
#6990=CARTESIAN_POINT('',(0.040212051425738,-0.000500000000000006,-0.082247612975601));
#6991=CARTESIAN_POINT('',(0.040212051425738,-0.00033333333333334,-0.082247612975601));
#6992=CARTESIAN_POINT('',(0.040212051425738,-0.000166666666666674,-0.082247612975601));
#6993=CARTESIAN_POINT('',(0.040212051425738,-8.61172858682762E-18,-0.082247612975601));
#6994=CARTESIAN_POINT('',(0.0402121802948937,-1.38777878078145E-17,-0.0822474841063747));
#6995=CARTESIAN_POINT('',(0.0437878932865955,-8.61505452247664E-18,-0.0787524423120265));
#6996=CARTESIAN_POINT('',(0.0437878932865955,-0.000166666666666674,-0.0787524423120265));
#6997=CARTESIAN_POINT('',(0.0437878932865955,-0.00033333333333334,-0.0787524423120265));
#6998=CARTESIAN_POINT('',(0.0437878932865955,-0.000500000000000006,-0.0787524423120265));
#6999=CARTESIAN_POINT('',(0.0437878197050711,-1.38777878078145E-17,-0.0787525158935891));
#7000=CARTESIAN_POINT('',(0.0419996591518192,-1.38777878078145E-17,-0.0805001842901499));
#7001=CARTESIAN_POINT('',(-0.04376778077493,0.,0.00173221922506699));
#7002=CARTESIAN_POINT('',(0.0387120514257381,-8.51988007689157E-18,-0.0807476129756011));
#7003=CARTESIAN_POINT('',(0.0387120514257381,-0.000166666666666674,-0.0807476129756011));
#7004=CARTESIAN_POINT('',(0.0387120514257381,-0.00033333333333334,-0.0807476129756011));
#7005=CARTESIAN_POINT('',(0.0387120514257381,-0.000500000000000006,-0.0807476129756011));
#7006=CARTESIAN_POINT('',(0.0387121802948937,-1.38777878078145E-17,-0.0807474841063747));
#7007=CARTESIAN_POINT('',(-0.04376778077493,0.,0.00173221922506699));
#7008=CARTESIAN_POINT('',(-0.04024625556523,0.,0.00528170653979899));
#7009=CARTESIAN_POINT('',(-0.04024625556523,0.,0.00528170653979899));
#7010=CARTESIAN_POINT('',(0.0422878197050712,-1.38777878078145E-17,-0.0772525158935892));
#7011=CARTESIAN_POINT('',(0.0422878932865955,-0.000500000000000006,-0.0772524423120265));
#7012=CARTESIAN_POINT('',(0.0422878932865955,-0.00033333333333334,-0.0772524423120265));
#7013=CARTESIAN_POINT('',(0.0422878932865955,-0.000166666666666674,-0.0772524423120265));
#7014=CARTESIAN_POINT('',(0.0422878932865955,-8.52320601254059E-18,-0.0772524423120265));
#7015=CARTESIAN_POINT('',(0.0404998157098501,-0.000250000000000014,-0.0790003408481808));
#7016=CARTESIAN_POINT('',(0.0404998157098501,-1.38777878078145E-17,-0.0790003408481808));
#7017=CARTESIAN_POINT('',(0.034500000000017,-1.38777878078145E-17,-0.0885));
#7018=CARTESIAN_POINT('',(0.034500000000017,-1.38777878078145E-17,-0.0885));
#7019=CARTESIAN_POINT('',(0.034500000000017,-1.38777878078145E-17,-0.0885));
#7020=CARTESIAN_POINT('',(0.034500000000017,-1.38777878078145E-17,-0.0885));
#7021=CARTESIAN_POINT('',(4.59242549680257E-18,-1.38777878078145E-17,-0.0885));
#7022=CARTESIAN_POINT('',(0.034500000000017,-1.38777878078145E-17,-0.0885));
#7023=CARTESIAN_POINT('',(0.034500000000017,-1.38777878078145E-17,-0.07300000000001));
#7024=CARTESIAN_POINT('',(0.034500000000017,-1.38777878078145E-17,-0.07300000000001));
#7025=CARTESIAN_POINT('',(0.049999999999998,-1.38777878078145E-17,-0.07300000000001));
#7026=CARTESIAN_POINT('',(0.049999999999998,-1.38777878078145E-17,-0.07300000000001));
#7027=CARTESIAN_POINT('',(0.0405,0.,0.002));
#7028=CARTESIAN_POINT('',(0.03873201194355,0.,0.00376798805644999));
#7029=CARTESIAN_POINT('',(0.0387320119435501,0.,0.00376798805644994));
#7030=CARTESIAN_POINT('',(0.042323016924421,0.,0.000288809528785988));
#7031=CARTESIAN_POINT('',(0.0423230169244196,0.,0.000288809528784538));
#7032=CARTESIAN_POINT('',(0.0405,0.,0.002));
#7033=CARTESIAN_POINT('',(0.04023201194355,0.,0.00526798805644999));
#7034=CARTESIAN_POINT('',(0.04023201194355,0.,0.00526798805644999));
#7035=CARTESIAN_POINT('',(0.0402320119435501,0.,0.00526798805644994));
#7036=CARTESIAN_POINT('',(0.04023201194355,0.,0.00526798805644999));
#7037=CARTESIAN_POINT('',(0.043823016924421,0.,0.00178880952878599));
#7038=CARTESIAN_POINT('',(0.043823016924421,0.,0.00178880952878599));
#7039=CARTESIAN_POINT('',(0.0438230169244195,0.,0.00178880952878454));
#7040=CARTESIAN_POINT('',(0.043823016924421,0.,0.00178880952878599));
#7041=CARTESIAN_POINT('',(0.042,0.,0.0035));
#7042=CARTESIAN_POINT('',(0.042,0.,0.0035));
#7043=CARTESIAN_POINT('',(0.049999999999998,0.,-0.00399999999998101));
#7044=CARTESIAN_POINT('',(0.049999999999998,0.,-0.00399999999998101));
#7045=CARTESIAN_POINT('',(0.049999999999998,0.,-0.00399999999998101));
#7046=CARTESIAN_POINT('',(0.049999999999998,0.,-0.00399999999998101));
#7047=CARTESIAN_POINT('',(0.049999999999999,-6.93889390390723E-18,-0.0385));
#7048=CARTESIAN_POINT('',(0.049999999999998,0.,-0.00399999999998101));
#7049=CARTESIAN_POINT('',(0.034500000000017,0.,-0.00399999999998101));
#7050=CARTESIAN_POINT('',(0.034500000000017,0.,-0.00399999999998101));
#7051=CARTESIAN_POINT('',(0.034500000000017,0.,0.0115));
#7052=CARTESIAN_POINT('',(0.034500000000017,0.,0.0115));
#7053=CARTESIAN_POINT('',(-0.0405003355047059,-0.00025,0.00199981036637524));
#7054=CARTESIAN_POINT('',(-0.04226778077493,-0.000500000000000001,0.000232219225066982));
#7055=CARTESIAN_POINT('',(-0.04226778077493,-0.000333333333333335,0.000232219225066982));
#7056=CARTESIAN_POINT('',(-0.04226778077493,-0.000166666666666669,0.000232219225066982));
#7057=CARTESIAN_POINT('',(-0.04226778077493,-3.56129546188967E-18,0.000232219225066982));
#7058=CARTESIAN_POINT('',(-0.042267780774931,0.,0.000232219225067991));
#7059=CARTESIAN_POINT('',(-0.03874625556523,-3.56129546188967E-18,0.00378170653979899));
#7060=CARTESIAN_POINT('',(-0.03874625556523,-0.000166666666666669,0.00378170653979899));
#7061=CARTESIAN_POINT('',(-0.03874625556523,-0.000333333333333335,0.00378170653979899));
#7062=CARTESIAN_POINT('',(-0.03874625556523,-0.000500000000000001,0.00378170653979899));
#7063=CARTESIAN_POINT('',(-0.0387462555651445,0.,0.00378170653971354));
#7064=CARTESIAN_POINT('',(-0.0405003355047059,0.,0.00199981036637524));
#7065=CARTESIAN_POINT('',(-0.04376778077493,0.,0.00173221922506699));
#7066=CARTESIAN_POINT('',(-0.04376778077493,-3.46944695195362E-18,0.00173221922506699));
#7067=CARTESIAN_POINT('',(-0.04376778077493,-0.000166666666666669,0.00173221922506699));
#7068=CARTESIAN_POINT('',(-0.04376778077493,-0.000333333333333335,0.00173221922506699));
#7069=CARTESIAN_POINT('',(-0.04376778077493,-0.000500000000000001,0.00173221922506699));
#7070=CARTESIAN_POINT('',(-0.043767780774931,0.,0.00173221922506799));
#7071=CARTESIAN_POINT('',(-0.04376778077493,0.,0.00173221922506699));
#7072=CARTESIAN_POINT('',(-0.04024625556523,0.,0.00528170653979899));
#7073=CARTESIAN_POINT('',(-0.04024625556523,0.,0.00528170653979899));
#7074=CARTESIAN_POINT('',(-0.0402462555651446,0.,0.00528170653971354));
#7075=CARTESIAN_POINT('',(-0.04024625556523,-0.000500000000000001,0.00528170653979899));
#7076=CARTESIAN_POINT('',(-0.04024625556523,-0.000333333333333335,0.00528170653979899));
#7077=CARTESIAN_POINT('',(-0.04024625556523,-0.000166666666666669,0.00528170653979899));
#7078=CARTESIAN_POINT('',(-0.04024625556523,-3.46944695195362E-18,0.00528170653979899));
#7079=CARTESIAN_POINT('',(-0.0420001887624628,-0.00025,0.00349966362413214));
#7080=CARTESIAN_POINT('',(-0.0420001887624628,0.,0.00349966362413214));
#7081=CARTESIAN_POINT('',(-0.03450000000001,0.,0.0115));
#7082=CARTESIAN_POINT('',(-0.03450000000001,0.,0.0115));
#7083=CARTESIAN_POINT('',(-0.03450000000001,0.,0.0115));
#7084=CARTESIAN_POINT('',(-0.03450000000001,0.,0.0115));
#7085=CARTESIAN_POINT('',(-1.53080849893419E-18,0.,0.0115));
#7086=CARTESIAN_POINT('',(-0.03450000000001,0.,0.0115));
#7087=CARTESIAN_POINT('',(-0.03450000000001,0.,-0.00399999999998101));
#7088=CARTESIAN_POINT('',(-0.03450000000001,0.,-0.00399999999998101));
#7089=CARTESIAN_POINT('',(-0.04999999999999,0.,-0.00399999999998351));
#7090=CARTESIAN_POINT('',(-0.04999999999999,0.,-0.00399999999998601));
#7091=CARTESIAN_POINT('',(-0.04999999999999,-1.38777878078145E-17,-0.07300000000001));
#7092=CARTESIAN_POINT('',(-0.04999999999999,-1.38777878078145E-17,-0.07300000000001));
#7093=CARTESIAN_POINT('',(-0.049999999999996,-6.93889390390723E-18,-0.0385));
#7094=CARTESIAN_POINT('',(-0.04999999999999,-1.38777878078145E-17,-0.07300000000001));
#7095=CARTESIAN_POINT('',(0.,0.00105388528752499,-0.0385));
#7096=CARTESIAN_POINT('',(0.,0.00105388528752499,-0.0385));
#7097=CARTESIAN_POINT('',(-0.05,0.00105388528752499,-0.0385));
#7098=CARTESIAN_POINT('',(1.652086211727E-7,-6.93889390390723E-18,-0.0384997563598357));
#7099=CARTESIAN_POINT('',(0.,-6.93889390390723E-18,-0.0385));
#7100=CARTESIAN_POINT('',(1.652086211727E-7,-6.93889390390723E-18,-0.0384997563598357));
#7101=CARTESIAN_POINT('',(0.,-6.93889390390723E-18,-0.0385));
#7102=CARTESIAN_POINT('',(1.652086211727E-7,-6.93889390390723E-18,-0.0384997563598357));
#7103=CARTESIAN_POINT('',(0.,-6.93889390390723E-18,-0.0385));
#7104=CARTESIAN_POINT('',(1.652086211727E-7,-6.93889390390723E-18,-0.0384997563598357));
#7105=CARTESIAN_POINT('',(0.,-6.93889390390723E-18,-0.0385));
#7106=CARTESIAN_POINT('',(0.,-2.80110000000083E-5,-0.0385));
#7107=CARTESIAN_POINT('',(0.,0.,0.));
#7108=CARTESIAN_POINT('',(-0.0112973996831452,0.009,0.0936491551452094));
#7109=CARTESIAN_POINT('',(-0.0126416854119827,0.009,0.0921201447525135));
#7110=CARTESIAN_POINT('',(-0.0126416854119827,0.009,0.0921201447525135));
#7111=CARTESIAN_POINT('',(-0.00939000120906367,0.009,0.0943969985432749));
#7112=CARTESIAN_POINT('',(-0.00939000120906367,0.009,0.0943969985432749));
#7113=CARTESIAN_POINT('',(-0.00993146216768227,0.009,0.0951702849320547));
#7114=CARTESIAN_POINT('',(-0.00993146216768227,0.009,0.0951702849320547));
#7115=CARTESIAN_POINT('',(-0.0132033757692725,0.009,0.0929052197259299));
#7116=CARTESIAN_POINT('',(-0.0132033757692725,0.009,0.0929052197259299));
#7117=CARTESIAN_POINT('',(-0.0126416854119827,0.009,0.0921201447525135));
#7118=CARTESIAN_POINT('',(-0.0127758982225485,0.01425,0.0923077340841081));
#7119=CARTESIAN_POINT('',(-0.0126416854119827,0.01425,0.0921201447525135));
#7120=CARTESIAN_POINT('',(-0.0132033757692725,0.01425,0.0929052197259299));
#7121=CARTESIAN_POINT('',(-0.0126416854119827,0.009,0.0921201447525135));
#7122=CARTESIAN_POINT('',(-0.0132033757692725,0.009,0.0929052197259299));
#7123=CARTESIAN_POINT('',(-0.00993146216768227,0.009,0.0951702849320547));
#7124=CARTESIAN_POINT('',(-0.00979880340135581,0.01425,0.0949808285793488));
#7125=CARTESIAN_POINT('',(-0.00993146216768227,0.01425,0.0951702849320547));
#7126=CARTESIAN_POINT('',(-0.00939000120906367,0.01425,0.0943969985432749));
#7127=CARTESIAN_POINT('',(-0.00993146216768227,0.009,0.0951702849320547));
#7128=CARTESIAN_POINT('',(-0.00939000120906367,0.009,0.0943969985432749));
#7129=CARTESIAN_POINT('',(-0.00939000120906367,0.009,0.0943969985432749));
#7130=CARTESIAN_POINT('',(-0.0114126477851397,0.0100000000856817,0.0929807261635723));
#7131=CARTESIAN_POINT('',(-0.0114126477851397,0.0135000002086163,0.0929807261635723));
#7132=CARTESIAN_POINT('',(-0.0114126477851397,0.0110000001713634,0.0929807261635723));
#7133=CARTESIAN_POINT('',(-0.00998965987706737,0.0110000001713634,0.0939771130235859));
#7134=CARTESIAN_POINT('',(-0.0105934840385964,0.0110000001713634,0.0935543107939301));
#7135=CARTESIAN_POINT('',(-0.0105934840385964,0.0112500001043081,0.0935543107939301));
#7136=CARTESIAN_POINT('',(-0.0105934840385964,0.0135000002086163,0.0935543107939301));
#7137=CARTESIAN_POINT('',(-0.0103992300603744,0.0135000002086163,0.0936903288938084));
#7138=CARTESIAN_POINT('',(-0.0120272896564721,0.01425,0.0925503492919661));
#7139=CARTESIAN_POINT('',(-0.0120272896564721,0.015,0.0925503492919661));
#7140=CARTESIAN_POINT('',(-0.0126416854119827,0.015,0.0921201447525135));
#7141=CARTESIAN_POINT('',(-0.0100043652422804,0.015,0.0939668162160116));
#7142=CARTESIAN_POINT('',(-0.0100043652422804,0.01425,0.0939668162160116));
#7143=CARTESIAN_POINT('',(-0.0104131674345726,0.01425,0.0945506462520855));
#7144=CARTESIAN_POINT('',(-0.0104131674345726,0.015,0.0945506462520855));
#7145=CARTESIAN_POINT('',(-0.0105481244388793,0.015,0.0947433848287819));
#7146=CARTESIAN_POINT('',(-0.0105481244388793,0.01425,0.0947433848287819));
#7147=CARTESIAN_POINT('',(-0.0132033757692725,0.009,0.0929052197259299));
#7148=CARTESIAN_POINT('',(-0.0119574705990296,0.0100000000856817,0.0937677291913011));
#7149=CARTESIAN_POINT('',(-0.0119574705990296,0.0110000001713634,0.0937677291913011));
#7150=CARTESIAN_POINT('',(-0.0119574705990296,0.0135000002086163,0.0937677291913011));
#7151=CARTESIAN_POINT('',(-0.0125804231841511,0.0135000002086163,0.0933364744586156));
#7152=CARTESIAN_POINT('',(-0.0111352659587928,0.0135000002086163,0.0943369212145896));
#7153=CARTESIAN_POINT('',(-0.0111352659587928,0.0112500001043081,0.0943369212145896));
#7154=CARTESIAN_POINT('',(-0.0111352659587928,0.0110000001713634,0.0943369212145896));
#7155=CARTESIAN_POINT('',(-0.0121693208640327,0.0110000001713634,0.0936210704702598));
#7156=CARTESIAN_POINT('',(-0.0125866481740013,0.01425,0.0933321650514504));
#7157=CARTESIAN_POINT('',(-0.0125866481740013,0.015,0.0933321650514504));
#7158=CARTESIAN_POINT('',(-0.00993146216768227,0.015,0.0951702849320547));
#7159=CARTESIAN_POINT('',(-0.0112973996831452,0.015,0.0936491551452094));
#7160=CARTESIAN_POINT('',(-0.0121659373059342,0.015,0.0927441372007365));
#7161=CARTESIAN_POINT('',(-0.0121659373059342,0.01425,0.0927441372007365));
#7162=CARTESIAN_POINT('',(-0.0111352659587928,0.0110000001713634,0.0943369212145896));
#7163=CARTESIAN_POINT('',(-0.0119574705990296,0.0110000001713634,0.0937677291913011));
#7164=CARTESIAN_POINT('',(-0.0111352659587928,0.0110000001713634,0.0943369212145896));
#7165=CARTESIAN_POINT('',(-0.0119574705990296,0.0110000001713634,0.0937677291913011));
#7166=CARTESIAN_POINT('',(-0.0119574705990296,0.0135000002086163,0.0937677291913011));
#7167=CARTESIAN_POINT('',(-0.0119574705990296,0.0135000002086163,0.0937677291913011));
#7168=CARTESIAN_POINT('',(-0.0111352659587928,0.0135000002086163,0.0943369212145896));
#7169=CARTESIAN_POINT('',(-0.0111352659587928,0.0135000002086163,0.0943369212145896));
#7170=CARTESIAN_POINT('',(0.,0.,0.));
#7171=CARTESIAN_POINT('',(-0.132,0.1,-3.77475828372553E-18));
#7172=CARTESIAN_POINT('',(-0.132,0.1,-0.118));
#7173=CARTESIAN_POINT('',(-0.132,0.007,-0.118));
#7174=CARTESIAN_POINT('',(-0.132,0.193,-0.118));
#7175=CARTESIAN_POINT('',(-0.132,0.007,-3.77475828372553E-18));
#7176=CARTESIAN_POINT('',(-0.132,0.007,0.118));
#7177=CARTESIAN_POINT('',(-0.132,0.1,0.118));
#7178=CARTESIAN_POINT('',(-0.132,0.193,0.118));
#7179=CARTESIAN_POINT('',(-0.132,0.193,-3.77475828372553E-18));
#7180=CARTESIAN_POINT('',(-0.268,0.1,-2.39808173319034E-17));
#7181=CARTESIAN_POINT('',(-0.268,0.1,-0.118));
#7182=CARTESIAN_POINT('',(-0.268,0.193,-0.118));
#7183=CARTESIAN_POINT('',(-0.268,0.007,-0.118));
#7184=CARTESIAN_POINT('',(-0.268,0.193,-2.39808173319034E-17));
#7185=CARTESIAN_POINT('',(-0.268,0.193,0.118));
#7186=CARTESIAN_POINT('',(-0.268,0.1,0.118));
#7187=CARTESIAN_POINT('',(-0.268,0.007,0.118));
#7188=CARTESIAN_POINT('',(-0.268,0.007,3.77475828372553E-18));
#7189=CARTESIAN_POINT('',(-0.2,0.007,0.));
#7190=CARTESIAN_POINT('',(-0.2,0.007,0.0762134715914726));
#7191=CARTESIAN_POINT('',(-0.2,0.007,0.0562134715914726));
#7192=CARTESIAN_POINT('',(-0.2,0.007,-0.0387293249368668));
#7193=CARTESIAN_POINT('',(-0.2,0.007,-0.0887293249368667));
#7194=CARTESIAN_POINT('',(-0.2,0.007,-0.118));
#7195=CARTESIAN_POINT('',(-0.2,0.007,0.118));
#7196=CARTESIAN_POINT('',(-0.2,0.193,-2.77555756156289E-17));
#7197=CARTESIAN_POINT('',(-0.2,0.193,-0.118));
#7198=CARTESIAN_POINT('',(-0.2,0.193,0.118));
#7199=CARTESIAN_POINT('',(-0.2,0.007,-0.125));
#7200=CARTESIAN_POINT('',(-0.275,0.001,-0.125));
#7201=CARTESIAN_POINT('',(-0.126,0.001,-0.125));
#7202=CARTESIAN_POINT('',(-0.274,0.001,-0.125));
#7203=CARTESIAN_POINT('',(-0.274,0.007,-0.125));
#7204=CARTESIAN_POINT('',(-0.274,0.199,-0.125));
#7205=CARTESIAN_POINT('',(-0.2,0.199,-0.125));
#7206=CARTESIAN_POINT('',(-0.126,0.199,-0.125));
#7207=CARTESIAN_POINT('',(-0.126,0.,-0.125));
#7208=CARTESIAN_POINT('',(-0.125,0.007,0.));
#7209=CARTESIAN_POINT('',(-0.125,0.2,-0.124));
#7210=CARTESIAN_POINT('',(-0.125,0.001,-0.124));
#7211=CARTESIAN_POINT('',(-0.125,0.199,-0.124));
#7212=CARTESIAN_POINT('',(-0.125,0.199,0.125));
#7213=CARTESIAN_POINT('',(-0.125,0.199,0.124));
#7214=CARTESIAN_POINT('',(-0.125,0.007,0.124));
#7215=CARTESIAN_POINT('',(-0.125,0.001,0.124));
#7216=CARTESIAN_POINT('',(-0.125,0.001,0.));
#7217=CARTESIAN_POINT('',(-0.2,0.007,0.125));
#7218=CARTESIAN_POINT('',(-0.275,0.199,0.125));
#7219=CARTESIAN_POINT('',(-0.126,0.199,0.125));
#7220=CARTESIAN_POINT('',(-0.274,0.199,0.125));
#7221=CARTESIAN_POINT('',(-0.274,0.,0.125));
#7222=CARTESIAN_POINT('',(-0.274,0.001,0.125));
#7223=CARTESIAN_POINT('',(-0.2,0.001,0.125));
#7224=CARTESIAN_POINT('',(-0.126,0.001,0.125));
#7225=CARTESIAN_POINT('',(-0.126,0.007,0.125));
#7226=CARTESIAN_POINT('',(-0.2,0.007,-0.0387293249368668));
#7227=CARTESIAN_POINT('',(-0.2,0.001,-0.0387293249368668));
#7228=CARTESIAN_POINT('',(-0.2,0.001,-0.0887293249368667));
#7229=CARTESIAN_POINT('',(-0.2,0.007,0.0762134715914726));
#7230=CARTESIAN_POINT('',(-0.2,0.001,0.0762134715914726));
#7231=CARTESIAN_POINT('',(-0.2,0.001,0.0562134715914726));
#7232=CARTESIAN_POINT('',(-0.275,0.007,0.));
#7233=CARTESIAN_POINT('',(-0.275,0.2,0.124));
#7234=CARTESIAN_POINT('',(-0.275,0.001,0.124));
#7235=CARTESIAN_POINT('',(-0.275,0.199,0.124));
#7236=CARTESIAN_POINT('',(-0.275,0.199,0.));
#7237=CARTESIAN_POINT('',(-0.275,0.199,-0.124));
#7238=CARTESIAN_POINT('',(-0.275,0.007,-0.124));
#7239=CARTESIAN_POINT('',(-0.275,0.001,-0.124));
#7240=CARTESIAN_POINT('',(-0.275,0.001,0.125));
#7241=CARTESIAN_POINT('',(-0.2,0.,0.));
#7242=CARTESIAN_POINT('',(-0.2,0.,0.0762134715914726));
#7243=CARTESIAN_POINT('',(-0.2,0.,0.0552134715914726));
#7244=CARTESIAN_POINT('',(-0.2,0.,-0.0387293249368668));
#7245=CARTESIAN_POINT('',(-0.2,0.,-0.0897293249368668));
#7246=CARTESIAN_POINT('',(-0.274,0.,-0.125));
#7247=CARTESIAN_POINT('',(-0.274,0.,0.124));
#7248=CARTESIAN_POINT('',(-0.274,0.,-0.124));
#7249=CARTESIAN_POINT('',(-0.125,0.,-0.124));
#7250=CARTESIAN_POINT('',(-0.126,0.,-0.124));
#7251=CARTESIAN_POINT('',(-0.126,0.,-4.10782519111308E-18));
#7252=CARTESIAN_POINT('',(-0.126,0.,0.124));
#7253=CARTESIAN_POINT('',(-0.2,0.,0.124));
#7254=CARTESIAN_POINT('',(-0.132,0.2,3.88578058618805E-19));
#7255=CARTESIAN_POINT('',(-0.132,0.2,-0.124));
#7256=CARTESIAN_POINT('',(-0.126,0.2,-0.124));
#7257=CARTESIAN_POINT('',(-0.274,0.2,-0.124));
#7258=CARTESIAN_POINT('',(-0.274,0.2,8.27116153345742E-18));
#7259=CARTESIAN_POINT('',(-0.274,0.2,0.124));
#7260=CARTESIAN_POINT('',(-0.125,0.2,0.124));
#7261=CARTESIAN_POINT('',(-0.126,0.2,0.124));
#7262=CARTESIAN_POINT('',(-0.126,0.2,-0.125));
#7263=CARTESIAN_POINT('',(-0.2,0.1,0.118));
#7264=CARTESIAN_POINT('',(-0.2,0.1,-0.118));
#7265=CARTESIAN_POINT('',(-0.126,0.001,-4.10782519111308E-18));
#7266=CARTESIAN_POINT('',(-0.126,0.001,0.124));
#7267=CARTESIAN_POINT('',(-0.126,0.001,-0.124));
#7268=CARTESIAN_POINT('',(-0.126,0.001,0.124));
#7269=CARTESIAN_POINT('',(-0.126,0.001,0.124));
#7270=CARTESIAN_POINT('',(-0.126,0.001,0.124));
#7271=CARTESIAN_POINT('',(-0.126,0.001,-0.124));
#7272=CARTESIAN_POINT('',(-0.126,0.001,-0.124));
#7273=CARTESIAN_POINT('',(-0.126,0.001,-0.124));
#7274=CARTESIAN_POINT('',(-0.126,0.007,0.124));
#7275=CARTESIAN_POINT('',(-0.126,0.199,0.124));
#7276=CARTESIAN_POINT('',(-0.2,0.001,0.124));
#7277=CARTESIAN_POINT('',(-0.274,0.001,0.124));
#7278=CARTESIAN_POINT('',(-0.274,0.001,-5.55111512312578E-20));
#7279=CARTESIAN_POINT('',(-0.274,0.001,-0.124));
#7280=CARTESIAN_POINT('',(-0.274,0.001,0.124));
#7281=CARTESIAN_POINT('',(-0.2,0.001,-0.124));
#7282=CARTESIAN_POINT('',(-0.274,0.001,-0.124));
#7283=CARTESIAN_POINT('',(-0.126,0.007,-0.124));
#7284=CARTESIAN_POINT('',(-0.126,0.199,-0.124));
#7285=CARTESIAN_POINT('',(-0.126,0.199,5.55111512312576E-20));
#7286=CARTESIAN_POINT('',(-0.126,0.199,0.124));
#7287=CARTESIAN_POINT('',(-0.126,0.199,-0.124));
#7288=CARTESIAN_POINT('',(-0.126,0.199,0.124));
#7289=CARTESIAN_POINT('',(-0.126,0.199,0.124));
#7290=CARTESIAN_POINT('',(-0.274,0.001,0.124));
#7291=CARTESIAN_POINT('',(-0.274,0.001,0.124));
#7292=CARTESIAN_POINT('',(-0.274,0.001,-0.124));
#7293=CARTESIAN_POINT('',(-0.274,0.001,-0.124));
#7294=CARTESIAN_POINT('',(-0.126,0.199,-0.124));
#7295=CARTESIAN_POINT('',(-0.126,0.199,-0.124));
#7296=CARTESIAN_POINT('',(-0.132,0.199,0.124));
#7297=CARTESIAN_POINT('',(-0.274,0.199,0.124));
#7298=CARTESIAN_POINT('',(-0.274,0.007,0.124));
#7299=CARTESIAN_POINT('',(-0.274,0.199,0.124));
#7300=CARTESIAN_POINT('',(-0.274,0.007,-0.124));
#7301=CARTESIAN_POINT('',(-0.274,0.199,-0.124));
#7302=CARTESIAN_POINT('',(-0.2,0.199,-0.124));
#7303=CARTESIAN_POINT('',(-0.274,0.199,-0.124));
#7304=CARTESIAN_POINT('',(-0.274,0.199,0.124));
#7305=CARTESIAN_POINT('',(-0.274,0.199,0.124));
#7306=CARTESIAN_POINT('',(-0.274,0.199,-0.124));
#7307=CARTESIAN_POINT('',(-0.274,0.199,-0.124));
#7308=CARTESIAN_POINT('',(-0.274,0.199,-5.55111512312578E-20));
#7309=CARTESIAN_POINT('',(-0.2,0.001,0.0762134715914726));
#7310=CARTESIAN_POINT('',(-0.2,0.001,-0.0387293249368668));
#7311=CARTESIAN_POINT('',(0.,0.,0.));
#7312=CARTESIAN_POINT('',(-0.211297399683145,0.009,0.0936491551452094));
#7313=CARTESIAN_POINT('',(-0.212641685411983,0.009,0.0921201447525135));
#7314=CARTESIAN_POINT('',(-0.212641685411983,0.009,0.0921201447525135));
#7315=CARTESIAN_POINT('',(-0.209390001209064,0.009,0.0943969985432749));
#7316=CARTESIAN_POINT('',(-0.209390001209064,0.009,0.0943969985432749));
#7317=CARTESIAN_POINT('',(-0.209931462167682,0.009,0.0951702849320547));
#7318=CARTESIAN_POINT('',(-0.209931462167682,0.009,0.0951702849320547));
#7319=CARTESIAN_POINT('',(-0.213203375769273,0.009,0.0929052197259299));
#7320=CARTESIAN_POINT('',(-0.213203375769273,0.009,0.0929052197259299));
#7321=CARTESIAN_POINT('',(-0.212641685411983,0.009,0.0921201447525135));
#7322=CARTESIAN_POINT('',(-0.212775898222548,0.01425,0.0923077340841081));
#7323=CARTESIAN_POINT('',(-0.212641685411983,0.01425,0.0921201447525135));
#7324=CARTESIAN_POINT('',(-0.213203375769273,0.01425,0.0929052197259299));
#7325=CARTESIAN_POINT('',(-0.212641685411983,0.009,0.0921201447525135));
#7326=CARTESIAN_POINT('',(-0.213203375769273,0.009,0.0929052197259299));
#7327=CARTESIAN_POINT('',(-0.209931462167682,0.009,0.0951702849320547));
#7328=CARTESIAN_POINT('',(-0.209798803401356,0.01425,0.0949808285793488));
#7329=CARTESIAN_POINT('',(-0.209931462167682,0.01425,0.0951702849320547));
#7330=CARTESIAN_POINT('',(-0.209390001209064,0.01425,0.0943969985432749));
#7331=CARTESIAN_POINT('',(-0.209931462167682,0.009,0.0951702849320547));
#7332=CARTESIAN_POINT('',(-0.209390001209064,0.009,0.0943969985432749));
#7333=CARTESIAN_POINT('',(-0.209390001209064,0.009,0.0943969985432749));
#7334=CARTESIAN_POINT('',(-0.21141264778514,0.0100000000856817,0.0929807261635723));
#7335=CARTESIAN_POINT('',(-0.21141264778514,0.0135000002086163,0.0929807261635723));
#7336=CARTESIAN_POINT('',(-0.21141264778514,0.0110000001713634,0.0929807261635723));
#7337=CARTESIAN_POINT('',(-0.209989659877067,0.0110000001713634,0.0939771130235859));
#7338=CARTESIAN_POINT('',(-0.210593484038596,0.0110000001713634,0.0935543107939301));
#7339=CARTESIAN_POINT('',(-0.210593484038596,0.0112500001043081,0.0935543107939301));
#7340=CARTESIAN_POINT('',(-0.210593484038596,0.0135000002086163,0.0935543107939301));
#7341=CARTESIAN_POINT('',(-0.210399230060375,0.0135000002086163,0.0936903288938084));
#7342=CARTESIAN_POINT('',(-0.212027289656472,0.01425,0.0925503492919661));
#7343=CARTESIAN_POINT('',(-0.212027289656472,0.015,0.0925503492919661));
#7344=CARTESIAN_POINT('',(-0.212641685411983,0.015,0.0921201447525135));
#7345=CARTESIAN_POINT('',(-0.21000436524228,0.015,0.0939668162160116));
#7346=CARTESIAN_POINT('',(-0.21000436524228,0.01425,0.0939668162160116));
#7347=CARTESIAN_POINT('',(-0.210413167434573,0.01425,0.0945506462520855));
#7348=CARTESIAN_POINT('',(-0.210413167434573,0.015,0.0945506462520855));
#7349=CARTESIAN_POINT('',(-0.21054812443888,0.015,0.0947433848287819));
#7350=CARTESIAN_POINT('',(-0.21054812443888,0.01425,0.0947433848287819));
#7351=CARTESIAN_POINT('',(-0.213203375769273,0.009,0.0929052197259299));
#7352=CARTESIAN_POINT('',(-0.21195747059903,0.0100000000856817,0.0937677291913011));
#7353=CARTESIAN_POINT('',(-0.21195747059903,0.0110000001713634,0.0937677291913011));
#7354=CARTESIAN_POINT('',(-0.21195747059903,0.0135000002086163,0.0937677291913011));
#7355=CARTESIAN_POINT('',(-0.212580423184151,0.0135000002086163,0.0933364744586156));
#7356=CARTESIAN_POINT('',(-0.211135265958793,0.0135000002086163,0.0943369212145896));
#7357=CARTESIAN_POINT('',(-0.211135265958793,0.0112500001043081,0.0943369212145896));
#7358=CARTESIAN_POINT('',(-0.211135265958793,0.0110000001713634,0.0943369212145896));
#7359=CARTESIAN_POINT('',(-0.212169320864033,0.0110000001713634,0.0936210704702598));
#7360=CARTESIAN_POINT('',(-0.212586648174001,0.01425,0.0933321650514504));
#7361=CARTESIAN_POINT('',(-0.212586648174001,0.015,0.0933321650514504));
#7362=CARTESIAN_POINT('',(-0.209931462167682,0.015,0.0951702849320547));
#7363=CARTESIAN_POINT('',(-0.211297399683145,0.015,0.0936491551452094));
#7364=CARTESIAN_POINT('',(-0.212165937305934,0.015,0.0927441372007365));
#7365=CARTESIAN_POINT('',(-0.212165937305934,0.01425,0.0927441372007365));
#7366=CARTESIAN_POINT('',(-0.211135265958793,0.0110000001713634,0.0943369212145896));
#7367=CARTESIAN_POINT('',(-0.21195747059903,0.0110000001713634,0.0937677291913011));
#7368=CARTESIAN_POINT('',(-0.211135265958793,0.0110000001713634,0.0943369212145896));
#7369=CARTESIAN_POINT('',(-0.21195747059903,0.0110000001713634,0.0937677291913011));
#7370=CARTESIAN_POINT('',(-0.21195747059903,0.0135000002086163,0.0937677291913011));
#7371=CARTESIAN_POINT('',(-0.21195747059903,0.0135000002086163,0.0937677291913011));
#7372=CARTESIAN_POINT('',(-0.211135265958793,0.0135000002086163,0.0943369212145896));
#7373=CARTESIAN_POINT('',(-0.211135265958793,0.0135000002086163,0.0943369212145896));
#7374=CARTESIAN_POINT('',(0.,0.,0.));
#7375=CARTESIAN_POINT('',(0.068,0.1,-3.77475828372553E-18));
#7376=CARTESIAN_POINT('',(0.068,0.1,-0.118));
#7377=CARTESIAN_POINT('',(0.068,0.007,-0.118));
#7378=CARTESIAN_POINT('',(0.068,0.193,-0.118));
#7379=CARTESIAN_POINT('',(0.068,0.007,-3.77475828372553E-18));
#7380=CARTESIAN_POINT('',(0.068,0.007,0.118));
#7381=CARTESIAN_POINT('',(0.068,0.1,0.118));
#7382=CARTESIAN_POINT('',(0.068,0.193,0.118));
#7383=CARTESIAN_POINT('',(0.068,0.193,-3.77475828372553E-18));
#7384=CARTESIAN_POINT('',(-0.068,0.1,-2.39808173319034E-17));
#7385=CARTESIAN_POINT('',(-0.068,0.1,-0.118));
#7386=CARTESIAN_POINT('',(-0.068,0.193,-0.118));
#7387=CARTESIAN_POINT('',(-0.068,0.007,-0.118));
#7388=CARTESIAN_POINT('',(-0.068,0.193,-2.39808173319034E-17));
#7389=CARTESIAN_POINT('',(-0.068,0.193,0.118));
#7390=CARTESIAN_POINT('',(-0.068,0.1,0.118));
#7391=CARTESIAN_POINT('',(-0.068,0.007,0.118));
#7392=CARTESIAN_POINT('',(-0.068,0.007,3.77475828372553E-18));
#7393=CARTESIAN_POINT('',(0.,0.007,0.));
#7394=CARTESIAN_POINT('',(0.,0.007,0.0762134715914726));
#7395=CARTESIAN_POINT('',(0.,0.007,0.0562134715914726));
#7396=CARTESIAN_POINT('',(0.,0.007,-0.0387293249368668));
#7397=CARTESIAN_POINT('',(0.,0.007,-0.0887293249368667));
#7398=CARTESIAN_POINT('',(1.09171930754807E-17,0.007,-0.118));
#7399=CARTESIAN_POINT('',(-1.09171930754807E-17,0.007,0.118));
#7400=CARTESIAN_POINT('',(0.,0.193,-2.77555756156289E-17));
#7401=CARTESIAN_POINT('',(1.09171930754807E-17,0.193,-0.118));
#7402=CARTESIAN_POINT('',(-1.09171930754807E-17,0.193,0.118));
#7403=CARTESIAN_POINT('',(0.,0.007,-0.125));
#7404=CARTESIAN_POINT('',(-0.075,0.001,-0.125));
#7405=CARTESIAN_POINT('',(0.074,0.001,-0.125));
#7406=CARTESIAN_POINT('',(-0.074,0.001,-0.125));
#7407=CARTESIAN_POINT('',(-0.074,0.007,-0.125));
#7408=CARTESIAN_POINT('',(-0.074,0.199,-0.125));
#7409=CARTESIAN_POINT('',(0.,0.199,-0.125));
#7410=CARTESIAN_POINT('',(0.074,0.199,-0.125));
#7411=CARTESIAN_POINT('',(0.074,0.,-0.125));
#7412=CARTESIAN_POINT('',(0.075,0.007,0.));
#7413=CARTESIAN_POINT('',(0.075,0.2,-0.124));
#7414=CARTESIAN_POINT('',(0.075,0.001,-0.124));
#7415=CARTESIAN_POINT('',(0.075,0.199,-0.124));
#7416=CARTESIAN_POINT('',(0.075,0.199,0.125));
#7417=CARTESIAN_POINT('',(0.075,0.199,0.124));
#7418=CARTESIAN_POINT('',(0.075,0.007,0.124));
#7419=CARTESIAN_POINT('',(0.075,0.001,0.124));
#7420=CARTESIAN_POINT('',(0.075,0.001,0.));
#7421=CARTESIAN_POINT('',(1.38777878078145E-17,0.007,0.125));
#7422=CARTESIAN_POINT('',(-0.075,0.199,0.125));
#7423=CARTESIAN_POINT('',(0.074,0.199,0.125));
#7424=CARTESIAN_POINT('',(-0.074,0.199,0.125));
#7425=CARTESIAN_POINT('',(-0.074,0.,0.125));
#7426=CARTESIAN_POINT('',(-0.074,0.001,0.125));
#7427=CARTESIAN_POINT('',(1.38777878078145E-17,0.001,0.125));
#7428=CARTESIAN_POINT('',(0.074,0.001,0.125));
#7429=CARTESIAN_POINT('',(0.074,0.007,0.125));
#7430=CARTESIAN_POINT('',(0.,0.007,-0.0387293249368668));
#7431=CARTESIAN_POINT('',(0.,0.001,-0.0387293249368668));
#7432=CARTESIAN_POINT('',(0.,0.001,-0.0887293249368667));
#7433=CARTESIAN_POINT('',(0.,0.007,0.0762134715914726));
#7434=CARTESIAN_POINT('',(0.,0.001,0.0762134715914726));
#7435=CARTESIAN_POINT('',(0.,0.001,0.0562134715914726));
#7436=CARTESIAN_POINT('',(-0.075,0.007,0.));
#7437=CARTESIAN_POINT('',(-0.075,0.2,0.124));
#7438=CARTESIAN_POINT('',(-0.075,0.001,0.124));
#7439=CARTESIAN_POINT('',(-0.075,0.199,0.124));
#7440=CARTESIAN_POINT('',(-0.075,0.199,0.));
#7441=CARTESIAN_POINT('',(-0.075,0.199,-0.124));
#7442=CARTESIAN_POINT('',(-0.075,0.007,-0.124));
#7443=CARTESIAN_POINT('',(-0.075,0.001,-0.124));
#7444=CARTESIAN_POINT('',(-0.075,0.001,0.125));
#7445=CARTESIAN_POINT('',(0.,0.,0.));
#7446=CARTESIAN_POINT('',(0.,0.,0.0762134715914726));
#7447=CARTESIAN_POINT('',(0.,0.,0.0552134715914726));
#7448=CARTESIAN_POINT('',(0.,0.,-0.0387293249368668));
#7449=CARTESIAN_POINT('',(0.,0.,-0.0897293249368668));
#7450=CARTESIAN_POINT('',(-0.074,0.,-0.125));
#7451=CARTESIAN_POINT('',(-0.074,0.,0.124));
#7452=CARTESIAN_POINT('',(-0.074,0.,-0.124));
#7453=CARTESIAN_POINT('',(0.075,0.,-0.124));
#7454=CARTESIAN_POINT('',(0.074,0.,-0.124));
#7455=CARTESIAN_POINT('',(0.074,0.,-4.10782519111308E-18));
#7456=CARTESIAN_POINT('',(0.074,0.,0.124));
#7457=CARTESIAN_POINT('',(-1.14723045877933E-17,0.,0.124));
#7458=CARTESIAN_POINT('',(0.068,0.2,3.88578058618805E-19));
#7459=CARTESIAN_POINT('',(0.068,0.2,-0.124));
#7460=CARTESIAN_POINT('',(0.074,0.2,-0.124));
#7461=CARTESIAN_POINT('',(-0.074,0.2,-0.124));
#7462=CARTESIAN_POINT('',(-0.074,0.2,8.27116153345742E-18));
#7463=CARTESIAN_POINT('',(-0.074,0.2,0.124));
#7464=CARTESIAN_POINT('',(0.075,0.2,0.124));
#7465=CARTESIAN_POINT('',(0.074,0.2,0.124));
#7466=CARTESIAN_POINT('',(0.074,0.2,-0.125));
#7467=CARTESIAN_POINT('',(1.68383825401482E-17,0.1,0.118));
#7468=CARTESIAN_POINT('',(-1.68383825401482E-17,0.1,-0.118));
#7469=CARTESIAN_POINT('',(0.074,0.001,-4.10782519111308E-18));
#7470=CARTESIAN_POINT('',(0.074,0.001,0.124));
#7471=CARTESIAN_POINT('',(0.074,0.001,-0.124));
#7472=CARTESIAN_POINT('',(0.074,0.001,0.124));
#7473=CARTESIAN_POINT('',(0.074,0.001,0.124));
#7474=CARTESIAN_POINT('',(0.074,0.001,0.124));
#7475=CARTESIAN_POINT('',(0.074,0.001,-0.124));
#7476=CARTESIAN_POINT('',(0.074,0.001,-0.124));
#7477=CARTESIAN_POINT('',(0.074,0.001,-0.124));
#7478=CARTESIAN_POINT('',(0.074,0.007,0.124));
#7479=CARTESIAN_POINT('',(0.074,0.199,0.124));
#7480=CARTESIAN_POINT('',(-1.14723045877933E-17,0.001,0.124));
#7481=CARTESIAN_POINT('',(-0.074,0.001,0.124));
#7482=CARTESIAN_POINT('',(-0.074,0.001,-5.55111512312578E-20));
#7483=CARTESIAN_POINT('',(-0.074,0.001,-0.124));
#7484=CARTESIAN_POINT('',(-0.074,0.001,0.124));
#7485=CARTESIAN_POINT('',(-9.25185853854297E-20,0.001,-0.124));
#7486=CARTESIAN_POINT('',(-0.074,0.001,-0.124));
#7487=CARTESIAN_POINT('',(0.074,0.007,-0.124));
#7488=CARTESIAN_POINT('',(0.074,0.199,-0.124));
#7489=CARTESIAN_POINT('',(0.074,0.199,5.55111512312576E-20));
#7490=CARTESIAN_POINT('',(0.074,0.199,0.124));
#7491=CARTESIAN_POINT('',(0.074,0.199,-0.124));
#7492=CARTESIAN_POINT('',(0.074,0.199,0.124));
#7493=CARTESIAN_POINT('',(0.074,0.199,0.124));
#7494=CARTESIAN_POINT('',(-0.074,0.001,0.124));
#7495=CARTESIAN_POINT('',(-0.074,0.001,0.124));
#7496=CARTESIAN_POINT('',(-0.074,0.001,-0.124));
#7497=CARTESIAN_POINT('',(-0.074,0.001,-0.124));
#7498=CARTESIAN_POINT('',(0.074,0.199,-0.124));
#7499=CARTESIAN_POINT('',(0.074,0.199,-0.124));
#7500=CARTESIAN_POINT('',(0.068,0.199,0.124));
#7501=CARTESIAN_POINT('',(-0.074,0.199,0.124));
#7502=CARTESIAN_POINT('',(-0.074,0.007,0.124));
#7503=CARTESIAN_POINT('',(-0.074,0.199,0.124));
#7504=CARTESIAN_POINT('',(-0.074,0.007,-0.124));
#7505=CARTESIAN_POINT('',(-0.074,0.199,-0.124));
#7506=CARTESIAN_POINT('',(-9.25185853854297E-20,0.199,-0.124));
#7507=CARTESIAN_POINT('',(-0.074,0.199,-0.124));
#7508=CARTESIAN_POINT('',(-0.074,0.199,0.124));
#7509=CARTESIAN_POINT('',(-0.074,0.199,0.124));
#7510=CARTESIAN_POINT('',(-0.074,0.199,-0.124));
#7511=CARTESIAN_POINT('',(-0.074,0.199,-0.124));
#7512=CARTESIAN_POINT('',(-0.074,0.199,-5.55111512312578E-20));
#7513=CARTESIAN_POINT('',(0.,0.001,0.0762134715914726));
#7514=CARTESIAN_POINT('',(0.,0.001,-0.0387293249368668));
#7515=CARTESIAN_POINT('',(0.,0.,0.));
#7516=CARTESIAN_POINT('',(0.012797080457049,-1.69112568277796E-20,0.0706672333349314));
#7517=CARTESIAN_POINT('',(0.013851460073224,-1.09313224631192E-21,0.0759679576190207));
#7518=CARTESIAN_POINT('',(0.012797080457049,2.12837858130273E-20,0.0812686819031101));
#7519=CARTESIAN_POINT('',(0.0097944613471115,4.68128144229708E-20,0.0857624189661321));
#7520=CARTESIAN_POINT('',(0.00530072428408946,7.16073903988753E-20,0.0887650380760697));
#7521=CARTESIAN_POINT('',(1.02097963330244E-16,9.18927643118003E-20,0.0898194176922448));
#7522=CARTESIAN_POINT('',(-0.00530072428408928,1.04580671870875E-19,0.0887650380760698));
#7523=CARTESIAN_POINT('',(-0.00979446134711135,1.077394941664E-19,0.0857624189661323));
#7524=CARTESIAN_POINT('',(-0.0127970804570489,1.00888329138676E-19,0.0812686819031102));
#7525=CARTESIAN_POINT('',(-0.013851460073224,8.50702045572077E-20,0.0759679576190209));
#7526=CARTESIAN_POINT('',(-0.012797080457049,6.26932864978686E-20,0.0706672333349315));
#7527=CARTESIAN_POINT('',(-0.0097944613471115,3.71642578879251E-20,0.0661734962719095));
#7528=CARTESIAN_POINT('',(-0.00530072428408947,1.23696819120205E-20,0.0631708771619719));
#7529=CARTESIAN_POINT('',(-1.04639062172007E-16,-7.9156920009045E-21,0.0621164975457968));
#7530=CARTESIAN_POINT('',(0.00530072428408928,-2.06035995599796E-20,0.0631708771619718));
#7531=CARTESIAN_POINT('',(0.00979446134711136,-2.37624218555041E-20,0.0661734962719093));
#7532=CARTESIAN_POINT('',(0.012797080457049,-1.69112568277796E-20,0.0706672333349314));
#7533=CARTESIAN_POINT('',(0.013851460073224,-1.09313224631192E-21,0.0759679576190207));
#7534=CARTESIAN_POINT('',(0.012797080457049,2.12837858130273E-20,0.0812686819031101));
#7535=CARTESIAN_POINT('',(0.0124579926794574,-0.000505264333327476,0.0708076880912447));
#7536=CARTESIAN_POINT('',(0.0134844341075445,-0.000505264333327475,0.0759679576190206));
#7537=CARTESIAN_POINT('',(0.0124579926794575,-0.000505264333327475,0.0811282271467968));
#7538=CARTESIAN_POINT('',(0.00953493479790796,-0.000505264333327475,0.0855028924169285));
#7539=CARTESIAN_POINT('',(0.0051602695277761,-0.000505264333327475,0.0884259502984782));
#7540=CARTESIAN_POINT('',(1.03487097363741E-16,-0.000505264333327475,0.0894523917265653));
#7541=CARTESIAN_POINT('',(-0.00516026952777592,-0.000505264333327475,0.0884259502984783));
#7542=CARTESIAN_POINT('',(-0.0095349347979078,-0.000505264333327475,0.0855028924169287));
#7543=CARTESIAN_POINT('',(-0.0124579926794574,-0.000505264333327476,0.0811282271467968));
#7544=CARTESIAN_POINT('',(-0.0134844341075445,-0.000505264333327475,0.0759679576190209));
#7545=CARTESIAN_POINT('',(-0.0124579926794575,-0.000505264333327475,0.0708076880912448));
#7546=CARTESIAN_POINT('',(-0.00953493479790796,-0.000505264333327476,0.066433022821113));
#7547=CARTESIAN_POINT('',(-0.0051602695277761,-0.000505264333327475,0.0635099649395633));
#7548=CARTESIAN_POINT('',(-1.05418332483481E-16,-0.000505264333327476,0.0624835235114763));
#7549=CARTESIAN_POINT('',(0.00516026952777592,-0.000505264333327476,0.0635099649395632));
#7550=CARTESIAN_POINT('',(0.00953493479790782,-0.000505264333327476,0.0664330228211128));
#7551=CARTESIAN_POINT('',(0.0124579926794574,-0.000505264333327476,0.0708076880912447));
#7552=CARTESIAN_POINT('',(0.0134844341075445,-0.000505264333327475,0.0759679576190206));
#7553=CARTESIAN_POINT('',(0.0124579926794575,-0.000505264333327475,0.0811282271467968));
#7554=CARTESIAN_POINT('',(0.0117596592047752,-0.00109641544924131,0.0710969472875173));
#7555=CARTESIAN_POINT('',(0.0127285634013454,-0.00109641544924131,0.0759679576190207));
#7556=CARTESIAN_POINT('',(0.0117596592047753,-0.00109641544924131,0.0808389679505242));
#7557=CARTESIAN_POINT('',(0.0090004534958543,-0.00109641544924131,0.084968411114875));
#7558=CARTESIAN_POINT('',(0.0048710103315036,-0.00109641544924131,0.087727616823796));
#7559=CARTESIAN_POINT('',(1.02474045958825E-16,-0.00109641544924131,0.0886965210203662));
#7560=CARTESIAN_POINT('',(-0.00487101033150342,-0.00109641544924131,0.087727616823796));
#7561=CARTESIAN_POINT('',(-0.00900045349585415,-0.00109641544924131,0.0849684111148751));
#7562=CARTESIAN_POINT('',(-0.0117596592047752,-0.00109641544924131,0.0808389679505244));
#7563=CARTESIAN_POINT('',(-0.0127285634013454,-0.00109641544924131,0.0759679576190209));
#7564=CARTESIAN_POINT('',(-0.0117596592047753,-0.00109641544924131,0.0710969472875175));
#7565=CARTESIAN_POINT('',(-0.00900045349585429,-0.00109641544924131,0.0669675041231666));
#7566=CARTESIAN_POINT('',(-0.00487101033150361,-0.00109641544924131,0.0642082984142456));
#7567=CARTESIAN_POINT('',(-1.06014643678348E-16,-0.00109641544924131,0.0632393942176754));
#7568=CARTESIAN_POINT('',(0.00487101033150342,-0.00109641544924131,0.0642082984142456));
#7569=CARTESIAN_POINT('',(0.00900045349585416,-0.00109641544924131,0.0669675041231665));
#7570=CARTESIAN_POINT('',(0.0117596592047752,-0.00109641544924131,0.0710969472875173));
#7571=CARTESIAN_POINT('',(0.0127285634013454,-0.00109641544924131,0.0759679576190207));
#7572=CARTESIAN_POINT('',(0.0117596592047753,-0.00109641544924131,0.0808389679505242));
#7573=CARTESIAN_POINT('',(0.0110043419369368,-0.000502041267291367,0.0714098099437505));
#7574=CARTESIAN_POINT('',(0.0119110138818909,-0.000502041267291366,0.0759679576190207));
#7575=CARTESIAN_POINT('',(0.0110043419369368,-0.000502041267291367,0.080526105294291));
#7576=CARTESIAN_POINT('',(0.00842235868669223,-0.000502041267291366,0.0843903163057129));
#7577=CARTESIAN_POINT('',(0.00455814767527033,-0.000502041267291367,0.0869722995559576));
#7578=CARTESIAN_POINT('',(1.02324968160108E-16,-0.000502041267291366,0.0878789715009117));
#7579=CARTESIAN_POINT('',(-0.00455814767527015,-0.000502041267291366,0.0869722995559577));
#7580=CARTESIAN_POINT('',(-0.00842235868669209,-0.000502041267291366,0.084390316305713));
#7581=CARTESIAN_POINT('',(-0.0110043419369368,-0.000502041267291367,0.0805261052942911));
#7582=CARTESIAN_POINT('',(-0.0119110138818909,-0.000502041267291366,0.0759679576190209));
#7583=CARTESIAN_POINT('',(-0.0110043419369368,-0.000502041267291366,0.0714098099437506));
#7584=CARTESIAN_POINT('',(-0.00842235868669224,-0.000502041267291367,0.0675455989323287));
#7585=CARTESIAN_POINT('',(-0.00455814767527033,-0.000502041267291367,0.064963615682084));
#7586=CARTESIAN_POINT('',(-1.01406784445285E-16,-0.000502041267291366,0.0640569437371299));
#7587=CARTESIAN_POINT('',(0.00455814767527015,-0.000502041267291367,0.0649636156820839));
#7588=CARTESIAN_POINT('',(0.00842235868669209,-0.000502041267291367,0.0675455989323286));
#7589=CARTESIAN_POINT('',(0.0110043419369368,-0.000502041267291367,0.0714098099437505));
#7590=CARTESIAN_POINT('',(0.0119110138818909,-0.000502041267291366,0.0759679576190207));
#7591=CARTESIAN_POINT('',(0.0110043419369368,-0.000502041267291367,0.080526105294291));
#7592=CARTESIAN_POINT('',(0.0106168367244141,-1.40300792159411E-20,0.0715703198582677));
#7593=CARTESIAN_POINT('',(0.0114915812622837,-9.06894866859501E-22,0.0759679576190207));
#7594=CARTESIAN_POINT('',(0.0106168367244141,1.76576586833791E-20,0.0803655953797738));
#7595=CARTESIAN_POINT('',(0.00812577503711712,3.88372964448477E-20,0.0840937326561378));
#7596=CARTESIAN_POINT('',(0.00439763776075316,5.94076105622571E-20,0.0865847943434348));
#7597=CARTESIAN_POINT('',(1.02948384409288E-16,7.62369571815936E-20,0.0874595388813045));
#7598=CARTESIAN_POINT('',(-0.00439763776075297,8.67632208384702E-20,0.0865847943434349));
#7599=CARTESIAN_POINT('',(-0.00812577503711697,8.93838733119451E-20,0.0840937326561379));
#7600=CARTESIAN_POINT('',(-0.0106168367244141,8.36999440192056E-20,0.0803655953797739));
#7601=CARTESIAN_POINT('',(-0.0114915812622837,7.05767596701238E-20,0.0759679576190209));
#7602=CARTESIAN_POINT('',(-0.0106168367244141,5.20122061198853E-20,0.0715703198582678));
#7603=CARTESIAN_POINT('',(-0.00812577503711712,3.08325683584167E-20,0.0678421825819038));
#7604=CARTESIAN_POINT('',(-0.00439763776075316,1.02622542410073E-20,0.0653511208946067));
#7605=CARTESIAN_POINT('',(-1.02369013873366E-16,-6.56709237832925E-21,0.0644763763567371));
#7606=CARTESIAN_POINT('',(0.00439763776075298,-1.70933560352058E-20,0.0653511208946067));
#7607=CARTESIAN_POINT('',(0.00812577503711698,-1.97140085086807E-20,0.0678421825819037));
#7608=CARTESIAN_POINT('',(0.0106168367244141,-1.40300792159411E-20,0.0715703198582677));
#7609=CARTESIAN_POINT('',(0.0114915812622837,-9.06894866859501E-22,0.0759679576190207));
#7610=CARTESIAN_POINT('',(0.0106168367244141,1.76576586833791E-20,0.0803655953797738));
#7611=CARTESIAN_POINT('',(0.0106117587887082,4.71041528442469E-6,0.0715724232081058));
#7612=CARTESIAN_POINT('',(0.011486084944282,4.71041528442469E-6,0.0759679576190208));
#7613=CARTESIAN_POINT('',(0.0106117587887083,4.71041528442469E-6,0.0803634920299355));
#7614=CARTESIAN_POINT('',(0.00812188855338665,4.71041528442469E-6,0.0840898461724073));
#7615=CARTESIAN_POINT('',(0.00439553441091497,4.71041528442469E-6,0.086579716407729));
#7616=CARTESIAN_POINT('',(1.35267773544723E-16,4.71041528442469E-6,0.0874540425633028));
#7617=CARTESIAN_POINT('',(-0.0043955344109147,4.71041528442469E-6,0.0865797164077291));
#7618=CARTESIAN_POINT('',(-0.00812188855338645,4.71041528442469E-6,0.0840898461724074));
#7619=CARTESIAN_POINT('',(-0.0106117587887082,4.71041528442469E-6,0.0803634920299358));
#7620=CARTESIAN_POINT('',(-0.011486084944282,4.71041528442469E-6,0.0759679576190209));
#7621=CARTESIAN_POINT('',(-0.0106117587887083,4.71041528442469E-6,0.0715724232081061));
#7622=CARTESIAN_POINT('',(-0.00812188855338663,4.71041528442469E-6,0.0678460690656343));
#7623=CARTESIAN_POINT('',(-0.00439553441091495,4.71041528442469E-6,0.0653561988303126));
#7624=CARTESIAN_POINT('',(-1.1700574320192E-16,4.71041528442469E-6,0.0644818726747388));
#7625=CARTESIAN_POINT('',(0.00439553441091473,4.71041528442469E-6,0.0653561988303125));
#7626=CARTESIAN_POINT('',(0.00812188855338647,4.71041528442469E-6,0.0678460690656342));
#7627=CARTESIAN_POINT('',(0.0106117587887082,4.71041528442469E-6,0.0715724232081058));
#7628=CARTESIAN_POINT('',(0.011486084944282,4.71041528442469E-6,0.0759679576190208));
#7629=CARTESIAN_POINT('',(0.0106117587887083,4.71041528442469E-6,0.0803634920299355));
#7630=CARTESIAN_POINT('',(0.0111999997496605,0.,0.0759679576190207));
#7631=CARTESIAN_POINT('',(6.9702626038704E-19,0.,0.0759679576190208));
#7632=CARTESIAN_POINT('',(0.0135000002011657,0.,0.0759679576190208));
#7633=CARTESIAN_POINT('',(8.86761640572004E-19,0.00973563977079311,0.0759679576190208));
#7634=CARTESIAN_POINT('',(-3.74386583811359E-18,-0.00500000007450581,0.0759679576190208));
#7635=CARTESIAN_POINT('',(0.,0.,0.));
#7636=CARTESIAN_POINT('',(-0.2,0.04097199239125,-0.0385));
#7637=CARTESIAN_POINT('',(-0.2,0.04097199239125,-0.0385));
#7638=CARTESIAN_POINT('',(-0.2245,0.04097199239125,-0.0385));
#7639=CARTESIAN_POINT('',(-0.2,0.019031091649394,-0.0385));
#7640=CARTESIAN_POINT('',(-0.2,0.006953798,-0.0385));
#7641=CARTESIAN_POINT('',(-0.210033092,0.006953798,-0.0385));
#7642=CARTESIAN_POINT('',(-0.2,0.020971992391256,-0.0385));
#7643=CARTESIAN_POINT('',(-0.2,0.020971992391256,-0.0385));
#7644=CARTESIAN_POINT('',(-0.2245,0.020971992391256,-0.0385));
#7645=CARTESIAN_POINT('',(-0.2,2.51539999999925E-5,-0.0385));
#7646=CARTESIAN_POINT('',(-0.2,2.51539999999925E-5,-0.0385));
#7647=CARTESIAN_POINT('',(-0.24366544,2.51539999999925E-5,-0.0385));
#7648=CARTESIAN_POINT('',(-0.2,0.020971992391256,-0.0385));
#7649=CARTESIAN_POINT('',(-0.2,0.020971992391256,-0.0385));
#7650=CARTESIAN_POINT('',(-0.223,0.020971992391256,-0.0385));
#7651=CARTESIAN_POINT('',(-0.2,-0.001181574,-0.0385));
#7652=CARTESIAN_POINT('',(-0.2,-0.001181574,-0.0385));
#7653=CARTESIAN_POINT('',(-0.245438213,-0.001181574,-0.0385));
#7654=CARTESIAN_POINT('',(-0.2,0.017971992391256,-0.0385));
#7655=CARTESIAN_POINT('',(-0.2,0.017971992391256,-0.0385));
#7656=CARTESIAN_POINT('',(-0.2245,0.017971992391256,-0.0385));
#7657=CARTESIAN_POINT('',(-0.2,-0.001181574,-0.0385));
#7658=CARTESIAN_POINT('',(-0.2,-0.001181574,-0.0385));
#7659=CARTESIAN_POINT('',(-0.24992894,-0.001181574,-0.0385));
#7660=CARTESIAN_POINT('',(-0.2,0.017971992391256,-0.0385));
#7661=CARTESIAN_POINT('',(-0.2,0.017971992391256,-0.0385));
#7662=CARTESIAN_POINT('',(-0.227,0.017971992391256,-0.0385));
#7663=CARTESIAN_POINT('',(-0.2,-0.001181574,-0.0385));
#7664=CARTESIAN_POINT('',(-0.2,-0.000500000000000007,-0.0385));
#7665=CARTESIAN_POINT('',(-0.24992894,-0.000500000000000007,-0.0385));
#7666=CARTESIAN_POINT('',(-0.2,0.00305388528752499,-0.0385));
#7667=CARTESIAN_POINT('',(-0.2,0.00305388528752499,-0.0385));
#7668=CARTESIAN_POINT('',(-0.246,0.00305388528752499,-0.0385));
#7669=CARTESIAN_POINT('',(-0.199999834791379,-0.000500000000000007,-0.0384997563598357));
#7670=CARTESIAN_POINT('',(-0.15950018429015,-0.000500000000000014,-0.0790003408481808));
#7671=CARTESIAN_POINT('',(-0.157712180294929,-0.000500000000000014,-0.0772525158935892));
#7672=CARTESIAN_POINT('',(-0.161287819705106,-0.000500000000000014,-0.0807474841063747));
#7673=CARTESIAN_POINT('',(-0.24024625556523,-0.0005,0.00528170653979899));
#7674=CARTESIAN_POINT('',(-0.156212180294929,-0.000500000000000014,-0.0787525158935891));
#7675=CARTESIAN_POINT('',(-0.158000340848181,-0.000500000000000014,-0.0805001842901499));
#7676=CARTESIAN_POINT('',(-0.159787819705106,-0.000500000000000014,-0.0822474841063747));
#7677=CARTESIAN_POINT('',(-0.24376778077493,-0.0005,0.00173221922506699));
#7678=CARTESIAN_POINT('',(-0.242000188762463,-0.0005,0.00349966362413214));
#7679=CARTESIAN_POINT('',(-0.240246255565144,-0.0005,0.00528170653971354));
#7680=CARTESIAN_POINT('',(-0.243767780774931,-0.0005,0.00173221922506799));
#7681=CARTESIAN_POINT('',(-0.24024625556523,-0.0005,0.00528170653979899));
#7682=CARTESIAN_POINT('',(-0.238746255565166,-0.0005,0.00378170653973494));
#7683=CARTESIAN_POINT('',(-0.240500335504706,-0.0005,0.00199981036637524));
#7684=CARTESIAN_POINT('',(-0.242267780774931,-0.0005,0.000232219225067991));
#7685=CARTESIAN_POINT('',(-0.24376778077493,-0.0005,0.00173221922506699));
#7686=CARTESIAN_POINT('',(-0.158,-0.0005,0.0035));
#7687=CARTESIAN_POINT('',(-0.15617698307558,-0.0005,0.00178880952878454));
#7688=CARTESIAN_POINT('',(-0.15976798805645,-0.0005,0.00526798805644994));
#7689=CARTESIAN_POINT('',(-0.156176983075579,-0.0005,0.00178880952878599));
#7690=CARTESIAN_POINT('',(-0.15767698307558,-0.0005,0.000288809528784538));
#7691=CARTESIAN_POINT('',(-0.1595,-0.0005,0.002));
#7692=CARTESIAN_POINT('',(-0.16126798805645,-0.0005,0.00376798805644994));
#7693=CARTESIAN_POINT('',(-0.15976798805645,-0.0005,0.00526798805644999));
#7694=CARTESIAN_POINT('',(-0.24050004545908,-0.000500000000000014,-0.0790000684378424));
#7695=CARTESIAN_POINT('',(-0.238614491060442,-0.000500000000000014,-0.0806420940604416));
#7696=CARTESIAN_POINT('',(-0.242357885744358,-0.000500000000000014,-0.0773267504734683));
#7697=CARTESIAN_POINT('',(-0.238616917,-0.000500000000000014,-0.08064452));
#7698=CARTESIAN_POINT('',(-0.240114708191304,-0.000500000000000014,-0.0821423111913035));
#7699=CARTESIAN_POINT('',(-0.241999955746319,-0.000500000000000014,-0.0804999332835716));
#7700=CARTESIAN_POINT('',(-0.243858207089801,-0.000500000000000014,-0.0788270718189115));
#7701=CARTESIAN_POINT('',(-0.24235498090242,-0.000500000000000014,-0.07732384563153));
#7702=CARTESIAN_POINT('',(-0.24999999999999,-0.000500000000000014,-0.07300000000001));
#7703=CARTESIAN_POINT('',(-0.249999999999991,-0.000500000000000014,-0.07300000000001));
#7704=CARTESIAN_POINT('',(-0.24999999999999,-0.0005,-0.00399999999998351));
#7705=CARTESIAN_POINT('',(-0.23450000000001,-0.000500000000000014,-0.07300000000001));
#7706=CARTESIAN_POINT('',(-0.23450000000001,-0.000500000000000014,-0.0885));
#7707=CARTESIAN_POINT('',(-0.165499999999983,-0.000500000000000014,-0.0885));
#7708=CARTESIAN_POINT('',(-0.165499999999983,-0.000500000000000014,-0.0885));
#7709=CARTESIAN_POINT('',(-0.165499999999983,-0.000500000000000014,-0.07300000000001));
#7710=CARTESIAN_POINT('',(-0.15,-0.000500000000000014,-0.07300000000001));
#7711=CARTESIAN_POINT('',(-0.15,-0.0005,-0.00399999999998101));
#7712=CARTESIAN_POINT('',(-0.15,-0.0005,-0.00399999999998101));
#7713=CARTESIAN_POINT('',(-0.165499999999983,-0.0005,-0.00399999999998101));
#7714=CARTESIAN_POINT('',(-0.165499999999983,-0.0005,0.0115));
#7715=CARTESIAN_POINT('',(-0.23450000000001,-0.0005,0.0115));
#7716=CARTESIAN_POINT('',(-0.23450000000001,-0.0005,0.0115));
#7717=CARTESIAN_POINT('',(-0.23450000000001,-0.0005,-0.00399999999998101));
#7718=CARTESIAN_POINT('',(-0.2,0.00105388528752499,-0.0385));
#7719=CARTESIAN_POINT('',(-0.2,0.00105388528752499,-0.0385));
#7720=CARTESIAN_POINT('',(-0.246,0.00105388528752499,-0.0385));
#7721=CARTESIAN_POINT('',(-0.241999955746319,-0.000250000000000014,-0.0804999332835716));
#7722=CARTESIAN_POINT('',(-0.243858207089801,-1.38777878078145E-17,-0.0788270718189115));
#7723=CARTESIAN_POINT('',(-0.243858207089801,-1.38777878078145E-17,-0.0788270718189115));
#7724=CARTESIAN_POINT('',(-0.240114708191304,-1.38777878078145E-17,-0.0821423111913035));
#7725=CARTESIAN_POINT('',(-0.240114708191304,-1.38777878078145E-17,-0.0821423111913035));
#7726=CARTESIAN_POINT('',(-0.241999955746319,-1.38777878078145E-17,-0.0804999332835716));
#7727=CARTESIAN_POINT('',(-0.24235498090242,-1.38777878078145E-17,-0.07732384563153));
#7728=CARTESIAN_POINT('',(-0.242357885744358,-1.38777878078145E-17,-0.0773267504734683));
#7729=CARTESIAN_POINT('',(-0.242357885744358,-1.38777878078145E-17,-0.0773267504734683));
#7730=CARTESIAN_POINT('',(-0.24235498090242,-1.38777878078145E-17,-0.07732384563153));
#7731=CARTESIAN_POINT('',(-0.238616917,-1.38777878078145E-17,-0.08064452));
#7732=CARTESIAN_POINT('',(-0.238616917,-1.38777878078145E-17,-0.08064452));
#7733=CARTESIAN_POINT('',(-0.238614491060442,-1.38777878078145E-17,-0.0806420940604416));
#7734=CARTESIAN_POINT('',(-0.238614491060442,-1.38777878078145E-17,-0.0806420940604416));
#7735=CARTESIAN_POINT('',(-0.24050004545908,-0.000250000000000014,-0.0790000684378424));
#7736=CARTESIAN_POINT('',(-0.24050004545908,-1.38777878078145E-17,-0.0790000684378424));
#7737=CARTESIAN_POINT('',(-0.23450000000001,-1.38777878078145E-17,-0.07300000000001));
#7738=CARTESIAN_POINT('',(-0.23450000000001,-1.38777878078145E-17,-0.07300000000001));
#7739=CARTESIAN_POINT('',(-0.249999999999991,-1.38777878078145E-17,-0.07300000000001));
#7740=CARTESIAN_POINT('',(-0.23450000000001,-1.38777878078145E-17,-0.0885));
#7741=CARTESIAN_POINT('',(-0.23450000000001,-1.38777878078145E-17,-0.0885));
#7742=CARTESIAN_POINT('',(-0.24999999999999,-1.38777878078145E-17,-0.07300000000001));
#7743=CARTESIAN_POINT('',(-0.158000340848181,-0.000250000000000014,-0.0805001842901499));
#7744=CARTESIAN_POINT('',(-0.159787948574262,-0.000500000000000006,-0.082247612975601));
#7745=CARTESIAN_POINT('',(-0.159787948574262,-0.00033333333333334,-0.082247612975601));
#7746=CARTESIAN_POINT('',(-0.159787948574262,-0.000166666666666674,-0.082247612975601));
#7747=CARTESIAN_POINT('',(-0.159787948574262,-8.61172858682762E-18,-0.082247612975601));
#7748=CARTESIAN_POINT('',(-0.159787819705106,-1.38777878078145E-17,-0.0822474841063747));
#7749=CARTESIAN_POINT('',(-0.156212106713404,-8.61505452247664E-18,-0.0787524423120265));
#7750=CARTESIAN_POINT('',(-0.156212106713404,-0.000166666666666674,-0.0787524423120265));
#7751=CARTESIAN_POINT('',(-0.156212106713404,-0.00033333333333334,-0.0787524423120265));
#7752=CARTESIAN_POINT('',(-0.156212106713404,-0.000500000000000006,-0.0787524423120265));
#7753=CARTESIAN_POINT('',(-0.156212180294929,-1.38777878078145E-17,-0.0787525158935891));
#7754=CARTESIAN_POINT('',(-0.158000340848181,-1.38777878078145E-17,-0.0805001842901499));
#7755=CARTESIAN_POINT('',(-0.24376778077493,0.,0.00173221922506699));
#7756=CARTESIAN_POINT('',(-0.161287948574262,-8.51988007689157E-18,-0.0807476129756011));
#7757=CARTESIAN_POINT('',(-0.161287948574262,-0.000166666666666674,-0.0807476129756011));
#7758=CARTESIAN_POINT('',(-0.161287948574262,-0.00033333333333334,-0.0807476129756011));
#7759=CARTESIAN_POINT('',(-0.161287948574262,-0.000500000000000006,-0.0807476129756011));
#7760=CARTESIAN_POINT('',(-0.161287819705106,-1.38777878078145E-17,-0.0807474841063747));
#7761=CARTESIAN_POINT('',(-0.24376778077493,0.,0.00173221922506699));
#7762=CARTESIAN_POINT('',(-0.24024625556523,0.,0.00528170653979899));
#7763=CARTESIAN_POINT('',(-0.24024625556523,0.,0.00528170653979899));
#7764=CARTESIAN_POINT('',(-0.157712180294929,-1.38777878078145E-17,-0.0772525158935892));
#7765=CARTESIAN_POINT('',(-0.157712106713404,-0.000500000000000006,-0.0772524423120265));
#7766=CARTESIAN_POINT('',(-0.157712106713404,-0.00033333333333334,-0.0772524423120265));
#7767=CARTESIAN_POINT('',(-0.157712106713404,-0.000166666666666674,-0.0772524423120265));
#7768=CARTESIAN_POINT('',(-0.157712106713404,-8.52320601254059E-18,-0.0772524423120265));
#7769=CARTESIAN_POINT('',(-0.15950018429015,-0.000250000000000014,-0.0790003408481808));
#7770=CARTESIAN_POINT('',(-0.15950018429015,-1.38777878078145E-17,-0.0790003408481808));
#7771=CARTESIAN_POINT('',(-0.165499999999983,-1.38777878078145E-17,-0.0885));
#7772=CARTESIAN_POINT('',(-0.165499999999983,-1.38777878078145E-17,-0.0885));
#7773=CARTESIAN_POINT('',(-0.165499999999983,-1.38777878078145E-17,-0.0885));
#7774=CARTESIAN_POINT('',(-0.165499999999983,-1.38777878078145E-17,-0.0885));
#7775=CARTESIAN_POINT('',(-0.2,-1.38777878078145E-17,-0.0885));
#7776=CARTESIAN_POINT('',(-0.165499999999983,-1.38777878078145E-17,-0.0885));
#7777=CARTESIAN_POINT('',(-0.165499999999983,-1.38777878078145E-17,-0.07300000000001));
#7778=CARTESIAN_POINT('',(-0.165499999999983,-1.38777878078145E-17,-0.07300000000001));
#7779=CARTESIAN_POINT('',(-0.15,-1.38777878078145E-17,-0.07300000000001));
#7780=CARTESIAN_POINT('',(-0.15,-1.38777878078145E-17,-0.07300000000001));
#7781=CARTESIAN_POINT('',(-0.1595,0.,0.002));
#7782=CARTESIAN_POINT('',(-0.16126798805645,0.,0.00376798805644999));
#7783=CARTESIAN_POINT('',(-0.16126798805645,0.,0.00376798805644994));
#7784=CARTESIAN_POINT('',(-0.157676983075579,0.,0.000288809528785988));
#7785=CARTESIAN_POINT('',(-0.15767698307558,0.,0.000288809528784538));
#7786=CARTESIAN_POINT('',(-0.1595,0.,0.002));
#7787=CARTESIAN_POINT('',(-0.15976798805645,0.,0.00526798805644999));
#7788=CARTESIAN_POINT('',(-0.15976798805645,0.,0.00526798805644999));
#7789=CARTESIAN_POINT('',(-0.15976798805645,0.,0.00526798805644994));
#7790=CARTESIAN_POINT('',(-0.15976798805645,0.,0.00526798805644999));
#7791=CARTESIAN_POINT('',(-0.156176983075579,0.,0.00178880952878599));
#7792=CARTESIAN_POINT('',(-0.156176983075579,0.,0.00178880952878599));
#7793=CARTESIAN_POINT('',(-0.15617698307558,0.,0.00178880952878454));
#7794=CARTESIAN_POINT('',(-0.156176983075579,0.,0.00178880952878599));
#7795=CARTESIAN_POINT('',(-0.158,0.,0.0035));
#7796=CARTESIAN_POINT('',(-0.158,0.,0.0035));
#7797=CARTESIAN_POINT('',(-0.15,0.,-0.00399999999998101));
#7798=CARTESIAN_POINT('',(-0.15,0.,-0.00399999999998101));
#7799=CARTESIAN_POINT('',(-0.15,0.,-0.00399999999998101));
#7800=CARTESIAN_POINT('',(-0.15,0.,-0.00399999999998101));
#7801=CARTESIAN_POINT('',(-0.15,-6.93889390390723E-18,-0.0385));
#7802=CARTESIAN_POINT('',(-0.15,0.,-0.00399999999998101));
#7803=CARTESIAN_POINT('',(-0.165499999999983,0.,-0.00399999999998101));
#7804=CARTESIAN_POINT('',(-0.165499999999983,0.,-0.00399999999998101));
#7805=CARTESIAN_POINT('',(-0.165499999999983,0.,0.0115));
#7806=CARTESIAN_POINT('',(-0.165499999999983,0.,0.0115));
#7807=CARTESIAN_POINT('',(-0.240500335504706,-0.00025,0.00199981036637524));
#7808=CARTESIAN_POINT('',(-0.24226778077493,-0.000500000000000001,0.000232219225066982));
#7809=CARTESIAN_POINT('',(-0.24226778077493,-0.000333333333333335,0.000232219225066982));
#7810=CARTESIAN_POINT('',(-0.24226778077493,-0.000166666666666669,0.000232219225066982));
#7811=CARTESIAN_POINT('',(-0.24226778077493,-3.56129546188967E-18,0.000232219225066982));
#7812=CARTESIAN_POINT('',(-0.242267780774931,0.,0.000232219225067991));
#7813=CARTESIAN_POINT('',(-0.23874625556523,-3.56129546188967E-18,0.00378170653979899));
#7814=CARTESIAN_POINT('',(-0.23874625556523,-0.000166666666666669,0.00378170653979899));
#7815=CARTESIAN_POINT('',(-0.23874625556523,-0.000333333333333335,0.00378170653979899));
#7816=CARTESIAN_POINT('',(-0.23874625556523,-0.000500000000000001,0.00378170653979899));
#7817=CARTESIAN_POINT('',(-0.238746255565144,0.,0.00378170653971354));
#7818=CARTESIAN_POINT('',(-0.240500335504706,0.,0.00199981036637524));
#7819=CARTESIAN_POINT('',(-0.24376778077493,0.,0.00173221922506699));
#7820=CARTESIAN_POINT('',(-0.24376778077493,-3.46944695195362E-18,0.00173221922506699));
#7821=CARTESIAN_POINT('',(-0.24376778077493,-0.000166666666666669,0.00173221922506699));
#7822=CARTESIAN_POINT('',(-0.24376778077493,-0.000333333333333335,0.00173221922506699));
#7823=CARTESIAN_POINT('',(-0.24376778077493,-0.000500000000000001,0.00173221922506699));
#7824=CARTESIAN_POINT('',(-0.243767780774931,0.,0.00173221922506799));
#7825=CARTESIAN_POINT('',(-0.24376778077493,0.,0.00173221922506699));
#7826=CARTESIAN_POINT('',(-0.24024625556523,0.,0.00528170653979899));
#7827=CARTESIAN_POINT('',(-0.24024625556523,0.,0.00528170653979899));
#7828=CARTESIAN_POINT('',(-0.240246255565144,0.,0.00528170653971354));
#7829=CARTESIAN_POINT('',(-0.24024625556523,-0.000500000000000001,0.00528170653979899));
#7830=CARTESIAN_POINT('',(-0.24024625556523,-0.000333333333333335,0.00528170653979899));
#7831=CARTESIAN_POINT('',(-0.24024625556523,-0.000166666666666669,0.00528170653979899));
#7832=CARTESIAN_POINT('',(-0.24024625556523,-3.46944695195362E-18,0.00528170653979899));
#7833=CARTESIAN_POINT('',(-0.242000188762463,-0.00025,0.00349966362413214));
#7834=CARTESIAN_POINT('',(-0.242000188762463,0.,0.00349966362413214));
#7835=CARTESIAN_POINT('',(-0.23450000000001,0.,0.0115));
#7836=CARTESIAN_POINT('',(-0.23450000000001,0.,0.0115));
#7837=CARTESIAN_POINT('',(-0.23450000000001,0.,0.0115));
#7838=CARTESIAN_POINT('',(-0.23450000000001,0.,0.0115));
#7839=CARTESIAN_POINT('',(-0.2,0.,0.0115));
#7840=CARTESIAN_POINT('',(-0.23450000000001,0.,0.0115));
#7841=CARTESIAN_POINT('',(-0.23450000000001,0.,-0.00399999999998101));
#7842=CARTESIAN_POINT('',(-0.23450000000001,0.,-0.00399999999998101));
#7843=CARTESIAN_POINT('',(-0.24999999999999,0.,-0.00399999999998351));
#7844=CARTESIAN_POINT('',(-0.24999999999999,0.,-0.00399999999998601));
#7845=CARTESIAN_POINT('',(-0.24999999999999,-1.38777878078145E-17,-0.07300000000001));
#7846=CARTESIAN_POINT('',(-0.24999999999999,-1.38777878078145E-17,-0.07300000000001));
#7847=CARTESIAN_POINT('',(-0.249999999999996,-6.93889390390723E-18,-0.0385));
#7848=CARTESIAN_POINT('',(-0.24999999999999,-1.38777878078145E-17,-0.07300000000001));
#7849=CARTESIAN_POINT('',(-0.2,0.00105388528752499,-0.0385));
#7850=CARTESIAN_POINT('',(-0.2,0.00105388528752499,-0.0385));
#7851=CARTESIAN_POINT('',(-0.25,0.00105388528752499,-0.0385));
#7852=CARTESIAN_POINT('',(-0.199999834791379,-6.93889390390723E-18,-0.0384997563598357));
#7853=CARTESIAN_POINT('',(-0.2,-6.93889390390723E-18,-0.0385));
#7854=CARTESIAN_POINT('',(-0.199999834791379,-6.93889390390723E-18,-0.0384997563598357));
#7855=CARTESIAN_POINT('',(-0.2,-6.93889390390723E-18,-0.0385));
#7856=CARTESIAN_POINT('',(-0.199999834791379,-6.93889390390723E-18,-0.0384997563598357));
#7857=CARTESIAN_POINT('',(-0.2,-6.93889390390723E-18,-0.0385));
#7858=CARTESIAN_POINT('',(-0.199999834791379,-6.93889390390723E-18,-0.0384997563598357));
#7859=CARTESIAN_POINT('',(-0.2,-6.93889390390723E-18,-0.0385));
#7860=CARTESIAN_POINT('',(-0.2,-2.80110000000083E-5,-0.0385));
#7861=CARTESIAN_POINT('',(0.,0.,0.));
#7862=CARTESIAN_POINT('',(-0.187202919542951,-1.69112568277794E-20,0.0706672333349315));
#7863=CARTESIAN_POINT('',(-0.186148539926776,-1.09313224631191E-21,0.0759679576190207));
#7864=CARTESIAN_POINT('',(-0.187202919542951,2.1283785813027E-20,0.08126868190311));
#7865=CARTESIAN_POINT('',(-0.190205538652889,4.68128144229702E-20,0.085762418966132));
#7866=CARTESIAN_POINT('',(-0.194699275715911,7.16073903988744E-20,0.0887650380760696));
#7867=CARTESIAN_POINT('',(-0.2,9.18927643117991E-20,0.0898194176922447));
#7868=CARTESIAN_POINT('',(-0.205300724284089,1.04580671870874E-19,0.0887650380760696));
#7869=CARTESIAN_POINT('',(-0.209794461347111,1.07739494166399E-19,0.0857624189661322));
#7870=CARTESIAN_POINT('',(-0.212797080457049,1.00888329138674E-19,0.0812686819031102));
#7871=CARTESIAN_POINT('',(-0.213851460073224,8.50702045572066E-20,0.0759679576190209));
#7872=CARTESIAN_POINT('',(-0.212797080457049,6.26932864978678E-20,0.0706672333349316));
#7873=CARTESIAN_POINT('',(-0.209794461347111,3.71642578879246E-20,0.0661734962719096));
#7874=CARTESIAN_POINT('',(-0.205300724284089,1.23696819120204E-20,0.063170877161972));
#7875=CARTESIAN_POINT('',(-0.2,-7.9156920009044E-21,0.0621164975457969));
#7876=CARTESIAN_POINT('',(-0.194699275715911,-2.06035995599794E-20,0.063170877161972));
#7877=CARTESIAN_POINT('',(-0.190205538652889,-2.37624218555038E-20,0.0661734962719094));
#7878=CARTESIAN_POINT('',(-0.187202919542951,-1.69112568277794E-20,0.0706672333349315));
#7879=CARTESIAN_POINT('',(-0.186148539926776,-1.09313224631191E-21,0.0759679576190207));
#7880=CARTESIAN_POINT('',(-0.187202919542951,2.1283785813027E-20,0.08126868190311));
#7881=CARTESIAN_POINT('',(-0.187542007320542,-0.000505264333327476,0.0708076880912446));
#7882=CARTESIAN_POINT('',(-0.186515565892455,-0.000505264333327475,0.0759679576190206));
#7883=CARTESIAN_POINT('',(-0.187542007320542,-0.000505264333327475,0.0811282271467968));
#7884=CARTESIAN_POINT('',(-0.190465065202092,-0.000505264333327475,0.0855028924169289));
#7885=CARTESIAN_POINT('',(-0.194839730472224,-0.000505264333327475,0.0884259502984785));
#7886=CARTESIAN_POINT('',(-0.2,-0.000505264333327475,0.0894523917265656));
#7887=CARTESIAN_POINT('',(-0.205160269527776,-0.000505264333327475,0.0884259502984786));
#7888=CARTESIAN_POINT('',(-0.209534934797908,-0.000505264333327475,0.085502892416929));
#7889=CARTESIAN_POINT('',(-0.212457992679458,-0.000505264333327476,0.081128227146797));
#7890=CARTESIAN_POINT('',(-0.213484434107545,-0.000505264333327475,0.0759679576190209));
#7891=CARTESIAN_POINT('',(-0.212457992679458,-0.000505264333327475,0.0708076880912447));
#7892=CARTESIAN_POINT('',(-0.209534934797908,-0.000505264333327476,0.0664330228211127));
#7893=CARTESIAN_POINT('',(-0.205160269527776,-0.000505264333327475,0.063509964939563));
#7894=CARTESIAN_POINT('',(-0.2,-0.000505264333327476,0.0624835235114759));
#7895=CARTESIAN_POINT('',(-0.194839730472224,-0.000505264333327476,0.063509964939563));
#7896=CARTESIAN_POINT('',(-0.190465065202092,-0.000505264333327476,0.0664330228211126));
#7897=CARTESIAN_POINT('',(-0.187542007320542,-0.000505264333327476,0.0708076880912446));
#7898=CARTESIAN_POINT('',(-0.186515565892455,-0.000505264333327475,0.0759679576190206));
#7899=CARTESIAN_POINT('',(-0.187542007320542,-0.000505264333327475,0.0811282271467968));
#7900=CARTESIAN_POINT('',(-0.188240340795225,-0.00109641544924131,0.0710969472875174));
#7901=CARTESIAN_POINT('',(-0.187271436598655,-0.00109641544924131,0.0759679576190207));
#7902=CARTESIAN_POINT('',(-0.188240340795225,-0.00109641544924131,0.0808389679505241));
#7903=CARTESIAN_POINT('',(-0.190999546504146,-0.00109641544924131,0.0849684111148747));
#7904=CARTESIAN_POINT('',(-0.195128989668497,-0.00109641544924131,0.0877276168237957));
#7905=CARTESIAN_POINT('',(-0.2,-0.00109641544924131,0.0886965210203658));
#7906=CARTESIAN_POINT('',(-0.204871010331503,-0.00109641544924131,0.0877276168237957));
#7907=CARTESIAN_POINT('',(-0.209000453495854,-0.00109641544924131,0.0849684111148748));
#7908=CARTESIAN_POINT('',(-0.211759659204775,-0.00109641544924131,0.0808389679505243));
#7909=CARTESIAN_POINT('',(-0.212728563401345,-0.00109641544924131,0.0759679576190209));
#7910=CARTESIAN_POINT('',(-0.211759659204775,-0.00109641544924131,0.0710969472875175));
#7911=CARTESIAN_POINT('',(-0.209000453495854,-0.00109641544924131,0.066967504123167));
#7912=CARTESIAN_POINT('',(-0.204871010331504,-0.00109641544924131,0.064208298414246));
#7913=CARTESIAN_POINT('',(-0.2,-0.00109641544924131,0.0632393942176759));
#7914=CARTESIAN_POINT('',(-0.195128989668497,-0.00109641544924131,0.0642082984142459));
#7915=CARTESIAN_POINT('',(-0.190999546504146,-0.00109641544924131,0.0669675041231668));
#7916=CARTESIAN_POINT('',(-0.188240340795225,-0.00109641544924131,0.0710969472875174));
#7917=CARTESIAN_POINT('',(-0.187271436598655,-0.00109641544924131,0.0759679576190207));
#7918=CARTESIAN_POINT('',(-0.188240340795225,-0.00109641544924131,0.0808389679505241));
#7919=CARTESIAN_POINT('',(-0.188995658063063,-0.000502041267291367,0.0714098099437504));
#7920=CARTESIAN_POINT('',(-0.188088986118109,-0.000502041267291366,0.0759679576190207));
#7921=CARTESIAN_POINT('',(-0.188995658063063,-0.000502041267291367,0.0805261052942911));
#7922=CARTESIAN_POINT('',(-0.191577641313308,-0.000502041267291366,0.084390316305713));
#7923=CARTESIAN_POINT('',(-0.19544185232473,-0.000502041267291367,0.0869722995559579));
#7924=CARTESIAN_POINT('',(-0.2,-0.000502041267291366,0.087878971500912));
#7925=CARTESIAN_POINT('',(-0.20455814767527,-0.000502041267291366,0.086972299555958));
#7926=CARTESIAN_POINT('',(-0.208422358686692,-0.000502041267291366,0.0843903163057132));
#7927=CARTESIAN_POINT('',(-0.211004341936937,-0.000502041267291367,0.0805261052942912));
#7928=CARTESIAN_POINT('',(-0.211911013881891,-0.000502041267291366,0.0759679576190209));
#7929=CARTESIAN_POINT('',(-0.211004341936937,-0.000502041267291366,0.0714098099437505));
#7930=CARTESIAN_POINT('',(-0.208422358686692,-0.000502041267291367,0.0675455989323285));
#7931=CARTESIAN_POINT('',(-0.20455814767527,-0.000502041267291367,0.0649636156820838));
#7932=CARTESIAN_POINT('',(-0.2,-0.000502041267291366,0.0640569437371296));
#7933=CARTESIAN_POINT('',(-0.19544185232473,-0.000502041267291367,0.0649636156820837));
#7934=CARTESIAN_POINT('',(-0.191577641313308,-0.000502041267291367,0.0675455989323284));
#7935=CARTESIAN_POINT('',(-0.188995658063063,-0.000502041267291367,0.0714098099437504));
#7936=CARTESIAN_POINT('',(-0.188088986118109,-0.000502041267291366,0.0759679576190207));
#7937=CARTESIAN_POINT('',(-0.188995658063063,-0.000502041267291367,0.0805261052942911));
#7938=CARTESIAN_POINT('',(-0.189383163275586,-1.40300792159411E-20,0.0715703198582677));
#7939=CARTESIAN_POINT('',(-0.188508418737716,-9.06894866859501E-22,0.0759679576190207));
#7940=CARTESIAN_POINT('',(-0.189383163275586,1.76576586833791E-20,0.0803655953797738));
#7941=CARTESIAN_POINT('',(-0.191874224962883,3.88372964448477E-20,0.0840937326561378));
#7942=CARTESIAN_POINT('',(-0.195602362239247,5.94076105622572E-20,0.0865847943434349));
#7943=CARTESIAN_POINT('',(-0.2,7.62369571815937E-20,0.0874595388813045));
#7944=CARTESIAN_POINT('',(-0.204397637760753,8.67632208384703E-20,0.086584794343435));
#7945=CARTESIAN_POINT('',(-0.208125775037117,8.93838733119451E-20,0.0840937326561379));
#7946=CARTESIAN_POINT('',(-0.210616836724414,8.36999440192056E-20,0.0803655953797739));
#7947=CARTESIAN_POINT('',(-0.211491581262284,7.05767596701239E-20,0.0759679576190209));
#7948=CARTESIAN_POINT('',(-0.210616836724414,5.20122061198853E-20,0.0715703198582678));
#7949=CARTESIAN_POINT('',(-0.208125775037117,3.08325683584167E-20,0.0678421825819038));
#7950=CARTESIAN_POINT('',(-0.204397637760753,1.02622542410073E-20,0.0653511208946067));
#7951=CARTESIAN_POINT('',(-0.2,-6.56709237832924E-21,0.0644763763567371));
#7952=CARTESIAN_POINT('',(-0.195602362239247,-1.70933560352059E-20,0.0653511208946067));
#7953=CARTESIAN_POINT('',(-0.191874224962883,-1.97140085086808E-20,0.0678421825819037));
#7954=CARTESIAN_POINT('',(-0.189383163275586,-1.40300792159411E-20,0.0715703198582677));
#7955=CARTESIAN_POINT('',(-0.188508418737716,-9.06894866859501E-22,0.0759679576190207));
#7956=CARTESIAN_POINT('',(-0.189383163275586,1.76576586833791E-20,0.0803655953797738));
#7957=CARTESIAN_POINT('',(-0.189388241211292,4.71041528442469E-6,0.0715724232081058));
#7958=CARTESIAN_POINT('',(-0.188513915055718,4.71041528442469E-6,0.0759679576190208));
#7959=CARTESIAN_POINT('',(-0.189388241211292,4.71041528442469E-6,0.0803634920299355));
#7960=CARTESIAN_POINT('',(-0.191878111446613,4.71041528442469E-6,0.0840898461724073));
#7961=CARTESIAN_POINT('',(-0.195604465589085,4.71041528442469E-6,0.086579716407729));
#7962=CARTESIAN_POINT('',(-0.2,4.71041528442469E-6,0.0874540425633028));
#7963=CARTESIAN_POINT('',(-0.204395534410915,4.71041528442469E-6,0.0865797164077291));
#7964=CARTESIAN_POINT('',(-0.208121888553387,4.71041528442469E-6,0.0840898461724074));
#7965=CARTESIAN_POINT('',(-0.210611758788708,4.71041528442469E-6,0.0803634920299358));
#7966=CARTESIAN_POINT('',(-0.211486084944282,4.71041528442469E-6,0.0759679576190209));
#7967=CARTESIAN_POINT('',(-0.210611758788708,4.71041528442469E-6,0.0715724232081061));
#7968=CARTESIAN_POINT('',(-0.208121888553387,4.71041528442469E-6,0.0678460690656343));
#7969=CARTESIAN_POINT('',(-0.204395534410915,4.71041528442469E-6,0.0653561988303126));
#7970=CARTESIAN_POINT('',(-0.2,4.71041528442469E-6,0.0644818726747388));
#7971=CARTESIAN_POINT('',(-0.195604465589085,4.71041528442469E-6,0.0653561988303125));
#7972=CARTESIAN_POINT('',(-0.191878111446614,4.71041528442469E-6,0.0678460690656342));
#7973=CARTESIAN_POINT('',(-0.189388241211292,4.71041528442469E-6,0.0715724232081058));
#7974=CARTESIAN_POINT('',(-0.188513915055718,4.71041528442469E-6,0.0759679576190208));
#7975=CARTESIAN_POINT('',(-0.189388241211292,4.71041528442469E-6,0.0803634920299355));
#7976=CARTESIAN_POINT('',(-0.18880000025034,0.,0.0759679576190207));
#7977=CARTESIAN_POINT('',(-0.2,0.,0.0759679576190208));
#7978=CARTESIAN_POINT('',(-0.186499999798834,0.,0.0759679576190208));
#7979=CARTESIAN_POINT('',(-0.2,0.00973563977079311,0.0759679576190208));
#7980=CARTESIAN_POINT('',(-0.2,-0.00500000007450581,0.0759679576190208));
#7981=CARTESIAN_POINT('',(0.,0.,0.));
#7982=CARTESIAN_POINT('',(6.9702626038704E-19,0.,0.0759679576190208));
#7983=CARTESIAN_POINT('',(6.9702626038704E-19,0.,0.0759679576190208));
#7984=CARTESIAN_POINT('',(0.023,0.,0.0759679576190208));
#7985=CARTESIAN_POINT('',(-0.0164879988033822,0.,0.10409615121217));
#7986=CARTESIAN_POINT('',(-0.0181546072548804,0.,0.10409615121217));
#7987=CARTESIAN_POINT('',(-0.0326037296159252,0.,0.0757530285942991));
#7988=CARTESIAN_POINT('',(-0.0334370338416743,0.,0.0743097033371398));
#7989=CARTESIAN_POINT('',(-0.016115730812543,2.22044604925031E-18,0.0476248350011497));
#7990=CARTESIAN_POINT('',(-0.0152824265867939,2.22044604925031E-18,0.0461815097439904));
#7991=CARTESIAN_POINT('',(0.0164879988033822,0.,0.0478397640258714));
#7992=CARTESIAN_POINT('',(0.0181546072548804,0.,0.0478397640258714));
#7993=CARTESIAN_POINT('',(0.0326037296159252,0.,0.0761828866437424));
#7994=CARTESIAN_POINT('',(0.0334370338416743,0.,0.0776262119009017));
#7995=CARTESIAN_POINT('',(0.016115730812543,0.,0.104311080236892));
#7996=CARTESIAN_POINT('',(0.0152824265867939,0.,0.105754405494051));
#7997=CARTESIAN_POINT('',(6.9702626038704E-19,0.,0.0759679576190208));
#7998=CARTESIAN_POINT('',(0.037,0.,0.0759679576190208));
#7999=CARTESIAN_POINT('',(6.9702626038704E-19,0.009,0.0759679576190208));
#8000=CARTESIAN_POINT('',(6.9702626038704E-19,0.009,0.0759679576190208));
#8001=CARTESIAN_POINT('',(0.019511712773575,0.009,0.0759679576190208));
#8002=CARTESIAN_POINT('',(6.9702626038704E-19,0.009,0.0759679576190208));
#8003=CARTESIAN_POINT('',(0.023,0.009,0.0759679576190208));
#8004=CARTESIAN_POINT('',(6.9702626038704E-19,0.,0.0759679576190208));
#8005=CARTESIAN_POINT('',(6.9702626038704E-19,0.0125,0.0759679576190208));
#8006=CARTESIAN_POINT('',(6.9702626038704E-19,0.0125,0.0759679576190208));
#8007=CARTESIAN_POINT('',(-0.0157754141435256,0.0125,0.0759679576190208));
#8008=CARTESIAN_POINT('',(6.9702626038704E-19,0.0125,0.0759679576190208));
#8009=CARTESIAN_POINT('',(0.019511712773575,0.0125,0.0759679576190208));
#8010=CARTESIAN_POINT('',(6.9702626038704E-19,0.009,0.0759679576190208));
#8011=CARTESIAN_POINT('',(6.9702626038704E-19,0.0151320948566707,0.0759679576190208));
#8012=CARTESIAN_POINT('',(6.9702626038704E-19,0.0160000002384186,0.0759679576190208));
#8013=CARTESIAN_POINT('',(0.0157754141435256,0.0160000002384186,0.0759679576190208));
#8014=CARTESIAN_POINT('',(6.9702626038704E-19,0.0175000002607703,0.0759679576190208));
#8015=CARTESIAN_POINT('',(0.0135000002011657,0.0175000002607703,0.0759679576190208));
#8016=CARTESIAN_POINT('',(6.9702626038704E-19,0.0175000002607703,0.0759679576190208));
#8017=CARTESIAN_POINT('',(6.9702626038704E-19,0.0142307041980962,0.0759679576190208));
#8018=CARTESIAN_POINT('',(-0.0164879988033822,-0.004,0.10409615121217));
#8019=CARTESIAN_POINT('',(-0.0164879988033822,-0.0015,0.10409615121217));
#8020=CARTESIAN_POINT('',(-0.0181546072548804,-0.0015,0.10409615121217));
#8021=CARTESIAN_POINT('',(-0.016115730812543,-0.0015,0.0476248350011497));
#8022=CARTESIAN_POINT('',(-0.0164879988033822,-0.0015,0.10409615121217));
#8023=CARTESIAN_POINT('',(-0.0198744059233429,-0.0015,0.10409615121217));
#8024=CARTESIAN_POINT('',(-0.0164879988033822,-0.004,0.10409615121217));
#8025=CARTESIAN_POINT('',(-0.0164879988033822,-0.0035,0.10409615121217));
#8026=CARTESIAN_POINT('',(-0.0198744059233429,-0.0035,0.10409615121217));
#8027=CARTESIAN_POINT('',(-0.0164879988033822,-0.0035,0.10409615121217));
#8028=CARTESIAN_POINT('',(-0.0164879988033822,-0.004,0.10409615121217));
#8029=CARTESIAN_POINT('',(-0.0203744059233429,-0.004,0.10409615121217));
#8030=CARTESIAN_POINT('',(-0.0326037296159252,-0.004,0.0757530285942991));
#8031=CARTESIAN_POINT('',(-0.0326037296159252,-0.0015,0.0757530285942991));
#8032=CARTESIAN_POINT('',(-0.0334370338416743,-0.0015,0.0743097033371398));
#8033=CARTESIAN_POINT('',(-0.016115730812543,-0.0015,0.0476248350011497));
#8034=CARTESIAN_POINT('',(-0.0326037296159252,-0.0015,0.0757530285942991));
#8035=CARTESIAN_POINT('',(-0.0342969331759056,-0.0015,0.0728203140008566));
#8036=CARTESIAN_POINT('',(-0.0326037296159252,-0.004,0.0757530285942991));
#8037=CARTESIAN_POINT('',(-0.0326037296159252,-0.0035,0.0757530285942991));
#8038=CARTESIAN_POINT('',(-0.0342969331759056,-0.0035,0.0728203140008566));
#8039=CARTESIAN_POINT('',(-0.0326037296159252,-0.0035,0.0757530285942991));
#8040=CARTESIAN_POINT('',(-0.0326037296159252,-0.004,0.0757530285942991));
#8041=CARTESIAN_POINT('',(-0.0345469331759056,-0.004,0.0723873012989644));
#8042=CARTESIAN_POINT('',(-0.016115730812543,-0.004,0.0476248350011497));
#8043=CARTESIAN_POINT('',(-0.016115730812543,-0.0015,0.0476248350011497));
#8044=CARTESIAN_POINT('',(-0.0152824265867939,-0.0015,0.0461815097439904));
#8045=CARTESIAN_POINT('',(-0.016115730812543,-0.0015,0.0476248350011497));
#8046=CARTESIAN_POINT('',(-0.016115730812543,-0.0015,0.0476248350011497));
#8047=CARTESIAN_POINT('',(-0.0144225272525626,-0.0015,0.0446921204077072));
#8048=CARTESIAN_POINT('',(-0.016115730812543,-0.004,0.0476248350011497));
#8049=CARTESIAN_POINT('',(-0.016115730812543,-0.0035,0.0476248350011497));
#8050=CARTESIAN_POINT('',(-0.0144225272525626,-0.0035,0.0446921204077072));
#8051=CARTESIAN_POINT('',(-0.016115730812543,-0.0035,0.0476248350011497));
#8052=CARTESIAN_POINT('',(-0.016115730812543,-0.004,0.0476248350011497));
#8053=CARTESIAN_POINT('',(-0.0141725272525626,-0.004,0.044259107705815));
#8054=CARTESIAN_POINT('',(0.0164879988033822,-0.004,0.0478397640258714));
#8055=CARTESIAN_POINT('',(0.0164879988033822,-0.0015,0.0478397640258714));
#8056=CARTESIAN_POINT('',(0.0181546072548804,-0.0015,0.0478397640258714));
#8057=CARTESIAN_POINT('',(-0.016115730812543,-0.0015,0.0476248350011497));
#8058=CARTESIAN_POINT('',(0.0164879988033822,-0.0015,0.0478397640258714));
#8059=CARTESIAN_POINT('',(0.0198744059233429,-0.0015,0.0478397640258714));
#8060=CARTESIAN_POINT('',(0.0164879988033822,-0.004,0.0478397640258714));
#8061=CARTESIAN_POINT('',(0.0164879988033822,-0.0035,0.0478397640258714));
#8062=CARTESIAN_POINT('',(0.0198744059233429,-0.0035,0.0478397640258714));
#8063=CARTESIAN_POINT('',(0.0164879988033822,-0.0035,0.0478397640258714));
#8064=CARTESIAN_POINT('',(0.0164879988033822,-0.004,0.0478397640258714));
#8065=CARTESIAN_POINT('',(0.0203744059233429,-0.004,0.0478397640258714));
#8066=CARTESIAN_POINT('',(0.0326037296159252,-0.004,0.0761828866437424));
#8067=CARTESIAN_POINT('',(0.0326037296159252,-0.0015,0.0761828866437424));
#8068=CARTESIAN_POINT('',(0.0334370338416743,-0.0015,0.0776262119009017));
#8069=CARTESIAN_POINT('',(-0.016115730812543,-0.0015,0.0476248350011497));
#8070=CARTESIAN_POINT('',(0.0326037296159252,-0.0015,0.0761828866437424));
#8071=CARTESIAN_POINT('',(0.0342969331759056,-0.0015,0.0791156012371849));
#8072=CARTESIAN_POINT('',(0.0326037296159252,-0.004,0.0761828866437424));
#8073=CARTESIAN_POINT('',(0.0326037296159252,-0.0035,0.0761828866437424));
#8074=CARTESIAN_POINT('',(0.0342969331759056,-0.0035,0.0791156012371849));
#8075=CARTESIAN_POINT('',(0.0326037296159252,-0.0035,0.0761828866437424));
#8076=CARTESIAN_POINT('',(0.0326037296159252,-0.004,0.0761828866437424));
#8077=CARTESIAN_POINT('',(0.0345469331759056,-0.004,0.0795486139390771));
#8078=CARTESIAN_POINT('',(0.016115730812543,-0.004,0.104311080236892));
#8079=CARTESIAN_POINT('',(0.016115730812543,-0.0015,0.104311080236892));
#8080=CARTESIAN_POINT('',(0.0152824265867939,-0.0015,0.105754405494051));
#8081=CARTESIAN_POINT('',(-0.016115730812543,-0.0015,0.0476248350011497));
#8082=CARTESIAN_POINT('',(0.016115730812543,-0.0015,0.104311080236892));
#8083=CARTESIAN_POINT('',(0.0144225272525626,-0.0015,0.107243794830334));
#8084=CARTESIAN_POINT('',(0.016115730812543,-0.004,0.104311080236892));
#8085=CARTESIAN_POINT('',(0.016115730812543,-0.0035,0.104311080236892));
#8086=CARTESIAN_POINT('',(0.0144225272525626,-0.0035,0.107243794830334));
#8087=CARTESIAN_POINT('',(0.016115730812543,-0.0035,0.104311080236892));
#8088=CARTESIAN_POINT('',(0.016115730812543,-0.004,0.104311080236892));
#8089=CARTESIAN_POINT('',(0.0141725272525626,-0.004,0.107676807532226));
#8090=CARTESIAN_POINT('',(6.9702626038704E-19,0.,0.0759679576190208));
#8091=CARTESIAN_POINT('',(6.9702626038704E-19,0.,0.0759679576190208));
#8092=CARTESIAN_POINT('',(0.0135000002011657,0.,0.0759679576190208));
#8093=CARTESIAN_POINT('',(0.012797080457049,-6.44387203779178E-20,0.0706672333349314));
#8094=CARTESIAN_POINT('',(0.013851460073224,-9.46067738109129E-22,0.0759679576190207));
#8095=CARTESIAN_POINT('',(0.012797080457049,6.82229913303541E-20,0.0812686819031101));
#8096=CARTESIAN_POINT('',(0.0097944613471115,1.3253809460338E-19,0.0857624189661321));
#8097=CARTESIAN_POINT('',(0.00530072428408946,1.82207850625512E-19,0.0887650380760697));
#8098=CARTESIAN_POINT('',(1.02097963330244E-16,2.09670489299842E-19,0.0898194176922448));
#8099=CARTESIAN_POINT('',(-0.00530072428408928,2.10745072837642E-19,0.0887650380760698));
#8100=CARTESIAN_POINT('',(-0.00979446134711135,1.85268005636405E-19,0.0857624189661323));
#8101=CARTESIAN_POINT('',(-0.0127970804570489,1.37117940227332E-19,0.0812686819031102));
#8102=CARTESIAN_POINT('',(-0.013851460073224,7.36252875875225E-20,0.0759679576190209));
#8103=CARTESIAN_POINT('',(-0.012797080457049,4.45622851905936E-21,0.0706672333349315));
#8104=CARTESIAN_POINT('',(-0.0097944613471115,-5.98588747539661E-20,0.0661734962719095));
#8105=CARTESIAN_POINT('',(-0.00530072428408947,-1.09528630776099E-19,0.0631708771619719));
#8106=CARTESIAN_POINT('',(-1.04639062172007E-16,-1.36991269450429E-19,0.0621164975457968));
#8107=CARTESIAN_POINT('',(0.00530072428408928,-1.38065852988228E-19,0.0631708771619718));
#8108=CARTESIAN_POINT('',(0.00979446134711136,-1.12588785786992E-19,0.0661734962719093));
#8109=CARTESIAN_POINT('',(0.012797080457049,-6.44387203779178E-20,0.0706672333349314));
#8110=CARTESIAN_POINT('',(0.013851460073224,-9.46067738109129E-22,0.0759679576190207));
#8111=CARTESIAN_POINT('',(0.012797080457049,6.82229913303541E-20,0.0812686819031101));
#8112=CARTESIAN_POINT('',(0.0132547582398374,-0.000171686324636794,0.0704776569901036));
#8113=CARTESIAN_POINT('',(0.0143468469355614,-0.000171686324636794,0.0759679576190207));
#8114=CARTESIAN_POINT('',(0.0132547582398375,-0.000171686324636794,0.0814582582479379));
#8115=CARTESIAN_POINT('',(0.010144752756781,-0.000171686324636794,0.0861127103758017));
#8116=CARTESIAN_POINT('',(0.0054903006289173,-0.000171686324636794,0.0892227158588582));
#8117=CARTESIAN_POINT('',(1.01796419601022E-16,-0.000171686324636794,0.0903148045545823));
#8118=CARTESIAN_POINT('',(-0.00549030062891711,-0.000171686324636794,0.0892227158588583));
#8119=CARTESIAN_POINT('',(-0.0101447527567808,-0.000171686324636794,0.0861127103758018));
#8120=CARTESIAN_POINT('',(-0.0132547582398374,-0.000171686324636794,0.0814582582479381));
#8121=CARTESIAN_POINT('',(-0.0143468469355614,-0.000171686324636794,0.0759679576190209));
#8122=CARTESIAN_POINT('',(-0.0132547582398375,-0.000171686324636794,0.0704776569901037));
#8123=CARTESIAN_POINT('',(-0.010144752756781,-0.000171686324636795,0.0658232048622399));
#8124=CARTESIAN_POINT('',(-0.0054903006289173,-0.000171686324636795,0.0627131993791834));
#8125=CARTESIAN_POINT('',(-1.05289583475499E-16,-0.000171686324636795,0.0616211106834594));
#8126=CARTESIAN_POINT('',(0.00549030062891712,-0.000171686324636795,0.0627131993791833));
#8127=CARTESIAN_POINT('',(0.0101447527567808,-0.000171686324636795,0.0658232048622398));
#8128=CARTESIAN_POINT('',(0.0132547582398374,-0.000171686324636794,0.0704776569901036));
#8129=CARTESIAN_POINT('',(0.0143468469355614,-0.000171686324636794,0.0759679576190207));
#8130=CARTESIAN_POINT('',(0.0132547582398375,-0.000171686324636794,0.0814582582479379));
#8131=CARTESIAN_POINT('',(0.0137888837804347,-0.000467300600396379,0.0702564149471783));
#8132=CARTESIAN_POINT('',(0.0149249802546808,-0.000467300600396378,0.0759679576190206));
#8133=CARTESIAN_POINT('',(0.0137888837804347,-0.000467300600396379,0.0816795002908632));
#8134=CARTESIAN_POINT('',(0.0105535547471602,-0.000467300600396379,0.0865215123661809));
#8135=CARTESIAN_POINT('',(0.00571154267184255,-0.000467300600396378,0.0897568413994555));
#8136=CARTESIAN_POINT('',(1.01657506197672E-16,-0.000467300600396379,0.0908929378737016));
#8137=CARTESIAN_POINT('',(-0.00571154267184236,-0.000467300600396379,0.0897568413994555));
#8138=CARTESIAN_POINT('',(-0.0105535547471601,-0.000467300600396378,0.086521512366181));
#8139=CARTESIAN_POINT('',(-0.0137888837804347,-0.000467300600396378,0.0816795002908633));
#8140=CARTESIAN_POINT('',(-0.0149249802546808,-0.000467300600396379,0.0759679576190209));
#8141=CARTESIAN_POINT('',(-0.0137888837804348,-0.000467300600396379,0.0702564149471784));
#8142=CARTESIAN_POINT('',(-0.0105535547471602,-0.000467300600396378,0.0654144028718607));
#8143=CARTESIAN_POINT('',(-0.00571154267184255,-0.000467300600396379,0.0621790738385862));
#8144=CARTESIAN_POINT('',(-1.02978877595389E-16,-0.000467300600396379,0.0610429773643399));
#8145=CARTESIAN_POINT('',(0.00571154267184236,-0.000467300600396379,0.0621790738385861));
#8146=CARTESIAN_POINT('',(0.0105535547471601,-0.000467300600396378,0.0654144028718606));
#8147=CARTESIAN_POINT('',(0.0137888837804347,-0.000467300600396379,0.0702564149471783));
#8148=CARTESIAN_POINT('',(0.0149249802546808,-0.000467300600396378,0.0759679576190206));
#8149=CARTESIAN_POINT('',(0.0137888837804347,-0.000467300600396379,0.0816795002908632));
#8150=CARTESIAN_POINT('',(0.0143411259646747,-0.00107995805943909,0.0700276687447516));
#8151=CARTESIAN_POINT('',(0.0155227228875747,-0.00107995805943909,0.0759679576190207));
#8152=CARTESIAN_POINT('',(0.0143411259646748,-0.00107995805943909,0.0819082464932899));
#8153=CARTESIAN_POINT('',(0.0109762226162838,-0.00107995805943909,0.0869441802353045));
#8154=CARTESIAN_POINT('',(0.0059402888742693,-0.00107995805943909,0.0903090835836955));
#8155=CARTESIAN_POINT('',(1.03805581751909E-16,-0.00107995805943909,0.0914906805065955));
#8156=CARTESIAN_POINT('',(-0.00594028887426913,-0.00107995805943909,0.0903090835836956));
#8157=CARTESIAN_POINT('',(-0.0109762226162836,-0.00107995805943909,0.0869441802353046));
#8158=CARTESIAN_POINT('',(-0.0143411259646747,-0.00107995805943909,0.0819082464932901));
#8159=CARTESIAN_POINT('',(-0.0155227228875747,-0.00107995805943909,0.0759679576190209));
#8160=CARTESIAN_POINT('',(-0.0143411259646748,-0.00107995805943909,0.0700276687447517));
#8161=CARTESIAN_POINT('',(-0.0109762226162838,-0.00107995805943909,0.0649917350027372));
#8162=CARTESIAN_POINT('',(-0.00594028887426931,-0.00107995805943909,0.0616268316543461));
#8163=CARTESIAN_POINT('',(-1.03636175162458E-16,-0.00107995805943909,0.0604452347314462));
#8164=CARTESIAN_POINT('',(0.00594028887426912,-0.00107995805943909,0.0616268316543461));
#8165=CARTESIAN_POINT('',(0.0109762226162836,-0.00107995805943909,0.064991735002737));
#8166=CARTESIAN_POINT('',(0.0143411259646747,-0.00107995805943909,0.0700276687447516));
#8167=CARTESIAN_POINT('',(0.0155227228875747,-0.00107995805943909,0.0759679576190207));
#8168=CARTESIAN_POINT('',(0.0143411259646748,-0.00107995805943909,0.0819082464932899));
#8169=CARTESIAN_POINT('',(0.0147742585265266,-0.00171048063082377,0.0698482593633272));
#8170=CARTESIAN_POINT('',(0.0159915421942158,-0.00171048063082377,0.0759679576190206));
#8171=CARTESIAN_POINT('',(0.0147742585265266,-0.00171048063082377,0.0820876558747144));
#8172=CARTESIAN_POINT('',(0.0113077279271609,-0.00171048063082377,0.0872756855461815));
#8173=CARTESIAN_POINT('',(0.00611969825569375,-0.00171048063082377,0.0907422161455474));
#8174=CARTESIAN_POINT('',(1.0014639941977E-16,-0.00171048063082377,0.0919594998132366));
#8175=CARTESIAN_POINT('',(-0.00611969825569356,-0.00171048063082377,0.0907422161455474));
#8176=CARTESIAN_POINT('',(-0.0113077279271607,-0.00171048063082377,0.0872756855461817));
#8177=CARTESIAN_POINT('',(-0.0147742585265266,-0.00171048063082377,0.0820876558747145));
#8178=CARTESIAN_POINT('',(-0.0159915421942158,-0.00171048063082377,0.0759679576190209));
#8179=CARTESIAN_POINT('',(-0.0147742585265266,-0.00171048063082377,0.0698482593633272));
#8180=CARTESIAN_POINT('',(-0.0113077279271609,-0.00171048063082377,0.0646602296918601));
#8181=CARTESIAN_POINT('',(-0.00611969825569375,-0.00171048063082377,0.0611936990924943));
#8182=CARTESIAN_POINT('',(-1.04550970745493E-16,-0.00171048063082377,0.059976415424805));
#8183=CARTESIAN_POINT('',(0.00611969825569357,-0.00171048063082377,0.0611936990924942));
#8184=CARTESIAN_POINT('',(0.0113077279271607,-0.00171048063082377,0.0646602296918599));
#8185=CARTESIAN_POINT('',(0.0147742585265266,-0.00171048063082377,0.0698482593633272));
#8186=CARTESIAN_POINT('',(0.0159915421942158,-0.00171048063082377,0.0759679576190206));
#8187=CARTESIAN_POINT('',(0.0147742585265266,-0.00171048063082377,0.0820876558747144));
#8188=CARTESIAN_POINT('',(0.0151504814885688,-0.00235943532197561,0.0696924227099731));
#8189=CARTESIAN_POINT('',(0.0163987629939012,-0.00235943532197561,0.0759679576190206));
#8190=CARTESIAN_POINT('',(0.0151504814885689,-0.00235943532197561,0.0822434925280685));
#8191=CARTESIAN_POINT('',(0.0115956765160587,-0.00235943532197561,0.0875636341350793));
#8192=CARTESIAN_POINT('',(0.00627553490904783,-0.00235943532197561,0.0911184391075896));
#8193=CARTESIAN_POINT('',(1.07342791339643E-16,-0.00235943532197561,0.092366720612922));
#8194=CARTESIAN_POINT('',(-0.00627553490904766,-0.00235943532197561,0.0911184391075897));
#8195=CARTESIAN_POINT('',(-0.0115956765160585,-0.00235943532197561,0.0875636341350795));
#8196=CARTESIAN_POINT('',(-0.0151504814885688,-0.00235943532197561,0.0822434925280686));
#8197=CARTESIAN_POINT('',(-0.0163987629939013,-0.00235943532197561,0.0759679576190209));
#8198=CARTESIAN_POINT('',(-0.0151504814885689,-0.00235943532197561,0.0696924227099732));
#8199=CARTESIAN_POINT('',(-0.0115956765160587,-0.00235943532197561,0.0643722811029623));
#8200=CARTESIAN_POINT('',(-0.00627553490904784,-0.00235943532197561,0.060817476130452));
#8201=CARTESIAN_POINT('',(-1.02104739593822E-16,-0.00235943532197561,0.0595691946251196));
#8202=CARTESIAN_POINT('',(0.00627553490904765,-0.00235943532197561,0.0608174761304519));
#8203=CARTESIAN_POINT('',(0.0115956765160585,-0.00235943532197561,0.0643722811029621));
#8204=CARTESIAN_POINT('',(0.0151504814885688,-0.00235943532197561,0.0696924227099731));
#8205=CARTESIAN_POINT('',(0.0163987629939012,-0.00235943532197561,0.0759679576190206));
#8206=CARTESIAN_POINT('',(0.0151504814885689,-0.00235943532197561,0.0822434925280685));
#8207=CARTESIAN_POINT('',(0.0154371055665822,-0.0030346494526144,0.0695736991295572));
#8208=CARTESIAN_POINT('',(0.0167090026603589,-0.0030346494526144,0.0759679576190207));
#8209=CARTESIAN_POINT('',(0.0154371055665822,-0.0030346494526144,0.0823622161084843));
#8210=CARTESIAN_POINT('',(0.0118150490880039,-0.0030346494526144,0.0877830067070246));
#8211=CARTESIAN_POINT('',(0.00639425848946365,-0.0030346494526144,0.091405063185603));
#8212=CARTESIAN_POINT('',(1.00295477218487E-16,-0.0030346494526144,0.0926769602793798));
#8213=CARTESIAN_POINT('',(-0.00639425848946345,-0.0030346494526144,0.091405063185603));
#8214=CARTESIAN_POINT('',(-0.0118150490880037,-0.0030346494526144,0.0877830067070247));
#8215=CARTESIAN_POINT('',(-0.0154371055665822,-0.0030346494526144,0.0823622161084844));
#8216=CARTESIAN_POINT('',(-0.0167090026603589,-0.0030346494526144,0.0759679576190209));
#8217=CARTESIAN_POINT('',(-0.0154371055665822,-0.0030346494526144,0.0695736991295574));
#8218=CARTESIAN_POINT('',(-0.0118150490880039,-0.0030346494526144,0.0641529085310171));
#8219=CARTESIAN_POINT('',(-0.00639425848946364,-0.0030346494526144,0.0605308520524387));
#8220=CARTESIAN_POINT('',(-1.079729838524E-16,-0.0030346494526144,0.0592589549586619));
#8221=CARTESIAN_POINT('',(0.00639425848946346,-0.0030346494526144,0.0605308520524386));
#8222=CARTESIAN_POINT('',(0.0118150490880038,-0.0030346494526144,0.0641529085310169));
#8223=CARTESIAN_POINT('',(0.0154371055665822,-0.0030346494526144,0.0695736991295572));
#8224=CARTESIAN_POINT('',(0.0167090026603589,-0.0030346494526144,0.0759679576190207));
#8225=CARTESIAN_POINT('',(0.0154371055665822,-0.0030346494526144,0.0823622161084843));
#8226=CARTESIAN_POINT('',(0.0155475275835744,-0.00355091708709578,0.0695279608325344));
#8227=CARTESIAN_POINT('',(0.0168285225902918,-0.00355091708709577,0.0759679576190206));
#8228=CARTESIAN_POINT('',(0.0155475275835744,-0.00355091708709577,0.082407954405507));
#8229=CARTESIAN_POINT('',(0.0118995624409464,-0.00355091708709577,0.087867520059967));
#8230=CARTESIAN_POINT('',(0.0064399967864864,-0.00355091708709577,0.0915154852025952));
#8231=CARTESIAN_POINT('',(1.09246921405071E-16,-0.00355091708709577,0.0927964802093125));
#8232=CARTESIAN_POINT('',(-0.00643999678648623,-0.00355091708709577,0.0915154852025952));
#8233=CARTESIAN_POINT('',(-0.0118995624409463,-0.00355091708709577,0.0878675200599672));
#8234=CARTESIAN_POINT('',(-0.0155475275835744,-0.00355091708709577,0.0824079544055072));
#8235=CARTESIAN_POINT('',(-0.0168285225902918,-0.00355091708709577,0.0759679576190209));
#8236=CARTESIAN_POINT('',(-0.0155475275835745,-0.00355091708709577,0.0695279608325346));
#8237=CARTESIAN_POINT('',(-0.0118995624409464,-0.00355091708709577,0.0640683951780745));
#8238=CARTESIAN_POINT('',(-0.00643999678648642,-0.00355091708709577,0.0604204300354464));
#8239=CARTESIAN_POINT('',(-1.02755260897314E-16,-0.00355091708709577,0.059139435028729));
#8240=CARTESIAN_POINT('',(0.00643999678648623,-0.00355091708709578,0.0604204300354463));
#8241=CARTESIAN_POINT('',(0.0118995624409463,-0.00355091708709577,0.0640683951780744));
#8242=CARTESIAN_POINT('',(0.0155475275835744,-0.00355091708709578,0.0695279608325344));
#8243=CARTESIAN_POINT('',(0.0168285225902918,-0.00355091708709577,0.0759679576190206));
#8244=CARTESIAN_POINT('',(0.0155475275835744,-0.00355091708709577,0.082407954405507));
#8245=CARTESIAN_POINT('',(0.0156408761141709,-0.00400000005960464,0.0694892946051338));
#8246=CARTESIAN_POINT('',(0.0169295623117182,-0.00400000005960463,0.0759679576190207));
#8247=CARTESIAN_POINT('',(0.015640876114171,-0.00400000005960463,0.0824466206329078));
#8248=CARTESIAN_POINT('',(0.0119710083131362,-0.00400000005960463,0.0879389659321569));
#8249=CARTESIAN_POINT('',(0.0064786630138871,-0.00400000005960464,0.0916088337331917));
#8250=CARTESIAN_POINT('',(1.03270256929244E-16,-0.00400000005960463,0.0928975199307391));
#8251=CARTESIAN_POINT('',(-0.00647866301388691,-0.00400000005960464,0.0916088337331918));
#8252=CARTESIAN_POINT('',(-0.0119710083131361,-0.00400000005960464,0.087938965932157));
#8253=CARTESIAN_POINT('',(-0.0156408761141709,-0.00400000005960463,0.0824466206329079));
#8254=CARTESIAN_POINT('',(-0.0169295623117182,-0.00400000005960463,0.0759679576190209));
#8255=CARTESIAN_POINT('',(-0.015640876114171,-0.00400000005960464,0.0694892946051339));
#8256=CARTESIAN_POINT('',(-0.0119710083131363,-0.00400000005960463,0.0639969493058847));
#8257=CARTESIAN_POINT('',(-0.0064786630138871,-0.00400000005960464,0.0603270815048499));
#8258=CARTESIAN_POINT('',(-1.0435445910173E-16,-0.00400000005960463,0.0590383953073026));
#8259=CARTESIAN_POINT('',(0.00647866301388691,-0.00400000005960464,0.0603270815048498));
#8260=CARTESIAN_POINT('',(0.0119710083131361,-0.00400000005960463,0.0639969493058845));
#8261=CARTESIAN_POINT('',(0.0156408761141709,-0.00400000005960464,0.0694892946051338));
#8262=CARTESIAN_POINT('',(0.0169295623117182,-0.00400000005960463,0.0759679576190207));
#8263=CARTESIAN_POINT('',(0.015640876114171,-0.00400000005960463,0.0824466206329078));
#8264=CARTESIAN_POINT('',(6.9702626038704E-19,-0.00400000005960464,0.0759679576190208));
#8265=CARTESIAN_POINT('',(-0.0165000002458692,-0.00400000005960464,0.0759679576190208));
#8266=CARTESIAN_POINT('',(6.9702626038704E-19,0.,0.0759679576190208));
#8267=CARTESIAN_POINT('',(6.9702626038704E-19,-0.0037,0.0759679576190208));
#8268=CARTESIAN_POINT('',(0.037,-0.0037,0.0759679576190208));
#8269=CARTESIAN_POINT('',(6.9702626038704E-19,-0.004,0.0759679576190208));
#8270=CARTESIAN_POINT('',(6.9702626038704E-19,-0.004,0.0759679576190208));
#8271=CARTESIAN_POINT('',(0.0367,-0.004,0.0759679576190208));
#8272=CARTESIAN_POINT('',(6.9702626038704E-19,-0.00385,0.0759679576190208));
#8273=CARTESIAN_POINT('',(0.,0.,0.));
#8274=CARTESIAN_POINT('',(-0.2,0.,0.0759679576190208));
#8275=CARTESIAN_POINT('',(-0.2,0.,0.0759679576190208));
#8276=CARTESIAN_POINT('',(-0.177,0.,0.0759679576190208));
#8277=CARTESIAN_POINT('',(-0.216487998803382,0.,0.10409615121217));
#8278=CARTESIAN_POINT('',(-0.21815460725488,0.,0.10409615121217));
#8279=CARTESIAN_POINT('',(-0.232603729615925,0.,0.0757530285942991));
#8280=CARTESIAN_POINT('',(-0.233437033841674,0.,0.0743097033371398));
#8281=CARTESIAN_POINT('',(-0.216115730812543,2.22044604925031E-18,0.0476248350011497));
#8282=CARTESIAN_POINT('',(-0.215282426586794,2.22044604925031E-18,0.0461815097439904));
#8283=CARTESIAN_POINT('',(-0.183512001196618,0.,0.0478397640258714));
#8284=CARTESIAN_POINT('',(-0.18184539274512,0.,0.0478397640258714));
#8285=CARTESIAN_POINT('',(-0.167396270384075,0.,0.0761828866437424));
#8286=CARTESIAN_POINT('',(-0.166562966158326,0.,0.0776262119009017));
#8287=CARTESIAN_POINT('',(-0.183884269187457,0.,0.104311080236892));
#8288=CARTESIAN_POINT('',(-0.184717573413206,0.,0.105754405494051));
#8289=CARTESIAN_POINT('',(-0.2,0.,0.0759679576190208));
#8290=CARTESIAN_POINT('',(-0.163,0.,0.0759679576190208));
#8291=CARTESIAN_POINT('',(-0.2,0.009,0.0759679576190208));
#8292=CARTESIAN_POINT('',(-0.2,0.009,0.0759679576190208));
#8293=CARTESIAN_POINT('',(-0.180488287226425,0.009,0.0759679576190208));
#8294=CARTESIAN_POINT('',(-0.2,0.009,0.0759679576190208));
#8295=CARTESIAN_POINT('',(-0.177,0.009,0.0759679576190208));
#8296=CARTESIAN_POINT('',(-0.2,0.,0.0759679576190208));
#8297=CARTESIAN_POINT('',(-0.2,0.0125,0.0759679576190208));
#8298=CARTESIAN_POINT('',(-0.2,0.0125,0.0759679576190208));
#8299=CARTESIAN_POINT('',(-0.215775414143526,0.0125,0.0759679576190208));
#8300=CARTESIAN_POINT('',(-0.2,0.0125,0.0759679576190208));
#8301=CARTESIAN_POINT('',(-0.180488287226425,0.0125,0.0759679576190208));
#8302=CARTESIAN_POINT('',(-0.2,0.009,0.0759679576190208));
#8303=CARTESIAN_POINT('',(-0.2,0.0151320948566707,0.0759679576190208));
#8304=CARTESIAN_POINT('',(-0.2,0.0160000002384186,0.0759679576190208));
#8305=CARTESIAN_POINT('',(-0.184224585856474,0.0160000002384186,0.0759679576190208));
#8306=CARTESIAN_POINT('',(-0.2,0.0175000002607703,0.0759679576190208));
#8307=CARTESIAN_POINT('',(-0.186499999798834,0.0175000002607703,0.0759679576190208));
#8308=CARTESIAN_POINT('',(-0.2,0.0175000002607703,0.0759679576190208));
#8309=CARTESIAN_POINT('',(-0.2,0.0142307041980962,0.0759679576190208));
#8310=CARTESIAN_POINT('',(-0.216487998803382,-0.004,0.10409615121217));
#8311=CARTESIAN_POINT('',(-0.216487998803382,-0.0015,0.10409615121217));
#8312=CARTESIAN_POINT('',(-0.21815460725488,-0.0015,0.10409615121217));
#8313=CARTESIAN_POINT('',(-0.216115730812543,-0.0015,0.0476248350011497));
#8314=CARTESIAN_POINT('',(-0.216487998803382,-0.0015,0.10409615121217));
#8315=CARTESIAN_POINT('',(-0.219874405923343,-0.0015,0.10409615121217));
#8316=CARTESIAN_POINT('',(-0.216487998803382,-0.004,0.10409615121217));
#8317=CARTESIAN_POINT('',(-0.216487998803382,-0.0035,0.10409615121217));
#8318=CARTESIAN_POINT('',(-0.219874405923343,-0.0035,0.10409615121217));
#8319=CARTESIAN_POINT('',(-0.216487998803382,-0.0035,0.10409615121217));
#8320=CARTESIAN_POINT('',(-0.216487998803382,-0.004,0.10409615121217));
#8321=CARTESIAN_POINT('',(-0.220374405923343,-0.004,0.10409615121217));
#8322=CARTESIAN_POINT('',(-0.232603729615925,-0.004,0.0757530285942991));
#8323=CARTESIAN_POINT('',(-0.232603729615925,-0.0015,0.0757530285942991));
#8324=CARTESIAN_POINT('',(-0.233437033841674,-0.0015,0.0743097033371398));
#8325=CARTESIAN_POINT('',(-0.216115730812543,-0.0015,0.0476248350011497));
#8326=CARTESIAN_POINT('',(-0.232603729615925,-0.0015,0.0757530285942991));
#8327=CARTESIAN_POINT('',(-0.234296933175905,-0.0015,0.0728203140008566));
#8328=CARTESIAN_POINT('',(-0.232603729615925,-0.004,0.0757530285942991));
#8329=CARTESIAN_POINT('',(-0.232603729615925,-0.0035,0.0757530285942991));
#8330=CARTESIAN_POINT('',(-0.234296933175905,-0.0035,0.0728203140008566));
#8331=CARTESIAN_POINT('',(-0.232603729615925,-0.0035,0.0757530285942991));
#8332=CARTESIAN_POINT('',(-0.232603729615925,-0.004,0.0757530285942991));
#8333=CARTESIAN_POINT('',(-0.234546933175905,-0.004,0.0723873012989644));
#8334=CARTESIAN_POINT('',(-0.216115730812543,-0.004,0.0476248350011497));
#8335=CARTESIAN_POINT('',(-0.216115730812543,-0.0015,0.0476248350011497));
#8336=CARTESIAN_POINT('',(-0.215282426586794,-0.0015,0.0461815097439904));
#8337=CARTESIAN_POINT('',(-0.216115730812543,-0.0015,0.0476248350011497));
#8338=CARTESIAN_POINT('',(-0.216115730812543,-0.0015,0.0476248350011497));
#8339=CARTESIAN_POINT('',(-0.214422527252563,-0.0015,0.0446921204077072));
#8340=CARTESIAN_POINT('',(-0.216115730812543,-0.004,0.0476248350011497));
#8341=CARTESIAN_POINT('',(-0.216115730812543,-0.0035,0.0476248350011497));
#8342=CARTESIAN_POINT('',(-0.214422527252563,-0.0035,0.0446921204077072));
#8343=CARTESIAN_POINT('',(-0.216115730812543,-0.0035,0.0476248350011497));
#8344=CARTESIAN_POINT('',(-0.216115730812543,-0.004,0.0476248350011497));
#8345=CARTESIAN_POINT('',(-0.214172527252563,-0.004,0.044259107705815));
#8346=CARTESIAN_POINT('',(-0.183512001196618,-0.004,0.0478397640258714));
#8347=CARTESIAN_POINT('',(-0.183512001196618,-0.0015,0.0478397640258714));
#8348=CARTESIAN_POINT('',(-0.18184539274512,-0.0015,0.0478397640258714));
#8349=CARTESIAN_POINT('',(-0.216115730812543,-0.0015,0.0476248350011497));
#8350=CARTESIAN_POINT('',(-0.183512001196618,-0.0015,0.0478397640258714));
#8351=CARTESIAN_POINT('',(-0.180125594076657,-0.0015,0.0478397640258714));
#8352=CARTESIAN_POINT('',(-0.183512001196618,-0.004,0.0478397640258714));
#8353=CARTESIAN_POINT('',(-0.183512001196618,-0.0035,0.0478397640258714));
#8354=CARTESIAN_POINT('',(-0.180125594076657,-0.0035,0.0478397640258714));
#8355=CARTESIAN_POINT('',(-0.183512001196618,-0.0035,0.0478397640258714));
#8356=CARTESIAN_POINT('',(-0.183512001196618,-0.004,0.0478397640258714));
#8357=CARTESIAN_POINT('',(-0.179625594076657,-0.004,0.0478397640258714));
#8358=CARTESIAN_POINT('',(-0.167396270384075,-0.004,0.0761828866437424));
#8359=CARTESIAN_POINT('',(-0.167396270384075,-0.0015,0.0761828866437424));
#8360=CARTESIAN_POINT('',(-0.166562966158326,-0.0015,0.0776262119009017));
#8361=CARTESIAN_POINT('',(-0.216115730812543,-0.0015,0.0476248350011497));
#8362=CARTESIAN_POINT('',(-0.167396270384075,-0.0015,0.0761828866437424));
#8363=CARTESIAN_POINT('',(-0.165703066824095,-0.0015,0.0791156012371849));
#8364=CARTESIAN_POINT('',(-0.167396270384075,-0.004,0.0761828866437424));
#8365=CARTESIAN_POINT('',(-0.167396270384075,-0.0035,0.0761828866437424));
#8366=CARTESIAN_POINT('',(-0.165703066824095,-0.0035,0.0791156012371849));
#8367=CARTESIAN_POINT('',(-0.167396270384075,-0.0035,0.0761828866437424));
#8368=CARTESIAN_POINT('',(-0.167396270384075,-0.004,0.0761828866437424));
#8369=CARTESIAN_POINT('',(-0.165453066824095,-0.004,0.0795486139390771));
#8370=CARTESIAN_POINT('',(-0.183884269187457,-0.004,0.104311080236892));
#8371=CARTESIAN_POINT('',(-0.183884269187457,-0.0015,0.104311080236892));
#8372=CARTESIAN_POINT('',(-0.184717573413206,-0.0015,0.105754405494051));
#8373=CARTESIAN_POINT('',(-0.216115730812543,-0.0015,0.0476248350011497));
#8374=CARTESIAN_POINT('',(-0.183884269187457,-0.0015,0.104311080236892));
#8375=CARTESIAN_POINT('',(-0.185577472747437,-0.0015,0.107243794830334));
#8376=CARTESIAN_POINT('',(-0.183884269187457,-0.004,0.104311080236892));
#8377=CARTESIAN_POINT('',(-0.183884269187457,-0.0035,0.104311080236892));
#8378=CARTESIAN_POINT('',(-0.185577472747437,-0.0035,0.107243794830334));
#8379=CARTESIAN_POINT('',(-0.183884269187457,-0.0035,0.104311080236892));
#8380=CARTESIAN_POINT('',(-0.183884269187457,-0.004,0.104311080236892));
#8381=CARTESIAN_POINT('',(-0.185827472747437,-0.004,0.107676807532226));
#8382=CARTESIAN_POINT('',(-0.2,0.,0.0759679576190208));
#8383=CARTESIAN_POINT('',(-0.2,0.,0.0759679576190208));
#8384=CARTESIAN_POINT('',(-0.186499999798834,0.,0.0759679576190208));
#8385=CARTESIAN_POINT('',(-0.187202919542951,-6.4438720377917E-20,0.0706672333349315));
#8386=CARTESIAN_POINT('',(-0.186148539926776,-9.46067738109112E-22,0.0759679576190207));
#8387=CARTESIAN_POINT('',(-0.187202919542951,6.82229913303533E-20,0.08126868190311));
#8388=CARTESIAN_POINT('',(-0.190205538652889,1.32538094603378E-19,0.085762418966132));
#8389=CARTESIAN_POINT('',(-0.194699275715911,1.8220785062551E-19,0.0887650380760696));
#8390=CARTESIAN_POINT('',(-0.2,2.09670489299839E-19,0.0898194176922447));
#8391=CARTESIAN_POINT('',(-0.205300724284089,2.10745072837639E-19,0.0887650380760696));
#8392=CARTESIAN_POINT('',(-0.209794461347111,1.85268005636403E-19,0.0857624189661322));
#8393=CARTESIAN_POINT('',(-0.212797080457049,1.3711794022733E-19,0.0812686819031102));
#8394=CARTESIAN_POINT('',(-0.213851460073224,7.36252875875216E-20,0.0759679576190209));
#8395=CARTESIAN_POINT('',(-0.212797080457049,4.4562285190593E-21,0.0706672333349316));
#8396=CARTESIAN_POINT('',(-0.209794461347111,-5.98588747539653E-20,0.0661734962719096));
#8397=CARTESIAN_POINT('',(-0.205300724284089,-1.09528630776097E-19,0.063170877161972));
#8398=CARTESIAN_POINT('',(-0.2,-1.36991269450427E-19,0.0621164975457969));
#8399=CARTESIAN_POINT('',(-0.194699275715911,-1.38065852988227E-19,0.063170877161972));
#8400=CARTESIAN_POINT('',(-0.190205538652889,-1.1258878578699E-19,0.0661734962719094));
#8401=CARTESIAN_POINT('',(-0.187202919542951,-6.4438720377917E-20,0.0706672333349315));
#8402=CARTESIAN_POINT('',(-0.186148539926776,-9.46067738109112E-22,0.0759679576190207));
#8403=CARTESIAN_POINT('',(-0.187202919542951,6.82229913303533E-20,0.08126868190311));
#8404=CARTESIAN_POINT('',(-0.186745241760162,-0.0001716863246369,0.0704776569901035));
#8405=CARTESIAN_POINT('',(-0.185653153064438,-0.000171686324636901,0.0759679576190207));
#8406=CARTESIAN_POINT('',(-0.186745241760162,-0.000171686324636901,0.081458258247938));
#8407=CARTESIAN_POINT('',(-0.189855247243219,-0.0001716863246369,0.0861127103758018));
#8408=CARTESIAN_POINT('',(-0.194509699371083,-0.0001716863246369,0.0892227158588584));
#8409=CARTESIAN_POINT('',(-0.2,-0.0001716863246369,0.0903148045545824));
#8410=CARTESIAN_POINT('',(-0.205490300628917,-0.0001716863246369,0.0892227158588585));
#8411=CARTESIAN_POINT('',(-0.210144752756781,-0.0001716863246369,0.0861127103758019));
#8412=CARTESIAN_POINT('',(-0.213254758239838,-0.0001716863246369,0.0814582582479382));
#8413=CARTESIAN_POINT('',(-0.214346846935562,-0.000171686324636901,0.0759679576190209));
#8414=CARTESIAN_POINT('',(-0.213254758239838,-0.0001716863246369,0.0704776569901036));
#8415=CARTESIAN_POINT('',(-0.210144752756781,-0.000171686324636901,0.0658232048622399));
#8416=CARTESIAN_POINT('',(-0.205490300628918,-0.000171686324636901,0.0627131993791832));
#8417=CARTESIAN_POINT('',(-0.2,-0.000171686324636901,0.0616211106834592));
#8418=CARTESIAN_POINT('',(-0.194509699371083,-0.000171686324636901,0.0627131993791831));
#8419=CARTESIAN_POINT('',(-0.189855247243219,-0.000171686324636901,0.0658232048622397));
#8420=CARTESIAN_POINT('',(-0.186745241760162,-0.0001716863246369,0.0704776569901035));
#8421=CARTESIAN_POINT('',(-0.185653153064438,-0.000171686324636901,0.0759679576190207));
#8422=CARTESIAN_POINT('',(-0.186745241760162,-0.000171686324636901,0.081458258247938));
#8423=CARTESIAN_POINT('',(-0.186211116219565,-0.000467300600396427,0.0702564149471783));
#8424=CARTESIAN_POINT('',(-0.185075019745319,-0.000467300600396427,0.0759679576190206));
#8425=CARTESIAN_POINT('',(-0.186211116219565,-0.000467300600396427,0.0816795002908632));
#8426=CARTESIAN_POINT('',(-0.18944644525284,-0.000467300600396427,0.0865215123661809));
#8427=CARTESIAN_POINT('',(-0.194288457328157,-0.000467300600396427,0.0897568413994555));
#8428=CARTESIAN_POINT('',(-0.2,-0.000467300600396427,0.0908929378737017));
#8429=CARTESIAN_POINT('',(-0.205711542671842,-0.000467300600396427,0.0897568413994556));
#8430=CARTESIAN_POINT('',(-0.21055355474716,-0.000467300600396427,0.0865215123661811));
#8431=CARTESIAN_POINT('',(-0.213788883780435,-0.000467300600396426,0.0816795002908633));
#8432=CARTESIAN_POINT('',(-0.214924980254681,-0.000467300600396427,0.0759679576190209));
#8433=CARTESIAN_POINT('',(-0.213788883780435,-0.000467300600396427,0.0702564149471784));
#8434=CARTESIAN_POINT('',(-0.21055355474716,-0.000467300600396426,0.0654144028718606));
#8435=CARTESIAN_POINT('',(-0.205711542671843,-0.000467300600396427,0.062179073838586));
#8436=CARTESIAN_POINT('',(-0.2,-0.000467300600396427,0.0610429773643398));
#8437=CARTESIAN_POINT('',(-0.194288457328158,-0.000467300600396427,0.062179073838586));
#8438=CARTESIAN_POINT('',(-0.18944644525284,-0.000467300600396427,0.0654144028718605));
#8439=CARTESIAN_POINT('',(-0.186211116219565,-0.000467300600396427,0.0702564149471783));
#8440=CARTESIAN_POINT('',(-0.185075019745319,-0.000467300600396427,0.0759679576190206));
#8441=CARTESIAN_POINT('',(-0.186211116219565,-0.000467300600396427,0.0816795002908632));
#8442=CARTESIAN_POINT('',(-0.185658874035326,-0.00107995805943918,0.0700276687447516));
#8443=CARTESIAN_POINT('',(-0.184477277112425,-0.00107995805943918,0.0759679576190207));
#8444=CARTESIAN_POINT('',(-0.185658874035325,-0.00107995805943918,0.0819082464932899));
#8445=CARTESIAN_POINT('',(-0.189023777383716,-0.00107995805943918,0.0869441802353043));
#8446=CARTESIAN_POINT('',(-0.194059711125731,-0.00107995805943918,0.0903090835836954));
#8447=CARTESIAN_POINT('',(-0.2,-0.00107995805943918,0.0914906805065953));
#8448=CARTESIAN_POINT('',(-0.205940288874269,-0.00107995805943918,0.0903090835836955));
#8449=CARTESIAN_POINT('',(-0.210976222616284,-0.00107995805943918,0.0869441802353045));
#8450=CARTESIAN_POINT('',(-0.214341125964675,-0.00107995805943918,0.0819082464932901));
#8451=CARTESIAN_POINT('',(-0.215522722887575,-0.00107995805943918,0.0759679576190209));
#8452=CARTESIAN_POINT('',(-0.214341125964675,-0.00107995805943918,0.0700276687447517));
#8453=CARTESIAN_POINT('',(-0.210976222616284,-0.00107995805943918,0.0649917350027373));
#8454=CARTESIAN_POINT('',(-0.205940288874269,-0.00107995805943918,0.0616268316543462));
#8455=CARTESIAN_POINT('',(-0.2,-0.00107995805943918,0.0604452347314463));
#8456=CARTESIAN_POINT('',(-0.194059711125731,-0.00107995805943918,0.0616268316543462));
#8457=CARTESIAN_POINT('',(-0.189023777383716,-0.00107995805943918,0.0649917350027372));
#8458=CARTESIAN_POINT('',(-0.185658874035326,-0.00107995805943918,0.0700276687447516));
#8459=CARTESIAN_POINT('',(-0.184477277112425,-0.00107995805943918,0.0759679576190207));
#8460=CARTESIAN_POINT('',(-0.185658874035325,-0.00107995805943918,0.0819082464932899));
#8461=CARTESIAN_POINT('',(-0.185225741473473,-0.00171048063082385,0.069848259363327));
#8462=CARTESIAN_POINT('',(-0.184008457805784,-0.00171048063082385,0.0759679576190207));
#8463=CARTESIAN_POINT('',(-0.185225741473473,-0.00171048063082385,0.0820876558747145));
#8464=CARTESIAN_POINT('',(-0.188692272072839,-0.00171048063082385,0.0872756855461817));
#8465=CARTESIAN_POINT('',(-0.193880301744306,-0.00171048063082385,0.0907422161455477));
#8466=CARTESIAN_POINT('',(-0.2,-0.00171048063082385,0.0919594998132369));
#8467=CARTESIAN_POINT('',(-0.206119698255694,-0.00171048063082385,0.0907422161455478));
#8468=CARTESIAN_POINT('',(-0.211307727927161,-0.00171048063082385,0.0872756855461819));
#8469=CARTESIAN_POINT('',(-0.214774258526527,-0.00171048063082385,0.0820876558747147));
#8470=CARTESIAN_POINT('',(-0.215991542194216,-0.00171048063082385,0.0759679576190209));
#8471=CARTESIAN_POINT('',(-0.214774258526527,-0.00171048063082385,0.0698482593633271));
#8472=CARTESIAN_POINT('',(-0.211307727927161,-0.00171048063082385,0.0646602296918599));
#8473=CARTESIAN_POINT('',(-0.206119698255694,-0.00171048063082385,0.061193699092494));
#8474=CARTESIAN_POINT('',(-0.2,-0.00171048063082385,0.0599764154248047));
#8475=CARTESIAN_POINT('',(-0.193880301744306,-0.00171048063082385,0.0611936990924939));
#8476=CARTESIAN_POINT('',(-0.188692272072839,-0.00171048063082385,0.0646602296918597));
#8477=CARTESIAN_POINT('',(-0.185225741473473,-0.00171048063082385,0.069848259363327));
#8478=CARTESIAN_POINT('',(-0.184008457805784,-0.00171048063082385,0.0759679576190207));
#8479=CARTESIAN_POINT('',(-0.185225741473473,-0.00171048063082385,0.0820876558747145));
#8480=CARTESIAN_POINT('',(-0.184849518511431,-0.00235943532197567,0.0696924227099731));
#8481=CARTESIAN_POINT('',(-0.183601237006099,-0.00235943532197566,0.0759679576190206));
#8482=CARTESIAN_POINT('',(-0.184849518511431,-0.00235943532197566,0.0822434925280685));
#8483=CARTESIAN_POINT('',(-0.188404323483941,-0.00235943532197566,0.0875636341350792));
#8484=CARTESIAN_POINT('',(-0.193724465090952,-0.00235943532197566,0.0911184391075896));
#8485=CARTESIAN_POINT('',(-0.2,-0.00235943532197566,0.0923667206129219));
#8486=CARTESIAN_POINT('',(-0.206275534909048,-0.00235943532197566,0.0911184391075897));
#8487=CARTESIAN_POINT('',(-0.211595676516058,-0.00235943532197567,0.0875636341350794));
#8488=CARTESIAN_POINT('',(-0.215150481488569,-0.00235943532197566,0.0822434925280686));
#8489=CARTESIAN_POINT('',(-0.216398762993901,-0.00235943532197566,0.0759679576190209));
#8490=CARTESIAN_POINT('',(-0.215150481488569,-0.00235943532197566,0.0696924227099732));
#8491=CARTESIAN_POINT('',(-0.211595676516059,-0.00235943532197566,0.0643722811029623));
#8492=CARTESIAN_POINT('',(-0.206275534909048,-0.00235943532197566,0.060817476130452));
#8493=CARTESIAN_POINT('',(-0.2,-0.00235943532197566,0.0595691946251196));
#8494=CARTESIAN_POINT('',(-0.193724465090952,-0.00235943532197567,0.0608174761304519));
#8495=CARTESIAN_POINT('',(-0.188404323483942,-0.00235943532197566,0.0643722811029621));
#8496=CARTESIAN_POINT('',(-0.184849518511431,-0.00235943532197567,0.0696924227099731));
#8497=CARTESIAN_POINT('',(-0.183601237006099,-0.00235943532197566,0.0759679576190206));
#8498=CARTESIAN_POINT('',(-0.184849518511431,-0.00235943532197566,0.0822434925280685));
#8499=CARTESIAN_POINT('',(-0.184562894433418,-0.00303464945261442,0.0695736991295572));
#8500=CARTESIAN_POINT('',(-0.183290997339641,-0.00303464945261441,0.0759679576190206));
#8501=CARTESIAN_POINT('',(-0.184562894433418,-0.00303464945261442,0.0823622161084843));
#8502=CARTESIAN_POINT('',(-0.188184950911996,-0.00303464945261441,0.0877830067070246));
#8503=CARTESIAN_POINT('',(-0.193605741510536,-0.00303464945261442,0.0914050631856031));
#8504=CARTESIAN_POINT('',(-0.2,-0.00303464945261442,0.0926769602793798));
#8505=CARTESIAN_POINT('',(-0.206394258489463,-0.00303464945261442,0.0914050631856031));
#8506=CARTESIAN_POINT('',(-0.211815049088004,-0.00303464945261442,0.0877830067070249));
#8507=CARTESIAN_POINT('',(-0.215437105566582,-0.00303464945261442,0.0823622161084844));
#8508=CARTESIAN_POINT('',(-0.216709002660359,-0.00303464945261442,0.0759679576190209));
#8509=CARTESIAN_POINT('',(-0.215437105566582,-0.00303464945261442,0.0695736991295573));
#8510=CARTESIAN_POINT('',(-0.211815049088004,-0.00303464945261441,0.064152908531017));
#8511=CARTESIAN_POINT('',(-0.206394258489464,-0.00303464945261442,0.0605308520524385));
#8512=CARTESIAN_POINT('',(-0.2,-0.00303464945261442,0.0592589549586618));
#8513=CARTESIAN_POINT('',(-0.193605741510537,-0.00303464945261442,0.0605308520524384));
#8514=CARTESIAN_POINT('',(-0.188184950911996,-0.00303464945261442,0.0641529085310168));
#8515=CARTESIAN_POINT('',(-0.184562894433418,-0.00303464945261442,0.0695736991295572));
#8516=CARTESIAN_POINT('',(-0.183290997339641,-0.00303464945261441,0.0759679576190206));
#8517=CARTESIAN_POINT('',(-0.184562894433418,-0.00303464945261442,0.0823622161084843));
#8518=CARTESIAN_POINT('',(-0.184452472416426,-0.00355091708709579,0.0695279608325345));
#8519=CARTESIAN_POINT('',(-0.183171477409708,-0.00355091708709579,0.0759679576190207));
#8520=CARTESIAN_POINT('',(-0.184452472416426,-0.00355091708709579,0.0824079544055071));
#8521=CARTESIAN_POINT('',(-0.188100437559054,-0.00355091708709579,0.087867520059967));
#8522=CARTESIAN_POINT('',(-0.193560003213514,-0.00355091708709579,0.0915154852025951));
#8523=CARTESIAN_POINT('',(-0.2,-0.00355091708709579,0.0927964802093126));
#8524=CARTESIAN_POINT('',(-0.206439996786486,-0.00355091708709579,0.0915154852025953));
#8525=CARTESIAN_POINT('',(-0.211899562440946,-0.00355091708709579,0.0878675200599672));
#8526=CARTESIAN_POINT('',(-0.215547527583574,-0.00355091708709579,0.0824079544055072));
#8527=CARTESIAN_POINT('',(-0.216828522590292,-0.00355091708709579,0.0759679576190209));
#8528=CARTESIAN_POINT('',(-0.215547527583574,-0.00355091708709579,0.0695279608325346));
#8529=CARTESIAN_POINT('',(-0.211899562440946,-0.00355091708709579,0.0640683951780746));
#8530=CARTESIAN_POINT('',(-0.206439996786487,-0.00355091708709579,0.0604204300354465));
#8531=CARTESIAN_POINT('',(-0.2,-0.00355091708709579,0.059139435028729));
#8532=CARTESIAN_POINT('',(-0.193560003213514,-0.00355091708709579,0.0604204300354464));
#8533=CARTESIAN_POINT('',(-0.188100437559054,-0.00355091708709579,0.0640683951780744));
#8534=CARTESIAN_POINT('',(-0.184452472416426,-0.00355091708709579,0.0695279608325345));
#8535=CARTESIAN_POINT('',(-0.183171477409708,-0.00355091708709579,0.0759679576190207));
#8536=CARTESIAN_POINT('',(-0.184452472416426,-0.00355091708709579,0.0824079544055071));
#8537=CARTESIAN_POINT('',(-0.184359123885829,-0.00400000005960464,0.0694892946051338));
#8538=CARTESIAN_POINT('',(-0.183070437688282,-0.00400000005960463,0.0759679576190207));
#8539=CARTESIAN_POINT('',(-0.184359123885829,-0.00400000005960463,0.0824466206329077));
#8540=CARTESIAN_POINT('',(-0.188028991686864,-0.00400000005960463,0.0879389659321568));
#8541=CARTESIAN_POINT('',(-0.193521336986113,-0.00400000005960464,0.0916088337331916));
#8542=CARTESIAN_POINT('',(-0.2,-0.00400000005960463,0.0928975199307389));
#8543=CARTESIAN_POINT('',(-0.206478663013887,-0.00400000005960464,0.0916088337331917));
#8544=CARTESIAN_POINT('',(-0.211971008313136,-0.00400000005960464,0.0879389659321569));
#8545=CARTESIAN_POINT('',(-0.215640876114171,-0.00400000005960463,0.0824466206329078));
#8546=CARTESIAN_POINT('',(-0.216929562311718,-0.00400000005960463,0.0759679576190209));
#8547=CARTESIAN_POINT('',(-0.215640876114171,-0.00400000005960464,0.0694892946051339));
#8548=CARTESIAN_POINT('',(-0.211971008313136,-0.00400000005960463,0.0639969493058848));
#8549=CARTESIAN_POINT('',(-0.206478663013887,-0.00400000005960464,0.06032708150485));
#8550=CARTESIAN_POINT('',(-0.2,-0.00400000005960463,0.0590383953073027));
#8551=CARTESIAN_POINT('',(-0.193521336986113,-0.00400000005960464,0.0603270815048499));
#8552=CARTESIAN_POINT('',(-0.188028991686864,-0.00400000005960463,0.0639969493058846));
#8553=CARTESIAN_POINT('',(-0.184359123885829,-0.00400000005960464,0.0694892946051338));
#8554=CARTESIAN_POINT('',(-0.183070437688282,-0.00400000005960463,0.0759679576190207));
#8555=CARTESIAN_POINT('',(-0.184359123885829,-0.00400000005960463,0.0824466206329077));
#8556=CARTESIAN_POINT('',(-0.2,-0.00400000005960464,0.0759679576190208));
#8557=CARTESIAN_POINT('',(-0.216500000245869,-0.00400000005960464,0.0759679576190208));
#8558=CARTESIAN_POINT('',(-0.2,0.,0.0759679576190208));
#8559=CARTESIAN_POINT('',(-0.2,-0.0037,0.0759679576190208));
#8560=CARTESIAN_POINT('',(-0.163,-0.0037,0.0759679576190208));
#8561=CARTESIAN_POINT('',(-0.2,-0.004,0.0759679576190208));
#8562=CARTESIAN_POINT('',(-0.2,-0.004,0.0759679576190208));
#8563=CARTESIAN_POINT('',(-0.1633,-0.004,0.0759679576190208));
#8564=CARTESIAN_POINT('',(-0.2,-0.00385,0.0759679576190208));
#8565=MECHANICAL_DESIGN_GEOMETRIC_PRESENTATION_REPRESENTATION('',(#4327,
#455,#456,#457,#458,#459,#460,#461,#462,#463,#464),#8577);
#8566=MECHANICAL_DESIGN_GEOMETRIC_PRESENTATION_REPRESENTATION('',(#4328,
#465,#466,#467,#468,#469,#470,#471,#472,#473,#474),#8578);
#8567=MECHANICAL_DESIGN_GEOMETRIC_PRESENTATION_REPRESENTATION('',(#4329,
#475,#476,#477,#478,#479,#480,#481,#482,#483,#484,#485,#486,#487,#488),
#8579);
#8568=MECHANICAL_DESIGN_GEOMETRIC_PRESENTATION_REPRESENTATION('',(#4330,
#489,#490,#491,#492,#493,#494,#495,#496,#497,#498),#8580);
#8569=MECHANICAL_DESIGN_GEOMETRIC_PRESENTATION_REPRESENTATION('',(#4331),
#8581);
#8570=MECHANICAL_DESIGN_GEOMETRIC_PRESENTATION_REPRESENTATION('',(#4332,
#499,#500,#501,#502,#503,#504,#505,#506,#507,#508),#8582);
#8571=MECHANICAL_DESIGN_GEOMETRIC_PRESENTATION_REPRESENTATION('',(#4333),
#8583);
#8572=MECHANICAL_DESIGN_GEOMETRIC_PRESENTATION_REPRESENTATION('',(#4334,
#509,#510),#8584);
#8573=MECHANICAL_DESIGN_GEOMETRIC_PRESENTATION_REPRESENTATION('',(#4335,
#511,#512,#513,#514,#515,#516,#517,#518,#519,#520,#521,#522,#523,#524),
#8585);
#8574=MECHANICAL_DESIGN_GEOMETRIC_PRESENTATION_REPRESENTATION('',(#4336,
#525,#526),#8586);
#8575=MECHANICAL_DESIGN_GEOMETRIC_PRESENTATION_REPRESENTATION('',(#4337),
#8587);
#8576=MECHANICAL_DESIGN_GEOMETRIC_PRESENTATION_REPRESENTATION('',(#4338),
#8588);
#8577=(
GEOMETRIC_REPRESENTATION_CONTEXT(3)
GLOBAL_UNCERTAINTY_ASSIGNED_CONTEXT((#8589))
GLOBAL_UNIT_ASSIGNED_CONTEXT((#8625,#8613,#8601))
REPRESENTATION_CONTEXT('CSS LD22 v3','TOP_LEVEL_ASSEMBLY_PART')
);
#8578=(
GEOMETRIC_REPRESENTATION_CONTEXT(3)
GLOBAL_UNCERTAINTY_ASSIGNED_CONTEXT((#8590))
GLOBAL_UNIT_ASSIGNED_CONTEXT((#8626,#8614,#8602))
REPRESENTATION_CONTEXT('CSS LD22 v3','TOP_LEVEL_ASSEMBLY_PART')
);
#8579=(
GEOMETRIC_REPRESENTATION_CONTEXT(3)
GLOBAL_UNCERTAINTY_ASSIGNED_CONTEXT((#8591))
GLOBAL_UNIT_ASSIGNED_CONTEXT((#8627,#8615,#8603))
REPRESENTATION_CONTEXT('altavoz10cm','TOP_LEVEL_ASSEMBLY_PART')
);
#8580=(
GEOMETRIC_REPRESENTATION_CONTEXT(3)
GLOBAL_UNCERTAINTY_ASSIGNED_CONTEXT((#8592))
GLOBAL_UNIT_ASSIGNED_CONTEXT((#8628,#8616,#8604))
REPRESENTATION_CONTEXT('CSS LD22 v3','TOP_LEVEL_ASSEMBLY_PART')
);
#8581=(
GEOMETRIC_REPRESENTATION_CONTEXT(3)
GLOBAL_UNCERTAINTY_ASSIGNED_CONTEXT((#8593))
GLOBAL_UNIT_ASSIGNED_CONTEXT((#8629,#8617,#8605))
REPRESENTATION_CONTEXT('Part 6','TOP_LEVEL_ASSEMBLY_PART')
);
#8582=(
GEOMETRIC_REPRESENTATION_CONTEXT(3)
GLOBAL_UNCERTAINTY_ASSIGNED_CONTEXT((#8594))
GLOBAL_UNIT_ASSIGNED_CONTEXT((#8630,#8618,#8606))
REPRESENTATION_CONTEXT('CSS LD22 v3','TOP_LEVEL_ASSEMBLY_PART')
);
#8583=(
GEOMETRIC_REPRESENTATION_CONTEXT(3)
GLOBAL_UNCERTAINTY_ASSIGNED_CONTEXT((#8595))
GLOBAL_UNIT_ASSIGNED_CONTEXT((#8631,#8619,#8607))
REPRESENTATION_CONTEXT('Part 1','TOP_LEVEL_ASSEMBLY_PART')
);
#8584=(
GEOMETRIC_REPRESENTATION_CONTEXT(3)
GLOBAL_UNCERTAINTY_ASSIGNED_CONTEXT((#8596))
GLOBAL_UNIT_ASSIGNED_CONTEXT((#8632,#8620,#8608))
REPRESENTATION_CONTEXT('CSS LD22 v3','TOP_LEVEL_ASSEMBLY_PART')
);
#8585=(
GEOMETRIC_REPRESENTATION_CONTEXT(3)
GLOBAL_UNCERTAINTY_ASSIGNED_CONTEXT((#8597))
GLOBAL_UNIT_ASSIGNED_CONTEXT((#8633,#8621,#8609))
REPRESENTATION_CONTEXT('altavoz10cm','TOP_LEVEL_ASSEMBLY_PART')
);
#8586=(
GEOMETRIC_REPRESENTATION_CONTEXT(3)
GLOBAL_UNCERTAINTY_ASSIGNED_CONTEXT((#8598))
GLOBAL_UNIT_ASSIGNED_CONTEXT((#8634,#8622,#8610))
REPRESENTATION_CONTEXT('CSS LD22 v3','TOP_LEVEL_ASSEMBLY_PART')
);
#8587=(
GEOMETRIC_REPRESENTATION_CONTEXT(3)
GLOBAL_UNCERTAINTY_ASSIGNED_CONTEXT((#8599))
GLOBAL_UNIT_ASSIGNED_CONTEXT((#8635,#8623,#8611))
REPRESENTATION_CONTEXT('CSS LD22 v3','TOP_LEVEL_ASSEMBLY_PART')
);
#8588=(
GEOMETRIC_REPRESENTATION_CONTEXT(3)
GLOBAL_UNCERTAINTY_ASSIGNED_CONTEXT((#8600))
GLOBAL_UNIT_ASSIGNED_CONTEXT((#8636,#8624,#8612))
REPRESENTATION_CONTEXT('CSS LD22 v3','TOP_LEVEL_ASSEMBLY_PART')
);
#8589=UNCERTAINTY_MEASURE_WITH_UNIT(LENGTH_MEASURE(1.E-6),#8625,
'DISTANCE_ACCURACY_VALUE','Maximum Tolerance applied to model');
#8590=UNCERTAINTY_MEASURE_WITH_UNIT(LENGTH_MEASURE(1.E-6),#8626,
'DISTANCE_ACCURACY_VALUE','Maximum Tolerance applied to model');
#8591=UNCERTAINTY_MEASURE_WITH_UNIT(LENGTH_MEASURE(2.E-5),#8627,
'DISTANCE_ACCURACY_VALUE','Maximum Tolerance applied to model');
#8592=UNCERTAINTY_MEASURE_WITH_UNIT(LENGTH_MEASURE(1.E-6),#8628,
'DISTANCE_ACCURACY_VALUE','Maximum Tolerance applied to model');
#8593=UNCERTAINTY_MEASURE_WITH_UNIT(LENGTH_MEASURE(1.E-8),#8629,
'DISTANCE_ACCURACY_VALUE','Maximum Tolerance applied to model');
#8594=UNCERTAINTY_MEASURE_WITH_UNIT(LENGTH_MEASURE(1.E-6),#8630,
'DISTANCE_ACCURACY_VALUE','Maximum Tolerance applied to model');
#8595=UNCERTAINTY_MEASURE_WITH_UNIT(LENGTH_MEASURE(1.E-8),#8631,
'DISTANCE_ACCURACY_VALUE','Maximum Tolerance applied to model');
#8596=UNCERTAINTY_MEASURE_WITH_UNIT(LENGTH_MEASURE(2.E-5),#8632,
'DISTANCE_ACCURACY_VALUE','Maximum Tolerance applied to model');
#8597=UNCERTAINTY_MEASURE_WITH_UNIT(LENGTH_MEASURE(2.E-5),#8633,
'DISTANCE_ACCURACY_VALUE','Maximum Tolerance applied to model');
#8598=UNCERTAINTY_MEASURE_WITH_UNIT(LENGTH_MEASURE(2.E-5),#8634,
'DISTANCE_ACCURACY_VALUE','Maximum Tolerance applied to model');
#8599=UNCERTAINTY_MEASURE_WITH_UNIT(LENGTH_MEASURE(2.E-5),#8635,
'DISTANCE_ACCURACY_VALUE','Maximum Tolerance applied to model');
#8600=UNCERTAINTY_MEASURE_WITH_UNIT(LENGTH_MEASURE(2.E-5),#8636,
'DISTANCE_ACCURACY_VALUE','Maximum Tolerance applied to model');
#8601=(
NAMED_UNIT(*)
SI_UNIT($,.STERADIAN.)
SOLID_ANGLE_UNIT()
);
#8602=(
NAMED_UNIT(*)
SI_UNIT($,.STERADIAN.)
SOLID_ANGLE_UNIT()
);
#8603=(
NAMED_UNIT(*)
SI_UNIT($,.STERADIAN.)
SOLID_ANGLE_UNIT()
);
#8604=(
NAMED_UNIT(*)
SI_UNIT($,.STERADIAN.)
SOLID_ANGLE_UNIT()
);
#8605=(
NAMED_UNIT(*)
SI_UNIT($,.STERADIAN.)
SOLID_ANGLE_UNIT()
);
#8606=(
NAMED_UNIT(*)
SI_UNIT($,.STERADIAN.)
SOLID_ANGLE_UNIT()
);
#8607=(
NAMED_UNIT(*)
SI_UNIT($,.STERADIAN.)
SOLID_ANGLE_UNIT()
);
#8608=(
NAMED_UNIT(*)
SI_UNIT($,.STERADIAN.)
SOLID_ANGLE_UNIT()
);
#8609=(
NAMED_UNIT(*)
SI_UNIT($,.STERADIAN.)
SOLID_ANGLE_UNIT()
);
#8610=(
NAMED_UNIT(*)
SI_UNIT($,.STERADIAN.)
SOLID_ANGLE_UNIT()
);
#8611=(
NAMED_UNIT(*)
SI_UNIT($,.STERADIAN.)
SOLID_ANGLE_UNIT()
);
#8612=(
NAMED_UNIT(*)
SI_UNIT($,.STERADIAN.)
SOLID_ANGLE_UNIT()
);
#8613=(
NAMED_UNIT(*)
PLANE_ANGLE_UNIT()
SI_UNIT($,.RADIAN.)
);
#8614=(
NAMED_UNIT(*)
PLANE_ANGLE_UNIT()
SI_UNIT($,.RADIAN.)
);
#8615=(
NAMED_UNIT(*)
PLANE_ANGLE_UNIT()
SI_UNIT($,.RADIAN.)
);
#8616=(
NAMED_UNIT(*)
PLANE_ANGLE_UNIT()
SI_UNIT($,.RADIAN.)
);
#8617=(
NAMED_UNIT(*)
PLANE_ANGLE_UNIT()
SI_UNIT($,.RADIAN.)
);
#8618=(
NAMED_UNIT(*)
PLANE_ANGLE_UNIT()
SI_UNIT($,.RADIAN.)
);
#8619=(
NAMED_UNIT(*)
PLANE_ANGLE_UNIT()
SI_UNIT($,.RADIAN.)
);
#8620=(
NAMED_UNIT(*)
PLANE_ANGLE_UNIT()
SI_UNIT($,.RADIAN.)
);
#8621=(
NAMED_UNIT(*)
PLANE_ANGLE_UNIT()
SI_UNIT($,.RADIAN.)
);
#8622=(
NAMED_UNIT(*)
PLANE_ANGLE_UNIT()
SI_UNIT($,.RADIAN.)
);
#8623=(
NAMED_UNIT(*)
PLANE_ANGLE_UNIT()
SI_UNIT($,.RADIAN.)
);
#8624=(
NAMED_UNIT(*)
PLANE_ANGLE_UNIT()
SI_UNIT($,.RADIAN.)
);
#8625=(
LENGTH_UNIT()
NAMED_UNIT(*)
SI_UNIT($,.METRE.)
);
#8626=(
LENGTH_UNIT()
NAMED_UNIT(*)
SI_UNIT($,.METRE.)
);
#8627=(
LENGTH_UNIT()
NAMED_UNIT(*)
SI_UNIT($,.METRE.)
);
#8628=(
LENGTH_UNIT()
NAMED_UNIT(*)
SI_UNIT($,.METRE.)
);
#8629=(
LENGTH_UNIT()
NAMED_UNIT(*)
SI_UNIT($,.METRE.)
);
#8630=(
LENGTH_UNIT()
NAMED_UNIT(*)
SI_UNIT($,.METRE.)
);
#8631=(
LENGTH_UNIT()
NAMED_UNIT(*)
SI_UNIT($,.METRE.)
);
#8632=(
LENGTH_UNIT()
NAMED_UNIT(*)
SI_UNIT($,.METRE.)
);
#8633=(
LENGTH_UNIT()
NAMED_UNIT(*)
SI_UNIT($,.METRE.)
);
#8634=(
LENGTH_UNIT()
NAMED_UNIT(*)
SI_UNIT($,.METRE.)
);
#8635=(
LENGTH_UNIT()
NAMED_UNIT(*)
SI_UNIT($,.METRE.)
);
#8636=(
LENGTH_UNIT()
NAMED_UNIT(*)
SI_UNIT($,.METRE.)
);
#8637=PRODUCT_DEFINITION_SHAPE('','',#8649);
#8638=PRODUCT_DEFINITION_SHAPE('','',#8650);
#8639=PRODUCT_DEFINITION_SHAPE('','',#8651);
#8640=PRODUCT_DEFINITION_SHAPE('','',#8652);
#8641=PRODUCT_DEFINITION_SHAPE('','',#8653);
#8642=PRODUCT_DEFINITION_SHAPE('','',#8654);
#8643=PRODUCT_DEFINITION_SHAPE('','',#8655);
#8644=PRODUCT_DEFINITION_SHAPE('','',#8656);
#8645=PRODUCT_DEFINITION_SHAPE('','',#8657);
#8646=PRODUCT_DEFINITION_SHAPE('','',#8658);
#8647=PRODUCT_DEFINITION_SHAPE('','',#8659);
#8648=PRODUCT_DEFINITION_SHAPE('','',#8660);
#8649=PRODUCT_DEFINITION('','',#8673,#8661);
#8650=PRODUCT_DEFINITION('','',#8674,#8662);
#8651=PRODUCT_DEFINITION('','',#8675,#8663);
#8652=PRODUCT_DEFINITION('','',#8676,#8664);
#8653=PRODUCT_DEFINITION('','',#8677,#8665);
#8654=PRODUCT_DEFINITION('','',#8678,#8666);
#8655=PRODUCT_DEFINITION('','',#8679,#8667);
#8656=PRODUCT_DEFINITION('','',#8680,#8668);
#8657=PRODUCT_DEFINITION('','',#8681,#8669);
#8658=PRODUCT_DEFINITION('','',#8682,#8670);
#8659=PRODUCT_DEFINITION('','',#8683,#8671);
#8660=PRODUCT_DEFINITION('','',#8684,#8672);
#8661=PRODUCT_DEFINITION_CONTEXT('',#8745,'design');
#8662=PRODUCT_DEFINITION_CONTEXT('',#8746,'design');
#8663=PRODUCT_DEFINITION_CONTEXT('',#8747,'design');
#8664=PRODUCT_DEFINITION_CONTEXT('',#8748,'design');
#8665=PRODUCT_DEFINITION_CONTEXT('',#8749,'design');
#8666=PRODUCT_DEFINITION_CONTEXT('',#8750,'design');
#8667=PRODUCT_DEFINITION_CONTEXT('',#8751,'design');
#8668=PRODUCT_DEFINITION_CONTEXT('',#8752,'design');
#8669=PRODUCT_DEFINITION_CONTEXT('',#8753,'design');
#8670=PRODUCT_DEFINITION_CONTEXT('',#8754,'design');
#8671=PRODUCT_DEFINITION_CONTEXT('',#8755,'design');
#8672=PRODUCT_DEFINITION_CONTEXT('',#8756,'design');
#8673=PRODUCT_DEFINITION_FORMATION_WITH_SPECIFIED_SOURCE('','',#8697,
 .NOT_KNOWN.);
#8674=PRODUCT_DEFINITION_FORMATION_WITH_SPECIFIED_SOURCE('','',#8698,
 .NOT_KNOWN.);
#8675=PRODUCT_DEFINITION_FORMATION_WITH_SPECIFIED_SOURCE('','',#8699,
 .NOT_KNOWN.);
#8676=PRODUCT_DEFINITION_FORMATION_WITH_SPECIFIED_SOURCE('','',#8700,
 .NOT_KNOWN.);
#8677=PRODUCT_DEFINITION_FORMATION_WITH_SPECIFIED_SOURCE('','',#8701,
 .NOT_KNOWN.);
#8678=PRODUCT_DEFINITION_FORMATION_WITH_SPECIFIED_SOURCE('','',#8702,
 .NOT_KNOWN.);
#8679=PRODUCT_DEFINITION_FORMATION_WITH_SPECIFIED_SOURCE('','',#8703,
 .NOT_KNOWN.);
#8680=PRODUCT_DEFINITION_FORMATION_WITH_SPECIFIED_SOURCE('','',#8704,
 .NOT_KNOWN.);
#8681=PRODUCT_DEFINITION_FORMATION_WITH_SPECIFIED_SOURCE('','',#8705,
 .NOT_KNOWN.);
#8682=PRODUCT_DEFINITION_FORMATION_WITH_SPECIFIED_SOURCE('','',#8706,
 .NOT_KNOWN.);
#8683=PRODUCT_DEFINITION_FORMATION_WITH_SPECIFIED_SOURCE('','',#8707,
 .NOT_KNOWN.);
#8684=PRODUCT_DEFINITION_FORMATION_WITH_SPECIFIED_SOURCE('','',#8708,
 .NOT_KNOWN.);
#8685=PRODUCT_RELATED_PRODUCT_CATEGORY('','',(#8697));
#8686=PRODUCT_RELATED_PRODUCT_CATEGORY('','',(#8698));
#8687=PRODUCT_RELATED_PRODUCT_CATEGORY('','',(#8699));
#8688=PRODUCT_RELATED_PRODUCT_CATEGORY('','',(#8700));
#8689=PRODUCT_RELATED_PRODUCT_CATEGORY('','',(#8701));
#8690=PRODUCT_RELATED_PRODUCT_CATEGORY('','',(#8702));
#8691=PRODUCT_RELATED_PRODUCT_CATEGORY('','',(#8703));
#8692=PRODUCT_RELATED_PRODUCT_CATEGORY('','',(#8704));
#8693=PRODUCT_RELATED_PRODUCT_CATEGORY('','',(#8705));
#8694=PRODUCT_RELATED_PRODUCT_CATEGORY('','',(#8706));
#8695=PRODUCT_RELATED_PRODUCT_CATEGORY('','',(#8707));
#8696=PRODUCT_RELATED_PRODUCT_CATEGORY('','',(#8708));
#8697=PRODUCT('CSS LD22 v3','CSS LD22 v3','CSS LD22 v3',(#8721));
#8698=PRODUCT('CSS LD22 v3','CSS LD22 v3','CSS LD22 v3',(#8722));
#8699=PRODUCT('altavoz10cm','altavoz10cm','altavoz10cm',(#8723));
#8700=PRODUCT('CSS LD22 v3','CSS LD22 v3','CSS LD22 v3',(#8724));
#8701=PRODUCT('Part 6','Part 6','Part 6',(#8725));
#8702=PRODUCT('CSS LD22 v3','CSS LD22 v3','CSS LD22 v3',(#8726));
#8703=PRODUCT('Part 1','Part 1','Part 1',(#8727));
#8704=PRODUCT('CSS LD22 v3','CSS LD22 v3','CSS LD22 v3',(#8728));
#8705=PRODUCT('altavoz10cm','altavoz10cm','altavoz10cm',(#8729));
#8706=PRODUCT('CSS LD22 v3','CSS LD22 v3','CSS LD22 v3',(#8730));
#8707=PRODUCT('CSS LD22 v3','CSS LD22 v3','CSS LD22 v3',(#8731));
#8708=PRODUCT('CSS LD22 v3','CSS LD22 v3','CSS LD22 v3',(#8732));
#8709=PRODUCT_CATEGORY('','');
#8710=PRODUCT_CATEGORY('','');
#8711=PRODUCT_CATEGORY('','');
#8712=PRODUCT_CATEGORY('','');
#8713=PRODUCT_CATEGORY('','');
#8714=PRODUCT_CATEGORY('','');
#8715=PRODUCT_CATEGORY('','');
#8716=PRODUCT_CATEGORY('','');
#8717=PRODUCT_CATEGORY('','');
#8718=PRODUCT_CATEGORY('','');
#8719=PRODUCT_CATEGORY('','');
#8720=PRODUCT_CATEGORY('','');
#8721=PRODUCT_CONTEXT('',#8745,'mechanical');
#8722=PRODUCT_CONTEXT('',#8746,'mechanical');
#8723=PRODUCT_CONTEXT('',#8747,'mechanical');
#8724=PRODUCT_CONTEXT('',#8748,'mechanical');
#8725=PRODUCT_CONTEXT('',#8749,'mechanical');
#8726=PRODUCT_CONTEXT('',#8750,'mechanical');
#8727=PRODUCT_CONTEXT('',#8751,'mechanical');
#8728=PRODUCT_CONTEXT('',#8752,'mechanical');
#8729=PRODUCT_CONTEXT('',#8753,'mechanical');
#8730=PRODUCT_CONTEXT('',#8754,'mechanical');
#8731=PRODUCT_CONTEXT('',#8755,'mechanical');
#8732=PRODUCT_CONTEXT('',#8756,'mechanical');
#8733=APPLICATION_PROTOCOL_DEFINITION('international standard',
'ap242_managed_model_based_3d_engineering',2020,#8745);
#8734=APPLICATION_PROTOCOL_DEFINITION('international standard',
'ap242_managed_model_based_3d_engineering',2020,#8746);
#8735=APPLICATION_PROTOCOL_DEFINITION('international standard',
'ap242_managed_model_based_3d_engineering',2020,#8747);
#8736=APPLICATION_PROTOCOL_DEFINITION('international standard',
'ap242_managed_model_based_3d_engineering',2020,#8748);
#8737=APPLICATION_PROTOCOL_DEFINITION('international standard',
'ap242_managed_model_based_3d_engineering',2020,#8749);
#8738=APPLICATION_PROTOCOL_DEFINITION('international standard',
'ap242_managed_model_based_3d_engineering',2020,#8750);
#8739=APPLICATION_PROTOCOL_DEFINITION('international standard',
'ap242_managed_model_based_3d_engineering',2020,#8751);
#8740=APPLICATION_PROTOCOL_DEFINITION('international standard',
'ap242_managed_model_based_3d_engineering',2020,#8752);
#8741=APPLICATION_PROTOCOL_DEFINITION('international standard',
'ap242_managed_model_based_3d_engineering',2020,#8753);
#8742=APPLICATION_PROTOCOL_DEFINITION('international standard',
'ap242_managed_model_based_3d_engineering',2020,#8754);
#8743=APPLICATION_PROTOCOL_DEFINITION('international standard',
'ap242_managed_model_based_3d_engineering',2020,#8755);
#8744=APPLICATION_PROTOCOL_DEFINITION('international standard',
'ap242_managed_model_based_3d_engineering',2020,#8756);
#8745=APPLICATION_CONTEXT('managed model based 3d engineering');
#8746=APPLICATION_CONTEXT('managed model based 3d engineering');
#8747=APPLICATION_CONTEXT('managed model based 3d engineering');
#8748=APPLICATION_CONTEXT('managed model based 3d engineering');
#8749=APPLICATION_CONTEXT('managed model based 3d engineering');
#8750=APPLICATION_CONTEXT('managed model based 3d engineering');
#8751=APPLICATION_CONTEXT('managed model based 3d engineering');
#8752=APPLICATION_CONTEXT('managed model based 3d engineering');
#8753=APPLICATION_CONTEXT('managed model based 3d engineering');
#8754=APPLICATION_CONTEXT('managed model based 3d engineering');
#8755=APPLICATION_CONTEXT('managed model based 3d engineering');
#8756=APPLICATION_CONTEXT('managed model based 3d engineering');
ENDSEC;
END-ISO-10303-21;
